Topic,Count,Name,Representation,Representative_Docs
-1,87046,-1_hospital_covid_stress_disease,"['hospital', 'covid', 'stress', 'disease', 'it', 'this', 'that', 'we', 'to', 'be']","[""But I think behind the question there's some concern that you're going to use this as a way to go by and start with some activation, and then you're going to get a quick treatment so you've become something completely different or something quite different from it."", ""I think it's clear that we have many political opportunities to take up a discussion, get data, and get what we want in the discussions here, but it's also, as it has been, changed times that call for a change of approach, as we're talking about and that we don't necessarily agree on what's going on."", ""We're just in that position right now, and it's my focus in this, in terms of the health system that we have a Hospital in an emergency because 200 people are in isolation-and that's where we come to this balance between restrictions and freedom-and then we have to man it.""]"
0,2179,0_european_europe_union_nato,"['european', 'europe', 'union', 'nato', 'eu', 'defence', 'alliance', 'eea', 'states', 'atlantic']","['How does the European Union respond?', 'But what about the European Union, if we were there, at the freedom of business in the European Union, among the countries there?', 'What has the European Union done with many countries?']"
1,1603,1_paritaprevir_son_ingi_daughter,"['paritaprevir', 'son', 'ingi', 'daughter', 'jóhannsson', 'thank', 'friðriksson', 'jónsson', 'helgadóttir', 'gunnarsdóttir']","[""In fact, I am deeply concerned about the possible effects, as the members of the Central Party discussed some details of this matter in 1st, and I heard very good talks from then on. paritaprevir Arndís Anna Kristínardóttir's daughter, Gunnarsdóttir's daughter. paritaprevir In the second discussion, consider the Eyjólfur of the Ármannsson's Son."", ""Thank you. paritaprevir Katrín Friðriksson's son for the questions."", 'Thank you. paritaprevir Jóhann Páll the son of Jóhannsson for his speech here.']"
2,1592,2_ukraine_russia_russian_putin,"['ukraine', 'russia', 'russian', 'putin', 'ukrainian', 'invasion', 'war', 'pútín', 'russians', 'military']","[""But to me it is quite clear that Ukraine has to work on Ukraine's terms."", 'It is my sense that for decades the European community has been no more of a subject than with this Russian invasion of Ukraine.', ""In fact, there is a before and after Putin's attack on Ukraine by Russia.""]"
3,1423,3_italy_italians_italian_brothers,"['italy', 'italians', 'italian', 'brothers', 'viva', 'europe', 'citizens', 'favour', 'families', 'our']","['The problem, however, and the question that we ask ourselves on behalf of the Italians is: what is the foreign policy of the Italian Government?', 'The Italians want a strong state that looks at the interests of Italy today and for the future.', 'In this sense the amendments of Brothers of Italy go.']"
4,1417,4_iceland_icelandic_icelanders_international,"['iceland', 'icelandic', 'icelanders', 'international', 'nations', 'national', 'involvement', 'cooperation', 'security', 'allied']","['What can a little Iceland do about this?', 'What does this say about the government of Iceland?', 'Also in Iceland, we need people.']"
5,1274,5_epidemic_covid_virus_pandemic,"['epidemic', 'covid', 'virus', 'pandemic', 'disease', 'hospital', '19', 'beginning', 'spread', 'consequences']","['But above all-truly dramatic-it is that we still record the greatest number of deaths today compared to the Covid epidemic.', ""I think there's a reason to remind us that although we're on the way out of the epidemic, the situation is that two weeks ago 332 million Covid virus was confirmed in the world, and not all, as we know."", ""Global development contributions adopted in 2020 following the Covid epidemic just to cope with the epidemic's consequences.""]"
6,1266,6_housing_rent_apartments_apartment,"['housing', 'rent', 'apartments', 'apartment', 'homes', 'tenants', 'prices', 'market', 'estate', 'rented']","['If we take a closer look at the position of those with the smallest amount of income and their housing security, I have to refer to the fact that we have been here making reforms of the housing market with the general housing system, building up, and at the lease by housing.', 'I believe that the procedure to take now is to increase the supply of housing to reduce housing prices.', ""This is the government's housing policy.""]"
7,1244,7_energy_electricity_exchange_renewable,"['energy', 'electricity', 'exchange', 'renewable', 'sources', 'efficiency', 'electrical', 'green', 'heat', 'demand']","['How much do we need in our energy exchange?', 'Of course, there is a clear interest in energy exchange, energy sector, but first and last public in the country.', ""We're here to talk about energy and energy policy.""]"
8,1024,8_bank_banks_banking_office,"['bank', 'banks', 'banking', 'office', 'sale', 'county', 'sales', 'collapse', 'sell', 'state']","['Therefore, special laws must be negotiated if a community bank, a state bank with the same tenant policy as any private bank is not a community bank.', 'They all know that there is no real competition between banks, and it will not change by selling one more bank.', 'Such laws require that the bank be a business bank, not an investment bank.']"
9,989,9_fishing_fish_coastal_marine,"['fishing', 'fish', 'coastal', 'marine', 'farms', 'farming', 'sea', 'beach', 'catch', 'fishermen']","['Coastal fishing with Icelanders do not threaten fish stocks.', 'It was talking about a fishing outside of the water, and it was a sea-fishing minister who came and gave an answer to them.', 'Coastal fishing is being limited here, which is not threatening the fish farm by hand fishing.']"
10,894,10_minister_ministers_ministry_highest,"['minister', 'ministers', 'ministry', 'highest', 'answer', 'he', 'his', 'answers', 'himself', 'satisfied']","['I ask a minister: What will he do about this matter?', 'What can we do as political people, the highest? Ministers?', ""But I'd like to ask the highest. Minister on what he's going to do.""]"
11,848,11_school_education_students_teachers,"['school', 'education', 'students', 'teachers', 'university', 'training', 'study', 'courses', 'schools', 'teaching']","['We believe a lot in education and school and we think that more must be invested in education and school, even in economic terms; we cannot intervene in school always on equal terms or even going down.', 'How important it is to have discussions with the school, the play-school system, and high school!', 'A study of high school education and the well-being of high school students has been conducted.']"
12,771,12_bill_bills_articles_think,"['bill', 'bills', 'articles', 'think', 'this', 'main', 'good', 'here', 'don', 'subject']","[""I think it's a very good bill and all."", ""This bill, what's it all about?"", ""That's what this bill is all about.""]"
13,760,13_financial_budget_program_policy,"['financial', 'budget', 'program', 'policy', 'budgets', 'next', 'plan', 'programme', 'year', 'programs']","['They are not part of this financial program.', ""We're here on the government financial policy."", 'That is the policy of this government under this financial program.']"
14,625,14_government_governments_trust_does,"['government', 'governments', 'trust', 'does', 'what', 'responsibility', 'do', 'best', 'political', 'seems']","['But what will the government do?', 'And what will the government do?', ""That's not what this government is all about.""]"
15,618,15_judiciary_magistrates_justice_judicial,"['judiciary', 'magistrates', 'justice', 'judicial', 'magistrate', 'judge', 'judges', 'court', 'trial', 'reform']","[""Let's start with the reform of the judiciary."", 'The magistrates must be the magistrates, also because, unfortunately, we live a chronic lack of the role of the judiciary.', 'Why do we need to reform the judiciary?']"
16,608,16_telecommunications_internet_communications_security,"['telecommunications', 'internet', 'communications', 'security', 'communication', 'telecommunication', 'network', 'phone', 'networks', 'attacks']","['If this is necessary, telecommunications companies and the Internet security team should make a contract for the installation and management of the technical monitoring services for the telecommunications company to identify the risks and signals of attacks, corruption and other sources of circumstances that could pose a threat to the security of the telecommunications company and the communications services of the communications company.', ""Then I'm going to deal with the Internet security team, as has been done in some answers: the safety of information, telecommunications and communications services."", ""It's Internet security, it's telecommunications.""]"
17,583,17_sport_sports_activity_psychophysical,"['sport', 'sports', 'activity', 'psychophysical', 'sporting', 'practice', 'constitution', 'educational', 'value', 'physical']","['We are not opposed to sport, but to the propaganda you have done about sport, to the fact that you do not invest in sport and instead-I repeat again-you forced our children to make swabs and vaccines to do sports even outdoors.', 'The value of sport why put it in the Constitution?', 'The Democratic Party has certainly put these issues-the educational value and social value of sport must be the first aspects to remember for sport in the Constitution-and it has as its priority cultural education to respect the other also through sports activity, which is fundamental.']"
18,575,18_senator_why_ask_question,"['senator', 'why', 'ask', 'question', 'what', 'senators', 'he', 'like', 'you', 'me']","['This is the first question for the senator.', ""That's a question. A senator is about."", ""I'd like to ask you what. A senator: If all of this is possible, why not?""]"
19,574,19_approves_annex_followed_senate,"['approves', 'annex', 'followed', 'senate', 'see', 'vote', 'was', 'the', 'count', 'votes']","['( The vote was followed) . The Senate approves. ( See Annex B) .', '( The vote was followed) . The Senate approves. ( See Annex B) .', '( The vote was followed) . The Senate approves. ( See Annex B) .']"
20,569,20_water_drought_irrigation_outflow,"['water', 'drought', 'irrigation', 'outflow', 'rivers', 'ecological', 'agriculture', 'river', 'cubic', 'resource']","[""Waters are expected to be in line with the government's policies on water protection, as shown in a water management programme."", 'Not to go back is also about the issue of the water crisis.', 'You have to choose: much less water for energy production, if this is the way-I think so-; much more water for irrigation use.']"
21,569,21_tax_taxes_income_taxation,"['tax', 'taxes', 'income', 'taxation', 'credits', 'pay', 'reform', 'estate', 'burden', 'system']","['Changes are in the form of public tax doctors, tax reforms, reductions in insurance fees, increases in genetic tax revenues, changes in capital income taxes, and decrease in bank tax.', 'This includes: changes in various tax and tax laws.', 'But that tax is taken from them.']"
22,561,22_bank_iceland_banks_sales,"['bank', 'iceland', 'banks', 'sales', 'sale', 'icelandic', 'banking', 'selling', 'property', 'sold']","[""In fact, how can we give evidence that it is wise for the State to take the money that the state truly has in the banks and, for example, now that it is in the bank? what remains in Iceland banks, and is of significant value, changing it from something that doesn't bring money into the bank of state, such as a bank bank of society?"", 'Did the state pay for Iceland Bank?', 'The bank at Iceland Bank is a very important subject.']"
23,559,23_refugees_refugee_welcome_fleeing,"['refugees', 'refugee', 'welcome', 'fleeing', 'countries', 'syria', 'people', 'flee', 'reception', 'asylum']","['The last support of the plan is about refugees.', ""They're not talking about refugees."", 'I agree with you, too. It is important that we welcome those who come here, and it is important that we be in agreement with the way we welcome the refugees and the refugees because we have received very well the refugees.']"
24,551,24_discussion_discuss_conversation_interesting,"['discussion', 'discuss', 'conversation', 'interesting', 'talk', 'll', 'gonna', 'wanted', 'here', 'want']","[""We're here to have this discussion."", 'But this is just an important discussion here.', ""But that's not the discussion here.""]"
25,538,25_mental_health_hospital_services,"['mental', 'health', 'hospital', 'services', 'psychological', 'care', 'psychiatric', 'illness', '2030', 'psychologists']","['But it is when it comes to mental health and health matters.', 'Finally, I again have the opportunity to talk about my mental-health issues and mental-health services.', 'There is a need for mental health care.']"
26,537,26_investors_sale_qualified_sold,"['investors', 'sale', 'qualified', 'sold', 'buyers', 'professional', 'invitation', 'bought', 'investor', 'buy']","['There was talk of big investors, professional investors, a career for the public in the country.', 'Now it would be time for qualified investors, professional investors, and for this, there would be some arguments.', 'Who were discussed as long-term investors, and who were short-term investors?']"
27,528,27_artists_art_artist_musicians,"['artists', 'art', 'artist', 'musicians', 'entertainment', 'music', 'arts', 'culture', 'covid', 'sector']","['But the list of artists is really very long.', 'At least we were talking about an increase in artists there.', 'But we need to reason as a community on how we can support art, and I especially want to look to new artists, young artists.']"
28,526,28_council_here_members_hall,"['council', 'here', 'members', 'hall', 'at', 'case', 'disrespect', 'matters', 'councilmen', 'matter']","[""I'm here to talk about the council's work."", ""So it's here and there at the council."", ""That's what the council is for.""]"
29,522,29_nursing_older_elderly_home,"['nursing', 'older', 'elderly', 'home', 'age', 'hospital', 'homes', '67', 'aging', 'old']","['But what about being in a nursing home, perhaps in need?', 'We were all over the country with a so-called nursing home.', 'The first stage is public health care and nursing, as well as a nursing home.']"
30,512,30_thank_rapporteurs_commission_mr,"['thank', 'rapporteurs', 'commission', 'mr', 'undersecretary', 'thanks', 'colleagues', 'like', 'rapporteur', 'president']","['I would also like to thank the rapporteurs.', 'Mr President, thank you to the rapporteurs.', 'Mr President, I would like to thank all my colleagues, the Government and the rapporteurs.']"
31,509,31_mr_madam_president_speech,"['mr', 'madam', 'president', 'speech', 'ladies', 'gentlemen', 'my', 'brief', 'honorable', 'thank']","['This is not good, Mr President.', 'Thank you very much, Madam President.', ""What's this for, Mr. President?""]"
32,505,32_pension_fund_pensions_funds,"['pension', 'fund', 'pensions', 'funds', 'pensioner', 'pensioners', 'pay', 'insurance', 'property', 'money']","['There are 7,000 billion in the pension fund today.', 'As we know, we are now taken to a pension fund.', 'They can be in their own pension fund and care for them, but they have no business in the general pension fund.']"
33,496,33_rural_society_communities_areas,"['rural', 'society', 'communities', 'areas', 'income', 'state', 'population', 'community', 'rurals', 'societies']","['The rural population of this country has independent income institutions, different from, for example. a number of rural areas in the North, where a contract is made annually for the cost of rural society.', 'We need to examine the changes in both the rural and the general rural areas.', ""So I'd like to reiterate what I said before, that in my mind the right of rural society is very important and that we are not doing here some work that's going to be on the rights of these rural communities.""]"
34,488,34_women_violence_men_perpetrators,"['women', 'violence', 'men', 'perpetrators', 'rape', 'gender', 'woman', 'sexual', 'feminicide', 'against']","['From this point of view, the report published by the Parliamentary Committee of Inquiry into Femicide, as well as all forms of gender-based violence, on the possible pathways of psychological treatment of men who are the perpetrators of violence against women to whom they are or have been linked by emotional relationships, appears valuable.', 'The strength of Resolution 1325, which is an important document and legal instrument, is its innovative character, because it gives us some basic indications on how to promote a culture that does not discriminate against women, how to take all measures to prevent violence, how to protect women who are victims of violence, how to punish the perpetrators of crimes against women and how to compensate victims of violence.', 'It is, in fact, a matter not of women, but of the country.']"
35,487,35_election_elections_electoral_votes,"['election', 'elections', 'electoral', 'votes', 'referendum', 'spring', 'autumn', 'district', 'voter', 'abstentionism']","['Then there is no later time for a change in election law. In fact, it is far beyond the standard, such as. An OSE or an election-control program in the world has suggested, which is six months or even a year before elections, i.e. that changes in election law are not made after that time to ensure the safety of the election.', ""I was not able to study the Committee's opinion when the election law was passed, when this complete re-election took place, and we had a whole new election, where we made out to have it in two law columns, on the other hand, the U.S. elections and the U.S. elections, it's just a vote, it's all in the same place."", ""It's not a good position to have so short between election election elections and district elections, because I think it's all right for the public to have a little vacation from elections in between.""]"
36,472,36_inflation_rising_growth_prices,"['inflation', 'rising', 'growth', 'prices', 'covid', 'increase', 'groups', 'harshest', 'higher', 'expected']","['The result for all is increased inflation.', ""For these groups, don't 6.2% of inflation just call inflation, or is it, a financial bill or a bill to follow such counter measures?"", 'There are interest increases, with a rate of 6% inflation, but this is an inflation of the government.']"
37,446,37_vaccine_vaccination_covid_vaccines,"['vaccine', 'vaccination', 'covid', 'vaccines', 'vaccinated', 'virus', 'vaccinations', 'obligation', 'vaccinate', 'dose']","['There are also issues related to health needs, as we are talking about children who do not, in fact, have a traditional vaccine type coverage like ours and not just compared to the Covid.', 'What we are about to vote on is the decree-law that introduces until 15 June 2022 the obligation of vaccination against the Covid-19 for subjects aged 50 years or older, obviously excluding those for whom there is a clinical contra-indication to the vaccination under consideration and those who have contracted the Covid.', 'A campaign that-I would like to remind you-has allowed us to achieve one of the highest virus protection results in Europe; 90% of the vaccination population has completed a vaccination cycle, 8% of the population in general has done so, 88 percent of the population over five years old has had vaccination and has protection against Covid.']"
38,444,38_highest_minister_secretary_finance,"['highest', 'minister', 'secretary', 'finance', 'prime', 'ministers', 'epidemic', 'he', 'disease', 'justice']","['But the highest. The minister did well.', ""It's the highest. A secretary of finance who does so."", ""It's the highest. Secretary of finance to know.""]"
39,432,39_explanation_speak_ask_vote,"['explanation', 'speak', 'ask', 'vote', 'you', 'an', 'for', 'to', 'of', 'ether']","['I ask you to speak for an explanation of vote.', 'I ask you to speak for an explanation of vote.', 'I ask you to speak for an explanation of vote.']"
40,419,40_disabled_disability_persons_impairment,"['disabled', 'disability', 'persons', 'impairment', 'rights', 'people', 'personal', 'assistance', 'convention', 'disabilities']","['The same is true of the disabled.', 'Of course, in line with the United Nations Convention on the rights of disabled people, disabled people get health care as much as others do.', 'It is important to ensure good service to disabled people in line with the United Nations Convention on the rights of disabled people.']"
41,417,41_she_her_herself_ll,"['she', 'her', 'herself', 'll', 'woman', 'going', 'epidemic', 'own', 'agree', 'good']","[""Of course, she's experienced it, and maybe that's why they put her where she is now."", 'She said that she would find out more about this in the days ahead, yet she did not want to say what it was, since she was on her way to Easter break.', ""She must answer for what she says; I'm not going to do it here and now.""]"
42,401,42_farmers_agriculture_agricultural_production,"['farmers', 'agriculture', 'agricultural', 'production', 'vegetables', 'farms', 'farm', 'sector', 'crops', 'consumers']","['I hope, Minister, that politics in general and you in particular, because I am a member of this, when it comes to these sensitive issues, which have an immediate impact on the lives of farmers, on agriculture and on the production of food, also listen directly to farmers and fishermen.', 'Farmers have long called for more money to do this work.', 'Farmers have been talking about food security and the share of agriculture for years, but I think we can be more concerned by government.']"
43,395,43_laws_law_these_breaking,"['laws', 'law', 'these', 'breaking', 'think', 'legal', 'purpose', 'current', 'lyrics', 're']","[""That's what we have the law for."", ""That's why these laws are important."", 'I think these laws are very good.']"
44,393,44_cars_electric_vehicles_car,"['cars', 'electric', 'vehicles', 'car', 'vehicle', 'automobiles', 'electrical', 'emissions', 'trucks', 'fuel']","['It is that in the years when cars for disability have not gone up, the limit is that they are being in want and give people the opportunity to buy electricity cars, that those who are and really have cars, disabled people who cannot afford to spend these things without waiting, are up-to-date, so that they can at least buy these cars.', 'Take it, for example. The electric cars.', ""I'd kind of like to agree that we need more power cars and taxation against electric cars.""]"
45,378,45_thank_senator_you_want,"['thank', 'senator', 'you', 'want', 'inquiry', 'speech', 'answer', 'discussion', 'his', 'bringing']","['I want to thank you. A senator for the answer.', 'I want to thank you. A senator for this answer.', 'I want to thank you. A senator for this discussion.']"
46,373,46_draghi_president_your_mario,"['draghi', 'president', 'your', 'mario', 'mr', 'professor', 'pact', 'you', 'government', 'trust']","['President Draghi, I am sure you will not do that.', 'These are the words of the President of the Draghi Council.', 'Draghi, President of the Council of Ministers.']"
47,366,47_hospital_land_hospitals_management,"['hospital', 'land', 'hospitals', 'management', 'director', 'medical', 'staff', 'health', 'care', 'professional']","[""We're talking national hospital."", 'But here we are talking about the National Hospital.', 'We also know the consequences of the situation at a land hospital for people in the hospital service.']"
48,364,48_parliament_parliamentary_parliamentarians_centrality,"['parliament', 'parliamentary', 'parliamentarians', 'centrality', 'stress', 'members', 'role', 'its', 'majority', 'prerogatives']","[""It is Parliament's job to change the law."", 'In fact, as we are a parliamentary republic, there should be Parliament above the government.', 'Well, this is Parliament and not the government.']"
49,358,49_climate_change_goals_climates,"['climate', 'change', 'goals', 'climates', 'warming', 'global', 'targets', 'environment', 'achieve', 'greenhouse']","['All of this will come into the climate.', ""Climate change is here and it's today, just like us."", ""In this, it's like... Climate policy.""]"
50,354,50_independence_party_left_green,"['independence', 'party', 'left', 'green', 'movement', 'greens', 'advance', 'forward', 'members', 'forwarding']","['I understand very well that the Ministers or members of the Independence Party did not get this, because I have never seen a minister of the Independence Party get this.', ""But, no, the Independence Party doesn't."", 'So I ask, Where is the Independence Party in this matter?']"
51,345,51_movimento_stars_star_movement,"['movimento', 'stars', 'star', 'movement', 'favour', 'colleagues', 'announce', 'group', 'reasons', 'vote']","[""The Movimento 5 Stars has everything in place and we'll show it."", 'I am voting in favour of the Movimento 5 Stars.', 'Mr President, these are the priorities of Movimento 5 Stars.']"
52,337,52_municipalities_mayors_mayor_local,"['municipalities', 'mayors', 'mayor', 'local', 'authorities', 'inhabitants', 'municipality', 'small', 'administrators', 'secretaries']","['We expect greater simplification in the area of management control, especially for small municipalities, and we review the provisions concerning the limitation of the mandate of the mayors of small municipalities.', 'As a former mayor I am obviously very sensitive to everything that is in favour of the municipalities, both because I believe that the mayors, especially of the small municipalities, are in trenches, and therefore must give concrete and immediate answers citizens', 'When it comes to municipalities, account must be taken of the responsibilities of the mayors.']"
53,317,53_health_disease_minister_highest,"['health', 'disease', 'minister', 'highest', 'hospital', 'care', 'healthcare', 'encourage', 'medical', 'conversation']","[""So I want to ask the highest. Minister if he believes that it was a mistake for a health minister during the last term to follow too often a disease prevention specialist's advice."", 'It is not the only case with a health minister.', 'What will health-care minister do about it?']"
54,315,54_transport_road_transportation_roads,"['transport', 'road', 'transportation', 'roads', 'traffic', 'public', 'highway', 'bus', 'capital', 'local']","['I was talking about transportation.', ""Where there's a will, there's a road."", 'Of course, there is a need to be at peace with better transportation, with road transport, and rural areas all in the capital area.']"
55,296,55_labour_unions_labor_workers,"['labour', 'unions', 'labor', 'workers', 'jobs', 'collective', 'market', 'job', 'movement', 'employment']","['The labour market in this country is well organized by the strong labour organisations of employees and employers who negotiate in collective labour agreements for pay and other employment remunerations in a domestic labour market, as well as other factors that concern the interest of employees and employers.', 'In general, the labour market members monitor the provision of collective labour agreements in a domestic labour market.', 'Then came a contract with unions in a public labour market.']"
56,289,56_iceland_energy_climate_emissions,"['iceland', 'energy', 'climate', 'emissions', 'fossil', '2040', 'fuels', 'carbon', 'electricity', 'icelanders']","['The objective of Iceland is to achieve a non-carbon share of carbon and final energy exchanges as late as the year 2040, with the first state being independent of fossil fuels.', 'At the same time, we have set goals for Iceland to achieve non-carbon and total energy exchanges as late as the year 2040 and will be free of fossil fuels first.', 'The government has set an ambitious goal for Iceland to achieve a non-carbon share of carbon and total energy exchanges no later than 2040 and will then be independent of fossil fuels first.']"
57,279,57_decree_law_conversion_aid,"['decree', 'law', 'conversion', 'aid', 'decrees', 'convert', 'ladies', 'gentlemen', 'issued', 'measures']","['There are other issues in this decree-law that have made much discussion.', 'Today in this House we are debating a decree-law which is actually the synthesis of two measures: the aid decree and the so-called bill decree.', 'We are always talking about a decree of two billion, it is not a decree of nothing.']"
58,275,58_finance_secretary_financial_highest,"['finance', 'secretary', 'financial', 'highest', 'ministry', 'knew', 'minister', 'economics', 'responsible', 'responsibility']","[""I'm asking the highest. Secretary of finance: What will he do?"", 'In fact, some of them have little to do with the Ministry of finance, but not exactly with the secretary of finance, no.', ""So that's the secretary of finance.""]"
59,270,59_sweden_finland_nato_atlantic,"['sweden', 'finland', 'nato', 'atlantic', 'alliance', 'baltic', 'finns', 'membership', 'involvement', 'countries']","['The addition agreements have to do with the involvement of Finland and Sweden into the Atlantic Community.', 'The reasons why Sweden and Finland were not party to the fact that NATO is very interesting in history.', ""We here vote for Sweden and Finland's application to the Atlantic Alliance.""]"
60,266,60_accountant_accounting_state_research,"['accountant', 'accounting', 'state', 'research', 'investigation', 'government', 'trust', 'accountants', 'accounts', 'independent']","['The question here is: Do we trust a government accountant?', 'A government accountant cannot do that.', ""It's just an accountant and accounting thing.""]"
61,264,61_tourism_tourists_tourist_travel,"['tourism', 'tourists', 'tourist', 'travel', 'sector', 'companies', 'industry', 'services', 'number', 'country']","['Therefore, it is extremely important that we help small and medium-size services around the country of tourism, whether restaurants, boarding homes, or entertainment companies, to keep these employees working until the spring when we expect to be here in the tourism business and the tourists coming back to us.', 'It discusses much of the challenges faced by tourism in those days, speaks of a decrease in the number of tourists and of predictions about the number of tourists.', 'There are also new opportunities for tourism.']"
62,261,62_pnrr_reform_reforms_objectives,"['pnrr', 'reform', 'reforms', 'objectives', 'implementation', 'mission', 'resources', 'fundamental', 'implement', 'funds']","['We are talking about urgent measures for the implementation of the PNRR.', 'The fourth question is the PNRR.', ""The Government's commitment and the PNRR's resources are being put into action on all of this.""]"
63,251,63_virus_wild_swine_fever,"['virus', 'wild', 'swine', 'fever', 'disease', 'boars', 'boar', 'african', 'pigs', 'pig']","['All this in an already very difficult context arising from the problem of swine fever virus.', 'The considerable resistance of the virus in the environment means that the disease continues to circulate for years, even in wild boar populations with very low density.', 'As stated by ISPRA in the hearings, the considerable resistance of the virus in the environment means that the disease continues to circulate for years even in wild boar populations with very low density( equal to one wild boar every square kilometre) , obviously this where it was decided to eradicate the disease by decreasing the population of wild boars, as it is written in the decree-law.']"
64,247,64_committee_committees_study_opinion,"['committee', 'committees', 'study', 'opinion', 'discussed', 'matter', 'report', 'external', 'reported', 'presented']","['This is reported in a committee study that follows the discussion of the case by the Committee.', ""I think it's important for the committee to get into it."", ""This is reported in a committee meeting, and the committee's opinion is followed by a discussion on the subject.""]"
65,233,65_nicotine_pads_smoking_products,"['nicotine', 'pads', 'smoking', 'products', 'cigarettes', 'tobacco', 'electric', 'refills', 'young', 'smoke']","[""Now I'm talking about nicotine bill."", 'This is about electric cigarettes and nicotine pads.', ""First, I'm going to find that nicotine pads are new products on market than electric cigarettes and refills, and here we are adding nicotine pads.""]"
66,226,66_queer_gay_people_rights,"['queer', 'gay', 'people', 'rights', 'queers', 'sexual', 'affairs', 'lgbt', 'status', 'operation']","['I am glad that there will be an assessment of the well-being of gay children in the school system and that there will be special consideration for the well-being and status of queer children and young people in the schools of the country.', 'Gay children and queer teenagers are a dangerous environment in school today, unfortunately.', 'I also like to think of the position of queer people in the country.']"
67,225,67_cancer_oncology_disease_screening,"['cancer', 'oncology', 'disease', 'screening', 'cancers', 'plan', 'diagnosis', 'patients', 'prevention', 'hospital']","['The future perspective is of an increasing number of people who will survive and live after a diagnosis of cancer thanks to science, medicine and the implementation of the European oncology plan and the Italian oncology plan which is the subject of this motion.', 'In Italy every day we diagnose 1,000 new cases of cancer; there are 3.6 million Italian citizens living with the diagnosis of cancer and almost a million people who have healed from cancer.', 'I especially think about the cancer-related society of children.']"
68,223,68_media_radio_journalists_press,"['media', 'radio', 'journalists', 'press', 'commercial', 'advertising', 'free', 'news', 'market', 'private']","['Free media are important for democracies in the community, but it is of course important that information about both management, policy and media is transparent and clear, so we know who is behind the media.', ""In the 19 media media, the main objective of the government in the media is to promote democracies and democracies by promoting the communication pool and increasing the diversity of the media as well as to create a work environment that contributes to the more efficient media communication in public use by active participation in different and diverse media, the media as well as the State's TV."", 'You can see that the media is at all times controlled by media media media, whether it is in the private market or by state-power media.']"
69,205,69_transport_environment_committee_environmental,"['transport', 'environment', 'committee', 'environmental', 'committees', 'case', 'suggest', '2nd', 'review', 'bill']","[""I'm on the Environment and Transport Committee, not at the last assembly."", ""I'm on a transport and environment committee and there this case will be discussed."", 'I agree that this is at the Committee on Environment and Transport.']"
70,201,70_hv_senator_asks_disease,"['hv', 'senator', 'asks', 'disease', 'spoke', 'mentions', 'mentioned', 'referred', 'brings', 'introduces']","['Hv. The senator discussed this particular bill.', 'Hv. A senator asked what was being done about it.', 'Hv. A senator referred to energy.']"
71,196,71_wage_salary_pay_remuneration,"['wage', 'salary', 'pay', 'remuneration', 'minimum', 'labour', 'reimbursement', 'wages', 'compensation', 'lowest']","['In agreement with the labour market, there will be an increase in the risk of penalties if the employer violates the minimum remuneration of the salary.', 'In 1980 this was in force in the country of the remuneration Act and the related insurance of pensions, which included it requires that salary and other remuneration be negotiated by the labour market organisation as a minimum salary in the Icelandic labour market.', 'In the labor movement, there has been an increase in the lowest salary, and this has often been an increase over the pay number, the increase in the minimum salary over the pay number.']"
72,196,72_refugees_ukraine_ukrainian_reception,"['refugees', 'ukraine', 'ukrainian', 'reception', 'minors', 'unaccompanied', 'fleeing', 'fled', 'ukrainians', 'refugee']","['There are an increase in the number of refugees from Ukraine who are fleeing the serious situation there and the threat of war there.', 'Now, of course, it is good to see that there are enough refugees from Ukraine, but I wondered a few things about this route to meet refugees.', 'Finally, even more recently, they face the reception of refugees from Ukraine.']"
73,195,73_withdrawn_amendments_amendment_17,"['withdrawn', 'amendments', 'amendment', '17', 'been', '11', '20', '16', '13', '10']","['Amendment 4.0.1 has been withdrawn.', 'Amendment 4.1 has been withdrawn.', 'Amendment 2.2 has been withdrawn.']"
74,194,74_discrimination_race_ethnic_equal,"['discrimination', 'race', 'ethnic', 'equal', 'background', 'regardless', 'treatment', 'factors', 'discriminated', 'outside']","['It is now, a respectable president, that I think it was 2018 that we passed a prohibition against discrimination on the grounds of race or background and color status, and it was not allowed to set a general law that similarly prohibited discrimination on the basis of disability and other discrimination factors.', ""That's the real discrimination."", ""No, I don't think there's any discrimination at all, but it's there, and if there's discrimination, there's a particular need to be taken care of.""]"
75,190,75_his_he_him_man,"['his', 'he', 'him', 'man', 'david', 'passion', 'political', 'passionate', 'life', 'great']","['A hundred years after his birth, as well as remembering who he was and what he did, it is important to reflect on what remains of political action, of his ideas, of his progressive drive with which he dealt with current issues.', 'He leaves us a man from the mountain, a man from his valley, a man who has never lost his roots and who saw in politics the opportunity to give voice to the territory.', 'As I said, he was passionate and passionate, in love with his mountain, his beautiful country, he has always distinguished himself for his love for his land.']"
76,190,76_contracts_172_contract_pay,"['contracts', '172', 'contract', 'pay', '2022', 'treaties', 'year', '90', 'period', 'operator']","['But does that give you more contracts?', '700 contracts during this lead-in period, of which 172 contracts are contracts in 2022, but based on information related to this adaptation period. paritaprevir Jóhann, Páll Jóhannsson, are on the table before, the contracts are only 80 or 90, and so it is not in accordance with the commitments involved in this provision for making these agreements approved by the 2018 law, so there is still an argument about this.', 'Do we need to have more contracts?']"
77,190,77_closed_debate_fdi_president,"['closed', 'debate', 'fdi', 'president', 'sp', 'az', 'psd', 'fibp', 'mixed', 'presidency']","['PRESIDENT. -The debate is closed. Of course.', 'President. -The debate is closed.', 'President. -The debate is closed.']"
78,188,78_welfare_committee_suggest_referred,"['welfare', 'committee', 'suggest', 'referred', 'matter', 'discussion', 'bill', 'got', 'hope', 'department']","[""I just hope it's all going to work out well with a welfare committee."", 'I think all of this is a very good thing to do. The welfare committee.', 'When this discussion is over, we ask for it. The welfare committee.']"
79,188,79_thank_thanking_minister_prime,"['thank', 'thanking', 'minister', 'prime', 'start', 'much', 'highest', 'want', 'very', 'her']","['Thank you very much. Prime Minister.', 'I want to start by thanking the highest. Prime Minister for taking this report on the program.', 'I want to start by thanking the highest. Prime Minister for this fine matter has been presented here.']"
80,188,80_peace_diplomacy_diplomatic_war,"['peace', 'diplomacy', 'diplomatic', 'war', 'pacifism', 'ceasefire', 'peaceful', 'bombs', 'conflict', 'immediate']","['Otherwise it would not be peace and it would not be a true peace.', 'Peace and work are now possible, President!', 'Long enough for us to make peace, only in a certain way, where there is no peace, there is no peace.']"
81,185,81_ships_ship_boat_sailors,"['ships', 'ship', 'boat', 'sailors', 'boats', 'rolls', 'vessels', 'crew', 'safety', 'design']","['No one can get more than four hand rolls on a fishing ship.', ""The bill to fix the ships' seas also contains regulations regarding the time of work and the rest of the ship."", 'At the 16th and 17th. The bill is presented with related rules regarding the minimum number of ship managers and motor operators to be on board fishing ships, based on this design and requirements for the size and power of the ships.']"
82,184,82_ballot_tabled_simultaneous_refer,"['ballot', 'tabled', 'simultaneous', 'refer', 'amendment', 'senators', 'vote', 'garnero', 'by', 'santanchè']","['I refer to the vote by simultaneous ballot of amendment 8.0.3 tabled by Senator Zaffini and other senators.', 'I refer to the vote by simultaneous ballot of amendment 1.2, tabled by Senator Ciriani and other senators.', 'I refer to the vote by simultaneous ballot of amendment 1.9, tabled by Senator Ciriani and other senators.']"
83,182,83_police_officers_enforcement_officer,"['police', 'officers', 'enforcement', 'officer', 'surveillance', 'cameras', 'investigators', 'crime', 'policeman', 'increase']","[""I've had that message, including.... from the police, and ahead are meeting with the National Police Association, along with police officers and other officials, where I will review and appreciate these matters."", 'I challenge the Minister of Justice to reform it and to ensure that the voice of police officers, professionals, will be heard in the future police council and make needed changes to the council so that the police will be represented there in the future.', ""With a new police council, the police officer's position of cooperation on the future and the police policy for the coming years was established.""]"
84,180,84_drugs_drug_addiction_abuse,"['drugs', 'drug', 'addiction', 'abuse', 'addicts', 'punishing', 'addictive', 'substances', 'possession', 'punishment']","['Are we talking drugs or something?', 'These are things we can handle and prevent by going in the way that other nations have taken possession of drugs used to abuse drugs, i.e. to stop punishing users of drugs.', 'I then feel that drugs are a major threat to society, and we are supposed to do all we can to control their spread, warn that people use drugs, and face the tragic tragedy of drug abuse for individuals and the community as a whole, the terrible social and economic cost of drugs.']"
85,174,85_generals_generalis_general_respect,"['generals', 'generalis', 'general', 'respect', 'surveillance', 'agent', 'disrespect', 'role', 'president', 'disrespectful']","['This has been a talk about the respect of the Generals.', ""I'd like more respect for the Generals' work."", 'Do they have no respect for the Generals?']"
86,171,86_gas_russia_russian_dependence,"['gas', 'russia', 'russian', 'dependence', 'dependent', 'pipeline', 'supplies', 'imports', 'cubic', 'energy']","[""It is clear to everyone that the Ukrainian Russian conflict and Europe's strong dependence on Russian gas have imposed on the Presidents of the European Union a change of strategy on energy policy, also in order to reduce dependence on Russia."", 'Measures after the Russian-Ukrainian crisis for gas emergency and measures to increase short-term security and to reduce and eliminate the dependence of imports from Russia are also positive.', 'Minister, you know a lot better than I do that we have been in the situation of being dependent on Russia, from the point of view of gas.']"
87,170,87_deadline_extended_extension_2022,"['deadline', 'extended', 'extension', '2022', 'months', 'december', '31', 'extend', 'application', '12']","['You should meet these parties and extend your application deadline, and it is appropriate to be extended to March 1, 2022.', 'With law No. 2/2022 was an application deadline for maintenance strength due to November extension to March 1, 2022.', 'Therefore, the majority suggest that the application deadline due to August 2021 to November 2021 is limited to 30 June 2022, according to the application deadline for the month between December 2021 and March 2022.']"
88,167,88_respectable_president_dignified_yes,"['respectable', 'president', 'dignified', 'yes', 'virus', 'sir', 'epidemic', 'mind', 'dust', 'broken']","['This is important to me, a respectable president.', ""It's a very clear, respectable president."", 'I say no, a respectable president.']"
89,165,89_prison_prisons_prisoners_prisoner,"['prison', 'prisons', 'prisoners', 'prisoner', 'inmates', 'penitentiary', 'police', 'overcrowding', 'guards', 'cprs']","['There are too few cases of prison and prison interests that are discussed, and this is not a popular subject.', 'It can be in the prison system or in many other places.', 'The problem is that not all prison institutions are able to offer this service to prisoners.']"
90,159,90_suspend_sitting_resume_suspended,"['suspend', 'sitting', 'resume', 'suspended', 'suspension', 'until', 'leaders', '30', 'pending', 'conference']","['I suspend the sitting until 3 p.m.', 'I suspend the sitting until 3 p.m.', 'I suspend the sitting until 3 p.m.']"
91,159,91_directors_director_board_management,"['directors', 'director', 'board', 'management', 'responsible', 'responsibility', 'charge', 'coordination', 'chairman', 'unusual']","['We have a board of directors, and then the Chairman specifically, and then we also have the director, and he also has a responsibility to the minister.', ""The Director's Board of Directors, as the report shows, was controlled by the Management Board."", ""That's what the board of directors say.""]"
92,158,92_food_icelandic_agriculture_production,"['food', 'icelandic', 'agriculture', 'production', 'iceland', 'agricultural', 'farmers', 'import', 'gardening', 'farming']","['It is, I think, in many cases built up in Icelandic agriculture and I say for my part that I trust in Icelandic food production much better than in the mass production of foreign fields.', 'I think we can do a lot of work on it, and I know that food ministers are looking at the opportunities in Icelandic agriculture.', 'We need to strengthen the support of Icelandic food production so that we are self-sufficient when it comes to food for the Icelandic nation.']"
93,157,93_percent_increase_ratio_60,"['percent', 'increase', 'ratio', '60', 'percentage', 'average', '50', '35', 'increased', 'actual']","['We grew up: until 2018 it was 78 percent, 10 percent more, but still 12 percent missing.', 'The hypothesis to which the Ministry is working would, in fact, predict a weighted average cut of the current rates, with a percentage between 50 and 60 percent.', 'However, does it not say how much: 1% , 2 percent, 10 percent, 50 percent or 100 percent?']"
94,156,94_park_lake_parks_bay,"['park', 'lake', 'parks', 'bay', 'national', 'glaciers', 'highlands', 'highland', 'breafjörður', 'hornfjord']","['As for the park, not the park at all costs, but the one that defends citizens and development.', ""This decision was made in agreement with the park's administration, which represents representatives from all the territories of the park."", ""National park's main operating centres are defined in the national park laws.""]"
95,156,95_environmental_assessment_assessments_valid,"['environmental', 'assessment', 'assessments', 'valid', 'license', 'temporary', 'eea', 'impact', 'esa', 'permission']","['There is a clear violation of EU legislation to provide permission for implementation or activities under environmental assessment without a valid environmental assessment.', ""But what's the value if there's no environmental assessment?"", ""It's an environmental assessment.""]"
96,154,96_forza_italia_berlusconi_udc,"['forza', 'italia', 'berlusconi', 'udc', 'favour', 'group', 'favorable', 'announce', 'mr', 'vote']","['However on trust Forza Italia, as always, there is.', 'In this, Mr President-in-Office, Forza Italia is with you and the Government.', 'We at Forza Italia have always said that.']"
97,152,97_food_production_security_covid,"['food', 'production', 'security', 'covid', 'domestic', 'epidemic', 'products', 'national', 'supermarkets', 'broader']","[""The food production and development of food prices are now facing severe threats, and the Food Minister's work should be welcomed to define national food security."", 'Food and food security, which is not the same thing, is, of course, part of our national security policy.', ""It's just as important to ensure our food and food security here in the country for the future.""]"
98,152,98_democracy_democracies_dictatorships_democratic,"['democracy', 'democracies', 'dictatorships', 'democratic', 'liberal', 'authoritarian', 'challenge', 'regimes', 'technoburocracy', 'dictatorship']","[""We're talking democracy, democracies, democratic society."", 'But this is especially true of serious and important things, such as democracy that democracy does not have to be carried out.', ""There's something we don't want to do in a democracy.""]"
99,151,99_alcohol_alcoholic_beer_liquor,"['alcohol', 'alcoholic', 'beer', 'liquor', 'store', 'drinking', 'sell', 'consumption', 'stores', 'manufacturing']","['This is because we want to have limited access to alcohol.', 'The question, of course, is, Why are we doing more with this law than we do with alcohol?', 'Then the Committee discussed the prevention and effect of the bill on alcohol, including alcohol consumption. Alcohol and drug abuse problems, young people, and prevention because of them.']"
100,151,100_italy_energy_italian_gas,"['italy', 'energy', 'italian', 'gas', 'renewable', 'plants', 'cubic', 'electricity', 'italians', 'price']","['Just take a look at the national energy balance to understand where we are with the development of renewable sources in Italy.', ""We are talking about over 4,000 plants in Italy, about 15,000 employees, which provide about 20 percent of the total electricity production and over 40 percent of the country's renewable production."", 'Brothers of Italy believe that a plan of energy security is needed and that more energy must be produced in Italy with all possible instruments, from the increase of the current gas production in the existing deposits to the new renewable energy plants; a necessary combination to achieve the objective of energy independence, without which-we stress-there can be no other kind of independence.']"
101,150,101_cab_taxi_drivers_driver,"['cab', 'taxi', 'drivers', 'driver', 'uber', 'vehicle', 'drive', 'station', 'cabs', 'rental']","['It is clear that taxi drivers who today can survive cab cars and support their families will almost certainly not be able to do that in the future.', ""The bill's license gives you the right to work as a taxi driver and to run your own cab."", 'According to the bill, a license gives you the right to work as taxi drivers and to drive your own cab.']"
102,149,102_measure_measures_measuring_stress,"['measure', 'measures', 'measuring', 'stress', 'certainly', 'summary', 'steps', 'measured', 'briefly', 'different']","['That is why it is important to have included such a measure.', 'From all this we understand the importance of this measure.', 'The measure is therefore very important.']"
103,147,103_activation_activations_options_option,"['activation', 'activations', 'options', 'option', 'waiting', 'priming', 'category', 'initiatives', 'continuum', 'provider']","['These activation options are classified as a waiting class primarily because there is insufficient data and information on the potential for activation.', ""What about the Commission's proposal for activation, he's not available."", 'Therefore, the activation of a specific activation option is not planned until some year after the option to be classified into a novelty class, as if the final order of activation to the colony class does not necessarily mean that the activation option will be undertaken.']"
104,144,104_alpine_alps_alpines_corps,"['alpine', 'alps', 'alpines', 'corps', 'nikolajewka', 'sacrifice', 'memory', '1943', 'battle', '26']","[""And so says a senator who didn't make the alpine, who wasn't lucky enough to be an alpine, but he has an alpine father, a father of ninety-nine years, still alive, who could glorify himself with the presence in the Alpine Corps."", 'The Alpine spirit is that of the National Alpine Association, which has a motto:', 'This is the Alpine Corps, these are the Alps.']"
105,144,105_sponsored_counter_thank_senator,"['sponsored', 'counter', 'thank', 'senator', 'you', 'for', 'man', 'great', 'raisins', 'again']","['Thank you. A senator for the counter-sponsored.', 'Thank you. A senator for the counter-sponsored.', 'Thank you. A senator for the counter-sponsored.']"
106,142,106_security_social_system_review,"['security', 'social', 'system', 'review', 'rely', 'worst', 'benefits', 'poverty', 'calculate', 'decades']","['There was a review of the social security system.', 'But what does the social security system do then?', ""There's a social security law here.""]"
107,140,107_thank_discussion_want_you,"['thank', 'discussion', 'want', 'you', 'your', 'advocate', 'appreciate', 'discussions', 'again', 'excellent']","['I want to thank you for this discussion.', 'I want to thank you for this discussion.', 'I want to thank you for this discussion.']"
108,139,108_numbers_statistics_average_number,"['numbers', 'statistics', 'average', 'number', 'averages', 'calculator', 'count', 'figure', '112', 'zero']","['The numbers speak for themselves.', ""Let's just look at the numbers there."", 'We can see that in all the numbers we have here.']"
109,135,109_care_health_professionals_doctors,"['care', 'health', 'professionals', 'doctors', 'system', 'medical', 'stress', 'medicine', 'providers', 'services']","['How does the health-care system deal with the problem?', 'All of us are aware of the great challenges of health care and health care professionals.', ""What's the point of health care?""]"
110,133,110_airport_flight_air_airports,"['airport', 'flight', 'air', 'airports', 'flights', 'flying', 'niceair', 'airline', 'international', 'fly']","[""We'll be on the international flight."", 'This is because it could not be extended to an international airport.', 'Then it is suggested that the purpose of a flight selection, is to ensure adequate flight security in the least limitation of the airport-surrounding areas.']"
111,133,111_sea_marine_seabed_ocean,"['sea', 'marine', 'seabed', 'ocean', 'oceans', 'oceanographic', 'resource', 'ecosystems', 'resources', 'saves']","['We never talk too much about the need for a clean sea.', 'We always say that the sea is the origin of life, but keep in mind that from the sea comes also the oxygen that serves our life.', 'I simply think about natural resources, whether in the sea or in the country, that the public in the country should make money from them, of course.']"
112,131,112_changed_gonna_turned_change,"['changed', 'gonna', 'turned', 'change', 'years', 're', 'different', 'reinvented', 'again', 'normal']","['But since then society has changed.', 'Since then, the world has really changed.', 'Things have changed since then.']"
113,131,113_draft_law_deputies_consideration,"['draft', 'law', 'deputies', 'consideration', 'chamber', 'mr', 'transmitted', 'ladies', 'gentlemen', 'communicate']","['It is therefore proposed that the draft law be approved by the Assembly.', 'It is therefore proposed that the draft law be approved by the Assembly.', 'I would like to refer here to Article 1 of this draft law:']"
114,130,114_infrastructure_building_area_capital,"['infrastructure', 'building', 'area', 'capital', 'infrastructures', 'construction', 'urban', 'build', 'areas', 'projects']","['These institutions are also infrastructure.', 'To do this, we need the necessary infrastructure.', ""It's about a very important infrastructure.""]"
115,130,115_question_answers_answer_questions,"['question', 'answers', 'answer', 'questions', 'answered', 'unanswered', 'don', 'ask', 'find', 'exactly']","['I hope that answers the question.', 'It is very important to find answers to this question.', 'It is very important to find answers to that question.']"
116,130,116_child_welfare_protection_children,"['child', 'welfare', 'protection', 'children', 'committees', 'services', 'district', 'induction', 'integration', 'laws']","[""That's what's going on and was going on with a review of the previous part of the child protection law during the last term by putting down political Child Protection Committees and extending child protection problems."", 'Instead of child-welfare committees, it was decided that rural society should be a child-welfare center.', ""I believe that the child's interests should be considered, what's best for the child, and I don't believe that, as I said earlier, they should set up child protection and child protection guidelines.""]"
117,129,117_waiting_list_lists_wait,"['waiting', 'list', 'lists', 'wait', 'hospital', 'waitings', 'covid', 'longest', 'long', 'unacceptable']","['There are hundreds of people on the waiting list, and the waiting time is long, people go on the wait list again and they die just as well while they were on the waiting list because they go back to eating.', 'I wanted to talk here about a waiting list.', 'It is long time for health authorities to be responsible and to bring adequate resources and services, e.g. For children who are on the waiting list for months to get to another waiting list for months, then months to get the necessary service after waiting on the third waiting list, even for months.']"
118,129,118_competition_consumers_market_interests,"['competition', 'consumers', 'market', 'interests', 'competitive', 'monopoly', 'consumer', 'healthy', 'competitiveness', 'active']","['That may even be the case. Because the current government does not always take position with consumers and active competition.', 'I believe in the power of competition.', ""But I'd like to discuss just what we're suggesting because the goal of competition is to promote market competition in business, and this is for consumers, in the interests of the public.""]"
119,128,119_protection_international_candidates_applicant,"['protection', 'international', 'candidates', 'applicant', 'foreigner', 'application', 'foreigners', 'applications', 'applicants', 'final']","['However, it has been claimed here today that this is not so today, that 33. g., about the rights of the candidates for international protection-the changes proposed in the bill are only in fact, in effect, those who are no longer candidates for international protection because applications have been refused.', 'I thought only of that law 33 C.E. and its signature, which is simply the rights of candidates for international protection, if they are placed in that room by people who are not candidates for international protection but only foreigners.', 'Candidates for international protection or foreigners.']"
120,127,120_fish_fishing_tuna_salmon,"['fish', 'fishing', 'tuna', 'salmon', 'blue', 'iceland', 'icelandic', 'ships', 'cod', 'farms']","['In particular, the Commission discussed that with the bill it is suggested to provide the owners of fishing ships with more than six months of temporary access to emanacle for tuna fish by a foreign ship, but under Icelandic law it is only possible to grant permission to fish for commercial purposes to ships registered in Iceland and fishing and to be one of the Icelandic parties.', 'Iceland has secured considerable fishing warrants from a blue-seat fish at the scene of the Atlantic Fishing Council, but in recent years, this fishing has not been practiced by the Icelandic fishing industry, so it does not benefit from the fishing grounds.', ""Compared to Iceland's Fishing About 1% of all fish in the world.""]"
121,127,121_bees_honey_beekeepers_beekeeping,"['bees', 'honey', 'beekeepers', 'beekeeping', 'insects', 'bee', 'pollinators', 'hives', 'biodiversity', 'production']","['Acquasparta, with Councillor Guido Morichetti, has done a great job on the question of bees; he has become a common friend of bees, he will make the garden of bees and he maintains relations with Slovenia, which is the country promoting the Day of bees.', 'The loss of the role of bees would cost EUR 153 billion worldwide, representing 10% of the market value of food products, not to mention our beekeepers, who protect the survival of bees and ensure on our honey tables quality, the only true interaction between the realm of plants and animals.', 'We would not, however, want the same thing to happen with bees.']"
122,125,122_possible_done_easy_impossible,"['possible', 'done', 'easy', 'impossible', 'fix', 'solution', 'pacifist', 'don', 'sadly', 'way']","['It is not possible today and we must work on this.', 'Of course, it is possible to do so.', 'But this has not been possible.']"
123,124,123_score_diet_nutri_labelling,"['score', 'diet', 'nutri', 'labelling', 'nourishing', 'nutritional', 'food', 'mediterranean', 'battery', 'healthy']","['This fundamental element of balance of diet and variety of diet is not included in the nutri-score, doing first and foremost harm to those who consume that particular food.', ""I warmly thank all its components one by one because everyone, in a unanimous way, has signed the commitment to go against the form of labelling-let's call it that-of the nutri-score, with which we Italians, with our Made in Italy and our Mediterranean diet, have absolutely nothing to do with it."", ""Let's talk about the so-called nutri-score.""]"
124,124,124_report_reviews_reports_review,"['report', 'reviews', 'reports', 'review', 'dark', 'read', 'tips', 'tif', 'black', 'seeing']","[""There's a lot to take from this report."", ""I'm just going to say something about this report."", 'That is what was said in that report.']"
125,120,125_tunnel_bridge_sunway_tunnels,"['tunnel', 'bridge', 'sunway', 'tunnels', 'sunwater', 'sunday', 'sunbed', 'city', 'sun', 'stress']","['This may be the case, but this bridge, or tunnel, has been spoken for ten years.', 'The question, though, is always this, the difficult question: Should it be a tunnel or a bridge?', 'However, the decision has not yet been made whether a tunnel or a bridge is needed.']"
126,120,126_history_learn_lesson_lessons,"['history', 'learn', 'lesson', 'lessons', 'past', 'learned', 'memory', 'repeats', 'historical', 'lianas']","['It is, of course, the history of time.', 'Is there nothing we can learn from history?', 'Should we not learn from history?']"
127,120,127_favour_vote_measure_resolution,"['favour', 'vote', 'measure', 'resolution', 'motion', 'voting', 'shall', 'reasons', 'group', 'announcing']","['Why are we going to vote in favour of this measure?', 'Therefore, he will also vote in favour of this measure.', 'My group will therefore vote in favour of this measure.']"
128,118,128_politics_political_stress_blackmail,"['politics', 'political', 'stress', 'blackmail', 'must', 'politicians', 'don', 'fidelity', 'fearful', 'obnoxious']","[""But there's politics in everything."", ""There's politics in everything."", ""I don't think it's the right politics.""]"
129,118,129_restaurants_restaurant_opening_catering,"['restaurants', 'restaurant', 'opening', 'catering', 'virus', 'caterers', 'restricted', 'business', 'turnover', 'operators']","['This bill is in the foundation of funding to the operators of restaurants that have suffered restrictions during opening hours.', 'These are the companies, as stated on both the bill and in the Committee opinion, these are restaurants, these are clubs, and, yes, in category IV, there are e.g. Hotels, restaurants and restaurants, which have a wine permit or a wine permit and food.', ""But I'd like to mention one thing, and I'd like to direct it to the Committee to consider, about those who do restaurants and may not have restaurants or restaurants, and I'm actually referring to those with international food, restaurant services, even those who have halls and meals, rent out halls.""]"
130,115,130_system_systems_defective_wrong,"['system', 'systems', 'defective', 'wrong', 'doesn', 'designed', 'faulty', 'hopeless', 'monster', 'seem']","['But that is how the system is made.', ""What's happened with the saying system is that there's a system that's come up with some kind of system that's about to defend the system."", 'This is what we have to do with our system.']"
131,115,131_examination_proceed_invite_representative,"['examination', 'proceed', 'invite', 'representative', 'intended', 'shall', 'views', 'amendments', 'presented', 'rapporteur']","['We shall now proceed to the examination of Article 3, on which amendments have been tabled which are intended to be presented and on which I invite the rapporteur and the representative of the Government to give their views.', 'We shall now proceed to the examination of Article 4, on which amendments have been tabled which are intended to be presented and on which I invite the rapporteur and the representative of the Government to give their views.', 'We shall now proceed to the examination of Article 8, on which amendments have been tabled which are intended to be presented and on which I invite the rapporteur and the representative of the Government to give their views.']"
132,113,132_superbonus_110_bonuses_bonus,"['superbonus', '110', 'bonuses', 'bonus', 'credits', 'building', 'fraud', 'scams', 'credit', 'percent']","['With those checks in the superbonus 110% , there will be no fraud in the other building bonuses or even in the energy tax credits.', 'Mr President, these days there has been a great deal of talk, often out of the question, about the superbonus 110% .', ""I'm taking the superbonus example.""]"
133,113,133_permission_says_president_withauthority,"['permission', 'says', 'president', 'withauthority', 'page', '540', 'paragraph', 'presidents', 'by', 'english']","['Which says, by permission of the President:', 'And 1 1. says, with permission of the president:', 'That, by permission of the President, says:']"
134,112,134_wind_power_windmills_frame,"['wind', 'power', 'windmills', 'frame', 'energy', 'option', 'plant', 'use', 'activation', 'hydropower']","['That may be the major global change in green energy use, i.e. The wind generation or the wind power.', 'Above all, it would be the wind power at this point.', 'That is why there is a land of wind power, and that is why it should be the wind power in the last few years.']"
135,112,135_masks_mask_ffp2_obligation,"['masks', 'mask', 'ffp2', 'obligation', 'wear', 'indoors', 'devices', 'producers', 'schools', 'children']","['The answer is no; yet there is an obligation to mask, even if the mask does not exist.', 'In order to comply with the law and send children to school with the FFP2 mask, they buy small masks in the pharmacies, which do not fall into the category of FFP2, but act as protection in the same way.', 'We have the obligation of FFP2 mask for children, but the FFP2 mask for children does not exist.']"
136,111,136_marriage_divorce_married_wedding,"['marriage', 'divorce', 'married', 'wedding', 'businessman', 'legal', 'marital', 'separation', 'survey', 'mate']","['First, it is suggested that the time limit for divorce be the same whether he is demanding marriage or both.', 'In current marriage laws, there are narrow conditions for divorce without the exception of separation.', 'I hereby recommend a greater part of the General and Education Committee for the Committee to conduct a bill to correct a change in marriage law No. 31/1993 and bill include changes in various aspects of marriage law, changes in exceptions due to minimum age in order to form a marriage survey of divorce-separated legal history in divorce matters, as well as the application of projects from the Ministry to the county.']"
137,111,137_withdraw_amendment_amendments_withdrawal,"['withdraw', 'amendment', 'amendments', 'withdrawal', 'withdrawn', '1500', 'agenda', '102', 'opinion', 'nos']","['Mr President, I would ask you to withdraw all the amendments. Otherwise, the opinion will be against them.', 'Mr President, we withdraw the amendment and turn it into an agenda.', 'Mr President, I would like to withdraw the amendment and turn it into an agenda.']"
138,108,138_growth_unemployment_economic_rebound,"['growth', 'unemployment', 'economic', 'rebound', 'gdp', 'faster', 'cake', 'than', 'economy', 'expected']","['To achieve this goal, it is important that growth be less than the growth of land production over time.', 'Consider the case of economic growth.', 'It is well for us to see that there is growth.']"
139,107,139_animals_animal_veterinary_medicinal,"['animals', 'animal', 'veterinary', 'medicinal', 'welfare', 'disease', 'sentient', 'chicks', 'product', 'moral']","['The suffering of animals must not be a side effect of our consumption of meat; we must do something and above all we must ban the export of animals to countries where a minimum of protection for their health and well-being is not respected.', 'We need a clear rule of action to ensure the well-being of animals.', ""If we look at the situation in general, we are not just talking about the welfare of animals-we may not be able to say that when we're talking about the welfare of animals, we can't say it that way.""]"
140,105,140_hours_rest_stress_shift,"['hours', 'rest', 'stress', 'shift', '48', 'shifts', 'work', '11', '24', 'user']","['Then you may have 14 hours at rest instead of being given the usual schedule of shift work or the usual work hours requirement, you should have 22 hours, 11 hours of rest a day.', 'Changes are now being made in ways that allow work time to last continuously for up to 48 hours, with certain requirements being met, are spoken of as 7 hours of rest during the night hours, not 11 hours, and not in 24 hours, but in 48 hours.', 'During those two days or 48 hours, there would be 7 hours in the rest of the day and 7 hours in the rest of the day, not really every 24 hours, 11 hours, and 11 hours.']"
141,104,141_contracting_procurement_stations_contracts,"['contracting', 'procurement', 'stations', 'contracts', 'code', 'procedures', 'simplification', 'qualification', 'works', 'public']","['An explicit reference to the acceleration of the procedures was added to the governing criterion for the simplification of the procedures for the payment of the contract by the contracting stations, introduced in the text during the examination of the Senate.', 'That is why we must pay the greatest attention, including from the point of view of the qualification and reduction of contracting stations.', 'As regards the qualification of contracting stations, a reference has been inserted to the monitoring of the aggregation and reorganisation of contracting stations and the forecast of specific training courses, with particular reference to the single contracting stations and the purchasing power stations operating at the service of local authorities.']"
142,104,142_responsibility_responsible_responsibilities_blame,"['responsibility', 'responsible', 'responsibilities', 'blame', 'irresponsibility', 'shoulder', 'someone', 'fault', 'ethical', 'take']","['Take responsibility for the situation.', 'Of course, we do not have one responsibility.', ""There's no responsibility here, no responsibility.""]"
143,102,143_protesters_demonstrations_police_protests,"['protesters', 'demonstrations', 'police', 'protests', 'demonstrators', 'protest', 'square', 'covid', 'procession', 'student']","['Moreover, they were not great demonstrations, so it could be said that there were a million people in the square and it was difficult to manage them.', 'The action did not, however, have the result of dispersing the protesters, who continued to press on the deployment of public security for another two hours, during which sudden movements of organized groups of protesters followed, accompanied by the launch of stones and glass bottles, to which additional interventions by the police were paid.', 'Mrs. Minister, I have some experience of demonstrations, as you know, and protesters generally have a certain ability to manage them, they can dialogue and they can ask if they want to make a piece of procession.']"
144,100,144_data_personal_information_storage,"['data', 'personal', 'information', 'storage', 'communications', 'sensitive', 'stored', 'user', 'criminal', 'processing']","['This is sensitive personal information and we are talking about very detailed information.', 'It is very much personal information and surely the most personal information available to you.', ""89st. deals with what has been called data storage, which is the fact that a communications company has data on the user's communications trip.""]"
145,99,145_violence_abuse_sexual_domestic,"['violence', 'abuse', 'sexual', 'domestic', 'stress', 'child', 'children', 'victims', 'reports', 'violent']","['I think it is important that there is more talk about violence, more detailed and more specific plans for dealing with domestic violence, child abuse, domestic violence.', 'This is a very important matter, though, and especially in the discussion that society is having with regard to domestic violence, sexual abuse.', 'We know, and we have now seen in particular the growth of both domestic violence and sexual abuse.']"
146,99,146_registered_speak_senator_modena,"['registered', 'speak', 'senator', 'modena', 'bonino', 'castellone', 'mura', 'gallone', 'fattori', 'papatheu']","['Senator Modena is registered to speak.', 'Senator Modena is registered to speak.', 'Senator Modena is registered to speak.']"
147,98,147_eur_euros_allocated_billion,"['eur', 'euros', 'allocated', 'billion', 'million', '2022', 'decree', 'covid', 'pnrr', 'fund']","['We have already received EUR 45.9 billion from the European Commission, to which will be added in the coming weeks a further EUR 21 billion, a total of almost EUR 67 billion.', 'This year we have allocated, for the year 2022, EUR 9 million, which we are sharing again.', 'This is a package of measures for which EUR 15 billion has been allocated, plus an additional EUR 2 billion for long-term interventions.']"
148,97,148_emergency_emergencies_exceptional_911,"['emergency', 'emergencies', 'exceptional', '911', 'valuables', 'accidents', 'temporarily', 'sake', 'urgent', 'circumstances']","['Of course, there is an emergency when such measures need to be taken.', 'This is an emergency situation and this can only be an extraordinary emergency intervention.', 'Of course, it is always an emergency. It will always be an emergency.']"
149,96,149_italy_ukrainian_ukraine_italian,"['italy', 'ukrainian', 'ukraine', 'italian', 'zelensky', 'support', 'russia', 'kiev', 'integrity', 'russian']","['Italy will continue to support the Ukrainian Government in its efforts to reject the Russian invasion; we will do so in close coordination with our European partners.', 'I want to express, once again, the solidarity of the Italian people and government with the Ukrainian people and with President Zelensky.', 'Because in Ukraine we are fighting for freedom throughout Europe, because Russia would not want to stop the Ukrainian invasion, but then to continue in the countries of Western Europe and therefore Ukraine is resisting for us, also for our freedom, there is an Italian obligation to send weapons to the Ukrainian resistance and the need to raise arms expenditure to 2% .']"
150,95,150_visitors_guests_discussed_received,"['visitors', 'guests', 'discussed', 'received', 'committee', 'reviews', 'contacted', 'meeting', 'matter', 'visitor']","['The committee discussed the matter and came to a meeting of guests and received reviews.', 'The committee discussed the matter and came to a meeting of guests and received reviews.', 'The committee has discussed the matter and has been contacted by visitors and received reviews in the front committee.']"
151,95,151_investment_investments_invest_investing,"['investment', 'investments', 'invest', 'investing', 'hedge', 'funds', 'adviser', 'campaign', 'money', 'investors']","[""What's their investment policy?"", 'It is a national financial investment.', 'In what other way is the investment?']"
152,92,152_trust_broken_rebuild_glue,"['trust', 'broken', 'rebuild', 'glue', 'collapse', 'build', 'placed', 'wound', 'heal', 'distrust']","['Much is said about trust in the community in these days or about the lack of trust.', 'You see, the people need trust.', 'Of course, we need to trust the basis for that trust.']"
153,91,153_resumed_suspended_sitting_12,"['resumed', 'suspended', 'sitting', '12', 'at', '11', '16', '04', '01', '10']","['( The sitting was suspended at 7.20 p.m. and resumed at 9 p.m.)', '( The sitting was suspended at 4.10 p.m. and resumed at 6 p.m.)', '( The sitting was suspended at 3 p.m. and resumed at 4 p.m.)']"
154,90,154_insurance_companies_company_pencils,"['insurance', 'companies', 'company', 'pencils', 'ivass', 'heirs', 'agency', 'protection', 'interaction', 'optional']","[""That's where health insurance has been done."", ""But what's in the insurance policy, what insurance, what's the extra insurance making by putting it all together?"", 'But we have an insurance system.']"
155,89,155_goals_ambitious_reach_goal,"['goals', 'ambitious', 'reach', 'goal', 'ambition', 'set', 'lofty', 'se', 'achieve', 'achieved']","['Then, too, let us remember the goals set out in the sale and where we are in relation to our goals.', 'We have high goals, and it is important that we reach them.', 'It is important that we reach our goals.']"
156,88,156_reform_reforms_stress_majority,"['reform', 'reforms', 'stress', 'majority', 'competition', 'corrections', 'satisfy', 'opposite', 'everyone', 'constitutional']","['I believe that no one in the so-called majority, and even less among the opposition parliamentarians, is satisfied with the reforms we have had so far-and I am thinking of the so-called reform of competition, the tax reform that is not even moving, this reform of the procurement code and public contracts-because they are not reforms.', 'That is why this is a necessary reform.', 'There are very important measures in this reform.']"
157,88,157_agenda_g1_favour_mr,"['agenda', 'g1', 'favour', 'mr', 'agendas', 'favourable', '102', 'opinion', 'g4', 'g7']","['Mr President, on the agenda G1.102( text 2) the Government is in favour of considering the possibility of', 'Mr President, the opinion on the agenda is in favour.', 'On the agenda, the opinion was opposed to the agenda for Mr G1.1, while it was in favour of the agenda for Mr G1.100 and Mr G1.5.']"
158,87,158_reminds_minute_speakers_speech,"['reminds', 'minute', 'speakers', 'speech', 'period', 'limited', 'president', 'speaking', 'speaker', 'minutes']","[""The president still reminds us that in the case of President's conference board, each speaker has only one minute, not a minute and a half."", 'The president reminds us that speech time is one minute in answer.', 'The President reminds us of the two-minute talk period.']"
159,86,159_nurses_hospital_stress_doctors,"['nurses', 'hospital', 'stress', 'doctors', 'nursing', 'graduation', 'medical', 'educated', 'professionals', 'number']","['That even says it. to set the number of nurses in each area.', 'In 2020, a number of active nurses in 2020 were expected to need some 3,400,4,000 nurses.', 'The health system would not be run without nurses.']"
160,86,160_insurance_hospital_health_iceland,"['insurance', 'hospital', 'health', 'iceland', 'care', 'medical', 'icelandic', 'disease', 'service', 'clinical']","['When we discuss Icelandic health care, most of the discussion seems to be going to a third degree of service and preferably at a Land Hospital ◯ university hospital.', ""Of course, that person could be Iceland's Medical Insurance."", ""I'd like to also get into medical care outside the hospital because financial programs show that there are no more than 2% per year in actual financial support for Iceland's health insurance.""]"
161,86,161_enlisted_speak_he_senator,"['enlisted', 'speak', 'he', 'senator', 'crucioli', 'perosino', 'mirabelli', 'beginini', 'coltorti', 'cangini']","[""He's enlisted to speak Senator Crucioli."", ""He's enlisted to speak Senator Crucioli."", ""He's enlisted to speak Senator Crucioli.""]"
162,85,162_permit_employment_job_patent,"['permit', 'employment', 'job', 'patent', 'temporary', 'license', 'permits', 'grounds', 'licenses', 'basis']","['A similar source is found in Article 9. a current legislation on the employment rights of foreigners but a temporary employment permit on the basis of that law gives lower rights to the country but temporary employment permit on the basis of Article 8. The law.', 'They need to find someone who is in charge without a job permit and trust that they will get the job permit and be prepared to wait for the job permit to be released.', 'Therefore, what a person needs to do when he has a living permit, has a social security number, is that he needs to find a job, he must find an employer who is prepared to hire him without having a work permit-he has a social security number and no job permit-and wait for up to three months after the application for a job permit.']"
163,84,163_colleagues_silence_voice_volume,"['colleagues', 'silence', 'voice', 'volume', 'colleague', 'your', 'lower', 'silent', 'please', 'tone']","['You see, colleagues, that if we want to...', 'Colleagues, I ask you to lower the volume of your voice very much, if not even to speak.', 'All of us, colleagues and colleagues, have it.']"
164,83,164_challenges_challenge_challenging_face,"['challenges', 'challenge', 'challenging', 'face', 'ahead', 'opportunities', 'huge', 'difficult', 'tools', 'obstacles']","['But we now face new challenges.', 'We must then be clear about the challenges.', 'This will be one of the challenges we face.']"
165,83,165_enlisted_speak_senator_arrigoni,"['enlisted', 'speak', 'senator', 'arrigoni', 'gasparri', 'mallegni', 'nencini', 'bergesio', 'errani', 'alfieri']","['Senator Nencini is enlisted to speak.', 'Senator Nencini is enlisted to speak.', 'Senator Nencini is enlisted to speak.']"
166,83,166_rules_rule_regulations_purpose,"['rules', 'rule', 'regulations', 'purpose', 'guidelines', 'apply', 'minimize', 'set', 'layouts', 'tracers']","[""Really, I like to think about what it is, and it's a rule."", 'There are very clear rules about that.', 'That would be such a good rule.']"
167,83,167_nigeria_africa_niger_city,"['nigeria', 'africa', 'niger', 'city', 'lagos', 'cities', 'poorest', 'population', 'london', 'blantyre']","['However, if the United Nations and the World City Institute, known as Global Cities Institute, are known to be in foreign lands, much more of the present-day Icelanders will experience that there are more people living in one city in Nigeria, Lagos, than in all Germany.', 'North of Nigeria is the land of Niger.', 'One of the countries in Africa alone is Nigeria, one of the most trust-seeking people.']"
168,83,168_session_agenda_meet_following,"['session', 'agenda', 'meet', 'following', 'tomorrow', '30', 'wednesday', 'tuesday', 'again', 'senate']","['The Senate will meet again in public session tomorrow, Wednesday 11 May, at 9.30 a.m., with the following agenda:', 'The Senate will meet again in public session tomorrow, Wednesday 9 February, at 9.30 a.m., with the following agenda:', 'The Senate will meet again in public session tomorrow, Wednesday, March 30, at 9.30 a.m., with the following agenda:']"
169,83,169_help_spoon_knife_compassion,"['help', 'spoon', 'knife', 'compassion', 'spoons', 'people', 'knives', 'disease', 'individuals', 'who']","['The fact that people have a knife and a spoon in Iceland today is just not acceptable.', ""These people really don't have a knife and spoon."", 'These are the people we can help.']"
170,83,170_women_men_gender_sexes,"['women', 'men', 'gender', 'sexes', 'innovation', 'sex', 'differences', 'variable', 'sector', 'less']","['Thanks to this evolution, women( not because of women, but as subjects other than men) have been able to make their contribution during all these years.', 'Today, men are far more populous than women, but in general women are considered more likely to be part-time workers than men.', 'Women have less money than men.']"
171,82,171_81_5th_contrary_roll,"['81', '5th', 'contrary', 'roll', 'requested', 'gave', 'constitution', 'tabled', 'simultaneous', 'refer']","['Having been requested, I would like to refer to the roll-call vote by simultaneous ballot of amendment 4.6, tabled by Senator Maffoni and other senators, on which the 5th Commission gave an opinion contrary to Article 81 of the Constitution.', 'Having been requested, I would like to refer to the roll-call vote by simultaneous ballot of amendment 6.0.3 tabled by Senator Maffoni and other senators, on which the 5th Commission gave an opinion contrary to Article 81 of the Constitution.', 'Having been requested, I would like to refer to the roll-call vote by simultaneous ballot of amendment 4.5, tabled by Senator Maffoni and other senators, on which the 5th Commission gave an opinion contrary to Article 81 of the Constitution.']"
172,82,172_parma_regio_teatro_verdi,"['parma', 'regio', 'teatro', 'verdi', 'theatre', 'monument', 'di', 'architectural', 'artistic', 'opera']","['Among the places that most represent the city of Parma is certainly the Teatro Regio, of which today, with this provision, we ask for the recognition of a national monument.', 'To recognize today with this provision the Teatro Regio di Parma as a national monument is very important, because Parma is not only a city of great and extraordinary beauty, but has a cultural and musical tradition all its own, very particular.', 'In the Teatro Regio di Parma there are many important facts in the Italian culture.']"
173,81,173_agree_senator_completely_what,"['agree', 'senator', 'completely', 'what', 'with', 'says', 'totally', 'senators', 'internet', 'southbound']","[""I agree with what. That's what a senator does."", 'I agree with the senator on this matter.', 'But I agree with what. Senator.']"
174,80,174_better_do_we_need,"['better', 'do', 'we', 'need', 'much', 'wanderers', 'really', 'done', 'doing', 'think']","['We have to do better than that.', 'I think we can do much better there.', 'We can do this better, and we should be able to do better, and we should do better.']"
175,80,175_roll_tabled_simultaneous_call,"['roll', 'tabled', 'simultaneous', 'call', 'refer', 'amendment', 'ballot', 'granato', 'senators', 'vote']","['I would like to refer to the roll-call vote by simultaneous ballot of amendment 1.2 tabled by Senator Granato and other senators.', 'I would like to refer to the roll-call vote by simultaneous ballot of amendment 2.4, tabled by Senator Granato and other senators.', 'I would like to refer to the roll-call vote by simultaneous ballot of amendment 1.7, tabled by Senator Granato and other senators.']"
176,80,176_cinemas_cinema_platforms_films,"['cinemas', 'cinema', 'platforms', 'films', 'film', 'rooms', 'movie', 'windows', 'aggregation', 'cultural']","['They are men who deal with cinema, but also with television and cinema on television, but who have defended the cinemas.', 'Similarly, we have a duty to recognize that there can never be a cinema without cinemas.', ""Cinema and cinemas must return to what they were when we were kids: places where we went together, we discussed; there were artist's cinemas and film festivals and there was also a fact of cultural growth around the cinema, which is fundamental for our neighborhoods.""]"
177,79,177_francis_assisi_st_saint,"['francis', 'assisi', 'st', 'saint', 'umbria', 'pope', 'patron', 'religions', 'figure', 'franciscan']","['I do this because, in just a few minutes, we will discuss in this same Chamber the figure of St. Francis of Assisi.', 'St. Francis, as well as the patron saint of Italy, as well as being Assisi and representing all the values that I have already heard in part mention in this Chamber, is Umbria: we must not forget that St. Francis had great importance in Assisi first of all, but also throughout our region.', 'Assisi, in a particular way, is St. Francis; Umbria is St. Francis, but also Italy.']"
178,79,178_solidarity_mediation_cohesion_together,"['solidarity', 'mediation', 'cohesion', 'together', 'citizens', 'social', 'common', 'identity', 'country', 'socialism']","['So, Mr Draghi, let us remember-because it is very important for us-that social cohesion is the value we need to look more closely at now.', 'Mr President, never before-and I hope it is clear to everyone-is it necessary to strengthen social cohesion, precisely in order to regain that sense of trust in the institutions that is the basis of the necessary sharing so that all citizens can contribute to that social project that must restart the country after the pandemic.', 'This is an important element and is the result of mediation.']"
179,79,179_council_office_president_adjective,"['council', 'office', 'president', 'adjective', 'members', 'mr', 'advisers', 'responsibility', 'he', 'asks']","['Mr President, Mr President-in-Office of the Council, Members of the Government, ladies and gentlemen, we are not in an ordinary legislature.', ""I'd like to come up here in the context that the president of the council is the president of all the council, and surely we see it often happens here in a Senate hall that a president takes over his tools and shows his power when members of the council, even members of the council, have gone too far."", 'As President-in-Office of the Council, you know that much better than I do.']"
180,77,180_commission_stress_constructive_agreement,"['commission', 'stress', 'constructive', 'agreement', 'convergence', 'work', 'rapporteurs', 'members', 'majority', 'council']","['It is pleased that this time it is a Senate Commission that understands its importance and submits to the House a document that gathers the will of all political forces, no one excluded, to put an embankment not only ideological, but also scientific to this absolute nonsense of the streetlight label that someone would like to pass as a scientific.', 'In the meantime, I would like to stress the commitment that the Commissions I and V, meeting in the Chamber, have expressed in concluding such a broad and cross-cutting measure.', 'So there has been-and I stress this-a constructive climate in the Commissions both in the House and in the Senate around this important, fundamental provision.']"
181,77,181_cost_expensive_costs_gonna,"['cost', 'expensive', 'costs', 'gonna', 'costly', 'money', 'secondary', 'fortune', 'calculate', 'lot']","[""It's gonna cost this, and it's gonna cost a lot."", 'Of course, we know that this will cost our money.', 'Of course, all of this has cost.']"
182,77,182_frame_plan_stage_fourth,"['frame', 'plan', 'stage', 'fourth', 'nine', '2013', 'framework', 'phase', '3rd', 'complete']","['I think this frame here is good, I see this as a frame, this is a policy, and in our plan we need to stay within this frame.', 'We have even. See it in a frame plan.', 'But what is a frame plan about?']"
183,76,183_closed_sitting_agenda_see,"['closed', 'sitting', 'agenda', 'see', '16', '18', 'closing', '06', 'at', 'was']","['( See agenda) The sitting was closed at 5.50 p.m.', '( See agenda) The sitting was closed at 5.11 p.m.', '( See agenda) The sitting was closed at 6 p.m.']"
184,76,184_organic_farming_fork_farm,"['organic', 'farming', 'fork', 'farm', 'production', 'agriculture', 'strategy', 'biodiversity', 'food', 'agrienvironment']","['We certainly support the well-being of organic crops and organic products in this country.', 'Organic farming is the practice that needs to be further developed so that 25% of the total agricultural land is dedicated to organic farming by 2030.', ""It's important to consumers that you can not just say: it's organic, it's organic, it's organic, it's something that's behind it.""]"
185,76,185_mafia_foggia_anti_mafias,"['mafia', 'foggia', 'anti', 'mafias', 'province', 'illicit', 'infiltration', 'infiltrations', 'crime', 'san']","['The province of Foggia is in an extremely difficult situation, as the national anti-mafia prosecutor says all the time: the current prosecutor and his predecessor, who spoke of an emerging situation at national level, say so.', ""We need to review the situation and I want to report the words of the National Anti-Mafia Attorney, who is the main exponent of the fight against mafias in our country, Dr. Cafiero De Raho, who on more than one occasion spoke of Foggia's mafia situation as a national emergency."", 'We also ask that the pool of judges of the competent anti-mafia district management, which deals with the mafia events of the province of Foggia, be transferred to Foggia precisely to improve its action and to ensure that the law enforcement activity it is carrying out is of even greater quality.']"
186,75,186_rapporteur_call_senator_alfonso,"['rapporteur', 'call', 'senator', 'alfonso', 'boldrini', 'ripamonti', 'calderoli', 'cioffi', 'cangini', 'faggi']","[""I therefore call the rapporteur, Senator D'Alfonso."", ""I therefore call the rapporteur, Senator D'Alfonso."", ""I therefore call the rapporteur, Senator D'Alfonso.""]"
187,75,187_documents_forwarded_questions_34,"['documents', 'forwarded', 'questions', '34', 'motions', 'sentence', 'pursuant', 'standing', 'presidency', 'published']","[""The motions, questions and questions received by the Presidency, as well as the documents and documents forwarded to the standing committees pursuant to Rule 34( 1) , second sentence, of the Rules of Procedure shall be published in Annex B to the Minutes of today's sitting."", ""The motions, questions and questions received by the Presidency, as well as the documents and documents forwarded to the standing committees pursuant to Rule 34( 1) , second sentence, of the Rules of Procedure shall be published in Annex B to the Minutes of today's sitting."", ""The motions, questions and questions received by the Presidency, as well as the documents and documents forwarded to the standing committees pursuant to Rule 34( 1) , second sentence, of the Rules of Procedure shall be published in Annex B to the Minutes of today's sitting.""]"
188,75,188_presidency_authorizes_authorise_note,"['presidency', 'authorizes', 'authorise', 'note', 'takes', 'accordingly', 'authorises', 'shall', 'forum', 'do']","['The Presidency takes note of this.', 'The Presidency takes note of this.', 'The Presidency takes note of this.']"
189,74,189_uncertainty_solutions_solved_solution,"['uncertainty', 'solutions', 'solved', 'solution', 'problem', 'solve', 'fixed', 'programming', 'muse', 'expansions']","[""I feel that there's some uncertainty in between."", ""There's uncertainty in other areas."", ""I don't know when it's like there's a lot of uncertainty.""]"
190,74,190_absent_assignment_communications_leave,"['absent', 'assignment', 'communications', 'leave', 'published', 'minutes', 'list', 'received', 'assembly', 'annex']","[""The list of senators on leave and absent on assignment received from the Senate, as well as further communications to the Assembly, will be published in Annex B to today's Minutes."", ""The list of senators on leave and absent on assignment received from the Senate, as well as further communications to the Assembly, will be published in Annex B to today's Minutes."", ""The list of senators on leave and absent on assignment received from the Senate, as well as further communications to the Assembly, will be published in Annex B to today's Minutes.""]"
191,74,191_pass_green_super_strengthened,"['pass', 'green', 'super', 'strengthened', 'vaccination', 'passes', 'obligation', 'covid', 'safe', 'infected']","[""All this because he doesn't have the super green pass."", ""It's the first decree on the super green pass."", 'If we are not in emergency, why keep the super green pass, green pass and more?']"
192,74,192_billion_millions_100_hundreds,"['billion', 'millions', '100', 'hundreds', '501', 'year', 'total', 'million', '200', '20']","['The year before, it was 5 billion.', 'There are 9 billion of these last year.', 'The situation is that this 1,000 billion, or 1 billion.']"
193,73,193_abstain_against_abstention_vote,"['abstain', 'against', 'abstention', 'vote', 'reasons', 'abstaining', 'uguali', 'voting', 'declare', 'favour']","['So we, for this reason and for many other reasons that I do not have time to explain, will not vote in favour and will vote against the question of confidence in this measure.', ""This adjustment thanks to my Group's proposals means that I do not vote against it, but I will abstain, because there are so many good measures, but there is one that does not allow me to vote in favour."", ""For these reasons, I declare my Group's abstention vote.""]"
194,73,194_companies_company_epidemic_covid,"['companies', 'company', 'epidemic', 'covid', 'business', 'nvidia', 'companys', 'shut', 'flourish', 'smaller']","[""I'm talking about a small and medium-sized company, a company run by families in the country, a company where people are usually in personal obligations for debts and businesses in general, people who are losing their food."", ""There's good response to companies that have gone bad out of the Covid epidemic but, of course, they don't apply to companies that use tax belts and societies."", 'Do we not have to look at these companies in some way?']"
195,73,195_approve_annex_doesn_followed,"['approve', 'annex', 'doesn', 'followed', 'senate', 'see', 'vote', 'was', 'the', '']","[""( The vote was followed) . The Senate doesn't approve. ( See Annex B) ."", ""( The vote was followed) . The Senate doesn't approve. ( See Annex B) ."", ""( The vote was followed) . The Senate doesn't approve. ( See Annex B) .""]"
196,73,196_matteotti_giacomo_socialist_1924,"['matteotti', 'giacomo', 'socialist', '1924', 'freedom', 'fascism', 'politician', 'death', 'amendola', 'anniversary']","['The six articles of the bill for the celebrations of the hundredth anniversary of the death of Giacomo Matteotti are therefore a necessary tribute not only to the personal values that Matteotti paid dearly with the most precious good, life, but also to the values of freedom of thought and expression.', 'Mr President, bill No 2317, celebrating the 100th anniversary of the death of Giacomo Matteotti, intends to commemorate and celebrate, a hundred years after his abduction and murder, the figure and thought of Giacomo Matteotti, the socialist deputy victim of fascist violence.', 'The example that Giacomo Matteotti left to the next generations was very powerful.']"
197,72,197_corruption_bribes_bribe_bribery,"['corruption', 'bribes', 'bribe', 'bribery', 'offenses', 'oecd', 'corrupt', 'anti', 'ability', 'violation']","['However, corruption is not always so obvious.', 'My experience is that when something looks like corruption that smells like corruption, it is most likely to be corruption.', ""It's just one form of corruption.""]"
198,72,198_way_supposed_happens_happening,"['way', 'supposed', 'happens', 'happening', 'happen', 'doesn', 'maybe', 'exactly', 'just', 'opposite']","[""That's the way it's supposed to be."", ""That's the way it's supposed to be."", ""It's not the way this is supposed to be.""]"
199,72,199_plan_plans_operation_fashioned,"['plan', 'plans', 'operation', 'fashioned', 'decomposition', 'beautiful', 'programming', 'old', 'planning', 'ten']","[""But at the same time, there's a plan like this."", 'What I want to say is that we have a plan.', 'Has there been a plan for that?']"
200,72,200_accepted_agenda_g9_having,"['accepted', 'agenda', 'g9', 'having', 'agendas', 'put', 'g1', 'text', 'vote', 'g8']","['Having been accepted by the Government, the G1.1 agenda will not be put to the vote.', 'Having been accepted by the Government, the G9.1 agenda will not be put to the vote.', 'Having been accepted by the Government, the agenda will not be put to the vote.']"
201,71,201_money_funds_spent_guns,"['money', 'funds', 'spent', 'guns', 'funding', 'used', 'sums', 'throwing', 'fund', 'amount']","['Where are you gonna take the money?', ""Where that money comes from, I don't know."", 'How can we make more use of this money?']"
202,70,202_romana_maria_gasperi_de,"['romana', 'maria', 'gasperi', 'de', 'alcide', 'graziella', 'father', 'her', 'she', 'trentino']","['Therefore, if you like, I will give you the next word, when a moment will be dedicated to the memory of Maria Romana De Gasperi.', 'When we think of Maria Romana De Gasperi we refer to a figure far from secondary in the history of our democracy.', 'Colleagues, as you know, Maria Romana De Gasperi has failed.']"
203,70,203_giovanardi_renzi_68_giarrusso,"['giovanardi', 'renzi', '68', 'giarrusso', 'immunities', 'prosecutor', 'senator', 'parliamentary', 'florence', 'proceedings']","['I would remind you that the Council of Parliamentary Elections and Immunities has decided, by a majority, to propose to the Assembly to decide that the statements made by Senator Mario Michele Giarrusso constitute opinions expressed by a member of Parliament in the performance of its duties and therefore fall under the hypothesis referred to in the first paragraph of Article 68 of the Constitution.', ""I would like to point out that the Council's proposal for elections and parliamentary immunity to decide by simultaneous ballot that the statements made by Carlo Amedeo Giovanardi, Senator at the time of the events, are opinions expressed by a Member of Parliament in the performance of his duties and therefore fall under the first paragraph of Article 68 of the Constitution."", 'I would remind you that the Council of Parliamentary Elections and Immunities decided, by a majority, to propose to the Assembly that the statements made by Carlo Amedeo Giovanardi, Senator at the time of the events, constitute opinions expressed by a Member of Parliament in the performance of his duties and therefore fall under the first paragraph of Article 68 of the Constitution.']"
204,70,204_wood_land_shallow_forestry,"['wood', 'land', 'shallow', 'forestry', 'healing', 'practical', 'woods', 'use', 'forest', 'experimenting']","['But then, at the same time, we need to build the wood around the country, and we have done well there.', 'We need to add the wood, and this is part of it.', ""It's more like we don't have enough wood, we're out of wood and the public system.""]"
205,69,205_arch_trajan_benevento_traiano,"['arch', 'trajan', 'benevento', 'traiano', 'monument', 'via', 'roman', 'emperor', 'symbol', 'traiana']","['Today we are about to vote in favour of the declaration of a national monument to the Arch of Trajan.', 'The Arch of Traiano is the symbol of the city of Benevento and in a certain way represents its identity.', ""I'll take you to see the Arch of Trajan!""]"
206,69,206_quarter_credit_gas_incurred,"['quarter', 'credit', 'gas', 'incurred', 'tax', 'electricity', '2022', 'charges', 'purchase', 'companies']","['Article 18 provided for a contribution, still in the form of a tax credit, for the purchase of fuels for the exercise of agricultural and fisheries activities, equal to 20% of the expenditure incurred in the first quarter of 2022.', 'In particular, Article 3 provided for a contribution, in the form of a tax credit, to undertakings for the purchase of electricity, equal to 12% of the expenditure incurred in the second quarter of 2022.', 'The tax credit of 20% of the expenditure incurred for the purchase of fuel for fishing enterprises is also extended to the second quarter of 2022.']"
207,69,207_roll_simultaneous_tabled_refer,"['roll', 'simultaneous', 'tabled', 'refer', 'call', 'vote', 'amendment', 'commission', 'commissions', 'by']","['I would like to refer to the roll-call vote by simultaneous vote on amendment 7.30, tabled by the Commission.', 'I would like to refer to the roll-call vote by a simultaneous vote on amendment 8.30 tabled by the Commission.', 'I would like to refer to the roll-call vote by simultaneous vote of amendment 9.0.1, tabled by the Commission.']"
208,69,208_reykjavík_city_airport_capital,"['reykjavík', 'city', 'airport', 'capital', 'reykjavíkurburg', 'move', 'construction', 'area', 'mayor', 'transportation']","['In this context, take, for example, the city of Reykjavík.', 'This is then the city of Reykjavík.', ""That's 5 for the city of Reykjavík.""]"
209,69,209_policy_policies_plan_miss,"['policy', 'policies', 'plan', 'miss', 'displayed', 'entrance', 'vision', 'engulf', 'lack', 'ivass']","[""There's a plan to do something, it's not a policy."", 'But that is not to say that there is no policy.', 'In this policy, there is clear policy.']"
210,69,210_recommend_hereby_legalize_correct,"['recommend', 'hereby', 'legalize', 'correct', 'laws', 'bill', 'change', 'committee', 'legalise', 'greater']","['I hereby recommend a bill to legalize various tax and tax laws.', 'I recommend a bill to correct the change of foreign law.', 'I recommend here for a bill to correct a change in the P.R. law.']"
211,69,211_blood_transfusion_transfusions_donate,"['blood', 'transfusion', 'transfusions', 'donate', 'sexual', 'orientation', 'plasma', 'sex', 'gays', 'donation']","['It was also added to the operation on the change in blood transfusion regulations aimed at eliminating the discrimination of blood transfusions on the basis of sexual orientation.', 'I am now under discussion of the rules for blood transfusions in section 18 of a programme where changes in the requirement for apheresis, treatment, maintenance and distribution of blood and Annex 4 are recommended to be made in order to avoid any practice of blood transfusion related to sexual orientation.', 'But it is very important that all those who donate blood and donate blood, and I have given blood considerably in Norway, be questioned there for sexual behavior and very important for all who donate blood, whether queer or nonblood, to feel comfortable with blood transfusions and to have no discrimination on grounds of sexual orientation.']"
212,69,212_billion_estimated_million_cost,"['billion', 'estimated', 'million', 'cost', 'dollars', 'year', 'budget', '10', '2027', '400']","['The current budget contains 5.5 billion, which up to 6.8 billion in 2027 or an increase of 1,200 billion. K.', 'The estimated cost in 2023 is 10.3 billion dollars.', 'In 2020 this figure was about 5 billion, but it increased to 11.7 billion in budget by 2022, with 10 billion last year.']"
213,69,213_science_scientists_scientific_experts,"['science', 'scientists', 'scientific', 'experts', 'advice', 'politicians', 'listen', 'best', 'political', 'believe']","['This would not be the case as if it were a major matter that should reach its breath into political discussion, for there is now much political about it all, though, of course, we all listen to science and science.', ""I think it's a sin, however, that we lost, in my opinion, a little control over the discussion that you don't want to listen to science and our best people in that science and that something is political."", 'Today, science and the scientific conclusions that we are supposed to produce are fundamental and professional in our approach, but, of course, all countries are dealing with this as they take various measures, but they all look at science in some particular way.']"
214,68,214_oral_carry_authorisation_requested,"['oral', 'carry', 'authorisation', 'requested', 'rapporteur', 'report', 'permission', 'rapporteurs', 'out', 'craxi']","['The rapporteur, Senator Pesco, has requested authorisation to carry out the oral report.', 'The rapporteur, Senator Pesco, has requested authorisation to carry out the oral report.', 'The rapporteur, Senator Pesco, has requested authorisation to carry out the oral report.']"
215,68,215_language_languages_english_linguists,"['language', 'languages', 'english', 'linguists', 'learning', 'philosophers', 'expresses', 'communitys', 'crescents', 'welsh']","['It is also about having an opportunity to maintain our own language or language.', 'They are also important in the development of the language.', 'The language is very different from that of us, but it is also a very real language.']"
216,68,216_accepted_comments_request_made,"['accepted', 'comments', 'request', 'made', 'were', 'no', 'received', 'was', 'rejected', 'mistake']","['No comments were made and the request was accepted.', 'No comments were made and the request was accepted.', 'No comments were made and the request was accepted.']"
217,68,217_proceed_shall_amendment_vote,"['proceed', 'shall', 'amendment', 'vote', 'now', 'secret', 'text', 'x1', '500', '200']","['We shall now proceed to the vote on Amendment 1.9.', 'We shall now proceed to the vote on Amendment 1.5.', 'We shall now proceed to the vote on Amendment 4.3.']"
218,67,218_crisis_economic_crises_economy,"['crisis', 'economic', 'crises', 'economy', 'hardships', 'primacy', 'weighs', 'rhetoric', 'global', 'midst']","['This is despite a global crisis.', ""We're growing out of the crisis."", ""You see, that's how you deal with a financial crisis.""]"
219,67,219_explain_minutes_three_question,"['explain', 'minutes', 'three', 'question', 'right', 'covid', 'senator', 'falco', 'corrado', 'de']","['Senator Bagnai has the right to explain question 3-03220 on the additional monitoring procedure on vaccine products against Covid-19 for three minutes.', 'Senator Parente has the right to explain the question 3-03223 on the contribution of Russian health care to the fight against Covid-19 in spring 2020, for three minutes.', 'Senator De Falco has the right to explain the question 3-03265 on the measures to implement the national pandemic plan, for three minutes.']"
220,67,220_amendment_amendments_rejected_tabled,"['amendment', 'amendments', 'rejected', 'tabled', 'swabs', 'stress', 'withdrew', 'house', 'unheard', 'reworded']","['Other amendments which have been rejected in the Commission are still at the vote in this House today.', 'We have tabled these amendments, all of which have been rejected, without any explanation.', 'This amendment was also rejected.']"
221,66,221_rapporteur_representative_comment_agenda,"['rapporteur', 'representative', 'comment', 'agenda', 'rapporteurs', 'supplement', 'invite', 'wishes', 'call', 'ask']","['I call on the rapporteur and the representative of the Government to comment on the agenda.', 'I call on the rapporteur and the representative of the Government to comment on the agenda.', 'I would ask the rapporteur and the representative of the Government to comment on the agenda.']"
222,65,222_rosary_back_me_put,"['rosary', 'back', 'me', 'put', 'register', 'pray', 'please', 'president', 'ask', 'asking']","['Now my time is up, and I have to ask to be put back on the rosary.', ""I'd like you to put me back on the rosary."", ""I'd like you to put me back on the rosary.""]"
223,65,223_approve_annex_doesn_followed,"['approve', 'annex', 'doesn', 'followed', 'senate', 'see', 'vote', 'was', 'sat', '42']","[""( The vote was followed) . The Senate doesn't approve. ( See Annex B) ."", ""( The vote was followed) . The Senate doesn't approve. ( See Annex B) ."", ""( The vote was followed) . The Senate doesn't approve. ( See Annex B) .""]"
224,65,224_nuclear_weapons_npt_disarmament,"['nuclear', 'weapons', 'npt', 'disarmament', 'powers', 'threat', 'destruction', 'countries', 'world', 'destroy']","[""That's right, we still have nuclear weapons, and it's a big threat to the whole world."", 'There, decades old government policy is not to use nuclear weapons in this country.', 'The nuclear powers of the United States and Russia each have more nuclear weapons than the world combined in religion with international commitments not to distribute nuclear weapons and their general disarmament, such as the NPT Convention.']"
225,65,225_reality_fantasy_situation_face,"['reality', 'fantasy', 'situation', 'face', 'today', 'deal', 'happen', 'quarreling', 're', 'surpasses']","['Here we are in a completely different reality.', 'That, however, is a new reality to me.', 'What kind of reality are we here?']"
226,65,226_balboni_ciriani_ballot_simultaneous,"['balboni', 'ciriani', 'ballot', 'simultaneous', 'tabled', 'refer', 'senators', 'amendment', 'vote', 'by']","['I refer to the vote by simultaneous ballot of amendment 2.2, tabled by Senators Balboni and Ciriani.', 'I refer to the vote by simultaneous ballot of amendment 3.3, tabled by Senators Balboni and Ciriani.', 'I refer to the vote by simultaneous ballot of amendment 1.1, tabled by Senators Balboni and Ciriani.']"
227,65,227_synonym_proposed_form_proposal,"['synonym', 'proposed', 'form', 'proposal', 'submitted', 'confirm', 'submit', 'analysis', 'presidential', 'decision']","['That is in the final analysis of what this synonym is all about.', 'And another: We are now dealing with a synonym, which is just part of the change.', 'Thank you very much. Minister for the review of this synonym.']"
228,64,228_rule_roll_simultaneous_refer,"['rule', 'roll', 'simultaneous', 'refer', 'vote', 'call', 'ballot', '31', 'proceed', 'shall']","['I refer to the roll-call vote by simultaneous ballot of Rule 31.', 'I refer to the roll-call vote by simultaneous vote of Rule 30.', 'I refer to the roll-call vote by simultaneous vote of Rule 30.']"
229,64,229_81_5th_contrary_requested,"['81', '5th', 'contrary', 'requested', 'gave', 'tabled', 'constitution', 'simultaneous', 'refer', 'amendment']","['Having been requested, I would like to refer to the vote by a simultaneous vote on Amendment 10.1 tabled by Senators De Bertoldi and Calandrini, on which the 5th Commission gave an opinion contrary to Article 81 of the Constitution.', 'Having been requested, I would like to refer to the vote by a simultaneous vote on Amendment 3.0.1, tabled by Senator Granato, on which the 5th Commission gave an opinion contrary to Article 81 of the Constitution.', 'Having been requested, I would like to refer to the vote by a simultaneous vote on Amendment 3.0.1, tabled by Senators De Bertoldi and Calandrini, on which the 5th Commission gave an opinion contrary to Article 81 of the Constitution.']"
230,64,230_organic_agri_pantelleria_italy,"['organic', 'agri', 'pantelleria', 'italy', 'italian', 'food', 'products', 'agricultural', 'bio', 'agriculture']","['Among the most qualifying points-I would like to remind you-the measure provides for the introduction of a brand for Italian bio, in order to mark as 100 percent made in Italy only organic products obtained from national raw material.', 'Mr President, ladies and gentlemen, members of the Government, Minister, Italy holds the European primacy of agri-food products certified with designation of origin and geographical indication: 315 agri-food products and 526 wines, in total 841 Italian excellences totally different from each other, which are part of the culture of good nutrition and which fully contribute to the Mediterranean diet, the intangible heritage of humanity.', 'Returning to the text of the measure, Article 6 establishes the Italian organic brand to characterize the organic products obtained from Italian raw material, marked by the indication"" Italian organic, "" which is a protection for farmers and producers and a guarantee for consumers, since it will certify organic products made from 100% Italian raw materials.']"
231,64,231_easy_simple_stress_reconstruction,"['easy', 'simple', 'stress', 'reconstruction', 'quick', 'inexpensive', 'straightforward', 'easiest', 'relatively', 'choice']","['Mr President, the work of the opposition with this Government is very easy to do.', 'It is very easy to see how the effect will be.', 'That is why we have tried to keep the measures as simple as possible, so that they are easy to attend and easy to understand.']"
232,64,232_invitation_successful_invitations_closed,"['invitation', 'successful', 'invitations', 'closed', 'violates', 'covid', 'minimizes', 'transparent', 'dusted', 'pep']","[""It's not because it's a very successful invitation. It's just not like that."", 'Why did this come about in the invitation?', ""It's just that the invitation was successful.""]"
233,64,233_sanctions_russia_oligarchs_against,"['sanctions', 'russia', 'oligarchs', 'against', 'agi', 'consequences', 'deterrent', 'blatantly', 'repercussions', 'proportionate']","['The sanctions that we have approved and the sanctions that we will be able to approve in the future require us to consider very carefully their impact on our economy.', 'This also applies to individual sanctions and, above all, to trade sanctions.', 'We are and will always be for sanctions against those who do not respect it; sanctions that must be very hard in this case.']"
234,64,234_disasters_natural_disaster_earthquake,"['disasters', 'natural', 'disaster', 'earthquake', 'magnitude', 'storm', 'insurance', 'landslides', 'shock', 'eruptions']","['But there are other things going on abroad, and one of the things we see are the natural disasters that have affected.', 'Many people call them natural disasters: nothing more wrong.', 'Therefore, insurance protection from natural disasters is important as well as efficient and reasonable development right after the disaster.']"
235,63,235_presidents_proceedings_55_vice,"['presidents', 'proceedings', '55', 'vice', 'schedule', 'conference', 'pursuant', 'presence', 'representative', 'intervention']","['The Conference of Presidents of the Parliamentary Groups, meeting today, with the presence of the Vice Presidents of the Senate and with the intervention of the representative of the Government, adopted-pursuant to Rule 55 of the Rules of Procedure-the schedule of proceedings until 18 January:', 'The Conference of Presidents of the Parliamentary Groups, meeting today, with the presence of the Vice Presidents of the Senate and with the intervention of the representative of the Government, adopted-pursuant to Rule 55 of the Rules of Procedure-the new schedule of proceedings until 18 March:', 'The Conference of Presidents of the Parliamentary Groups, meeting today, with the presence of the Vice Presidents of the Senate and with the intervention of the representative of the Government, adopted by majority-pursuant to Rule 55 of the Rules of Procedure-the schedule of proceedings until 17 May:']"
236,63,236_gas_ttf_price_dutch,"['gas', 'ttf', 'price', 'dutch', 'futures', 'market', 'speculation', 'traded', 'facility', 'title']","['The TTF then consists, in turn, of the TTF spot, the price of gas delivered in the short term or the day after, and of the futures TTF, for long-term contracts.', 'There were two amendments in this measure that said that the reference price of gas could be lower than the very high price, which we know well, of the Dutch TTF quotation, which-I remind everyone-is the quotation used to determine the price of the energy share of gas on our bill, or compared to the import price.', 'We have read that the Title transfer facility( TTF) , which determines the market price, is established on the futures market, which are ten times the volume of gas available in the world.']"
237,63,237_000_no_2018_number,"['000', 'no', '2018', 'number', 'were', '2021', '871', 'individuals', '300', 'million']","['Oh Einarsson no, no, no, no, no, no, no, no, no, no, no, no, no, no, no, no, no, no, no, no, no, no, no, no, no, no, no, no, no, no, no, no, no, no. Minister for this answer, he says it would be impossible to stop at 15,000 and the figure is 20,000.', 'No, it was 2020, and in 2021 the interviews were well over 3,000.', 'I was in the process of installing my first electronic computer simulations a few years ago, in the case of 2016, 15,000 15 yes, without comment would be so unfortunate that I went to just my birthallof when tests were being passed. The tests were in progress, started up, and the company we were working with the software here with the recommended update that was so failed, and so we lost, has failed, has not been fun being done and experimenting here.']"
238,63,238_reykjavík_apartments_housing_apartment,"['reykjavík', 'apartments', 'housing', 'apartment', 'rent', 'iceland', 'city', 'social', 'estate', 'prices']","['As I said in my first talk, a third of the population in Reykjavík was built up in 48% of the new apartments in Reykjavík last year, 54% in the previous year, and 44% in 2019.', 'Reykjavík has over 20 social apartments per 1,000 people.', 'Reykjavík is building 40% of apartments.']"
239,63,239_examples_example_explanation_give,"['examples', 'example', 'explanation', 'give', 'weren', 'incomprehensible', 'postaming', 'wouldn', 'guesswork', 'explanations']","[""These are just the two examples that came to mind, and I think they're more."", 'We have so many examples of this.', 'There are many examples of this.']"
240,63,240_thank_record_senator_answer,"['thank', 'record', 'senator', 'answer', 'you', 'recording', 'tour', 'overruled', 'responders', 'touchy']","['Thank you. A senator for the record.', 'Thank you. A senator for the record.', 'Thank you. A senator for the record.']"
241,63,241_pursuant_113_accepted_procedure,"['pursuant', '113', 'accepted', 'procedure', 'rule', 'request', 'rules', '161', '94', 'paragraph']","['The request is accepted pursuant to Rule 113( 2) of the Rules of Procedure.', 'The request is accepted pursuant to Rule 113( 2) of the Rules of Procedure.', 'The request is accepted pursuant to Rule 113( 2) of the Rules of Procedure.']"
242,62,242_competition_draft_law_pnrr,"['competition', 'draft', 'law', 'pnrr', 'competitions', 'races', 'approving', 'reassignment', 'amended', 'measure']","['Mr President, the so-called competition bill is a significant and important measure.', 'We should first issue a competition law every year.', 'Today we must vote on the so-called competition bill.']"
243,62,243_changes_change_simplification_order,"['changes', 'change', 'simplification', 'order', 'simplifications', 'variant', 'ters', 'corrected', 'watchpoint', 'tilt']","['So: No, despite all these reviews exactly the people who fear the most changes, I do not fear to go into these changes.', 'The main majority of these changes are terms and references corrected, but there are also a few chemical changes.', 'There are some important changes in this matter.']"
244,62,244_freedom_free_freedoms_obstacle,"['freedom', 'free', 'freedoms', 'obstacle', 'immense', 'freely', 'means', 'weakest', 'choosing', 'fromm']","['This is the first step toward greater freedom, greater freedom today, slightly more flexibility, and even though the matter of freedom or freedom may be a factor in this matter, the relative importance of the matter may not be immense.', 'Give me a little freedom, give me a little job freedom.', 'I think we always need freedom.']"
245,62,245_priorities_priority_stress_setting,"['priorities', 'priority', 'stress', 'setting', 'set', 'meddle', 'yourself', 'imitate', 'unsettled', 'absurdity']","[""That's what I think should be my priorities."", ""Of course it's all about priorities."", ""It's just priorities and that's all it is.""]"
246,62,246_ministers_minister_prime_answer,"['ministers', 'minister', 'prime', 'answer', 'industrial', 'justice', 'employment', 'university', 'foreign', 'affairs']","['To answer, Prime Minister, Food Minister, Minister of Culture and Business, Social and Employment Ministers, University, Industrial Ministers, Ministers of Justice and Justice.', ""To answer, Prime Minister, Economic and Economic Ministers, Food Ministers, Environment, Energy and Climate Ministers, Education and Children's Ministers, Social and Employment Ministers and Health Ministers."", ""To answer, Prime Minister, Food Minister, Environment, Energy and Climate Ministers, Education and Children's Ministers, Social and Employment Services Ministers, and University, Industrial and Development Ministers.""]"
247,62,247_berlinguer_enrico_communist_sardinian,"['berlinguer', 'enrico', 'communist', 'sardinian', 'his', 'party', 'funeral', 'moral', 'leader', 'sassari']","['Berlinguer made choices that were not obvious.', 'Two questions were asked in Berlinguer.', 'Mr President, it is now 100 years since Enrico Berlinguer was born.']"
248,62,248_foreigners_immigrants_alien_laws,"['foreigners', 'immigrants', 'alien', 'laws', 'rights', 'change', 'bill', 'changes', 'law', 'legal']","['This change is also in the bill of Justice to change the law on foreigners and the legal rights of foreigners, but the latter are not being heard under his legal field.', 'At the same time, it is necessary to review laws on the legal rights of foreigners.', 'There is a change in the law of professional rights of foreigners.']"
249,61,249_armed_forces_military_tasks,"['armed', 'forces', 'military', 'tasks', 'personnel', 'defence', 'civil', 'instrument', 'functions', 'security']","['Evidently for a common goal: the well-being of the military of our Armed Forces, a greater functionality of them and I would say a greater dignity and recognition of the value of the commitment of our Armed Forces.', 'This is for our Armed Forces, for what today represents the model of Armed Forces, with an important emphasis, compared to an agenda that is not at all secondary, but becomes the main matter.', 'There are many armed forces and problems.']"
250,61,250_research_committee_investigate_committees,"['research', 'committee', 'investigate', 'committees', 'general', 'investigational', 'dirt', 'independent', 'appoint', 'reexamination']","['This can be done by the General Research Committee.', ""We're going to the General Research Committee."", 'We have to get the General Research Committee.']"
251,61,251_speech_my_second_talk,"['speech', 'my', 'second', 'talk', 'earlier', 'forgot', 'encouragement', 'finish', 'wanted', 'points']","[""That's what I'm going to mention in my second speech."", 'I did this in my speech earlier.', 'I called this in my first speech here.']"
252,61,252_children_child_interests_kids,"['children', 'child', 'interests', 'kids', 'best', 'their', 'disease', 'guided', 'synod', 'paintings']","[""Of course, a discussion at the Children's Council suggests that children are not only interested in specific matters of the child but in the community."", ""The Children's Department states that children have the right to the best health care available and that any decisions about child health should be made based on an overall assessment of their best interests."", ""But here a lot of talk is about children and children, and I believed that the most children's issues were with a child minister.""]"
253,60,253_dissent_explanation_group_speak,"['dissent', 'explanation', 'group', 'speak', 'ask', 'my', 'vote', 'you', 'from', 'an']","['I ask you to speak for an explanation of vote in dissent from my Group.', 'I ask you to speak for an explanation of vote in dissent from my Group.', 'I ask you to speak for an explanation of vote in dissent from my Group.']"
254,60,254_floor_note_give_take,"['floor', 'note', 'give', 'take', 'you', 'garruti', 'leftover', 'misunderstood', 'tie', '19th']","['I take note of that and give you the floor.', 'I take note of that and give you the floor.', 'I take note of that and give you the floor.']"
255,60,255_mental_hospital_health_iceland,"['mental', 'hospital', 'health', 'iceland', 'illness', 'disorders', 'incidence', 'report', 'services', 'built']","['No specific information is available on the number of people with mental illness or mental illness in Iceland.', 'To illustrate that it is said in one place in the report, with the permission of a president: Mental-health policy has been set out particularly in a general policy for Icelandic health care and a specific mental-health plan for the period 2016 in 2020 was the first time a special mental-health policy was set in Iceland.', 'But it may not be that there is hope for a mental-health service in Iceland.']"
256,60,256_interceptions_siri_seizure_interception,"['interceptions', 'siri', 'seizure', 'interception', 'indirect', 'conversations', 'request', 'authorization', 'correspondence', 'random']","['Now, the judge of the preliminary hearing has already made a very large selection, rejecting a series of requests regarding the usability of interceptions that the prosecutor had made, and motivates it precisely because, from a certain moment on, already according to the gup, although they are indirect interceptions, it is evident that the objective of the investigation is Senator Siri, so this argument has entered into the motivation of the measure to our examination.', 'Even the necessary passage in the presence of such a large number of interceptions over time, so at some point you have to ask yourself the question whether the objective of the investigation has changed and even whether to ask permission to continue, as well as to use those interceptions, has not been observed.', 'Already before our examination, the request for the use of numerous interceptions was not endorsed, as the judge for preliminary investigations identified the very indirect nature of these interceptions.']"
257,59,257_2nd_suggest_referred_business,"['2nd', 'suggest', 'referred', 'business', 'committee', 'discussion', 'economic', 'bill', 'andwhat', 'promissary']","['I suggest that the bill be referred to what. The Economic and Business Committee and the 2nd Environment. after this discussion.', 'I suggest that the bill be referred to what. The Economic and Business Committee and the 2nd Environment. after this discussion.', 'I suggest that the bill be referred to the Economic and Business Committee and 2nd. after this discussion.']"
258,58,258_film_filmmaking_movie_industry,"['film', 'filmmaking', 'movie', 'industry', 'jobs', 'movies', 'moviemakers', 'films', 'tv', 'production']","[""We're getting through this support to a lot of different jobs, not just the filmmaking, but all the secondary jobs I mentioned earlier."", 'However, I note that we need to be good at our work and that we are on the side of all who work in filmmaking.', 'There are really few jobs that are not involved in filmmaking, technical work, etc.']"
259,58,259_innovation_technology_solutions_research,"['innovation', 'technology', 'solutions', 'research', 'technological', 'field', 'development', 'digital', 'leap', 'virtuosos']","['Of course, we can always talk about further development of technology, research, and innovation.', ""It's supposed to contribute to innovation and innovation."", ""That's where we want to think about innovation.""]"
260,58,260_letter_written_request_received,"['letter', 'written', 'request', 'received', 'query', 'covering', 'þórsdóttir', 'borist', 'petition', 'ásthildur']","['A letter has been received from the Ministry of Education and Children where request is made in order to provide a written answer for the application of the letter. 375, the adjustment of children to school, from Ásthildur Þórsdóttir', 'Borist has received a letter from the Food Minister requesting every time to provide a written answer to a spell query. 484, on contact with stake prices and their registration, from Ásthildur Lóa Þórsdóttir.', 'The President has received a letter from the Food Minister asking for every request in order to give a written answer to a petition for this request. 484, on contact with stake prices and their registration, from Ásthildur Lóa Þórsdóttir.']"
261,58,261_milk_meat_industry_dairy,"['milk', 'meat', 'industry', 'dairy', 'products', 'production', 'livestock', 'cream', 'cents', '71nd']","['I have been a spokesman for the use of the meat, that article, to follow the way the milk industry is today.', 'There I am talking about the milk industry, and we know just how it worked out.', 'Today, in 2022, there are still special rules about the milk industry.']"
262,58,262_song_mellow_songs_lyrics,"['song', 'mellow', 'songs', 'lyrics', 'chorus', 'distribution', 'dobbles', 'rhythm', 'singing', 'lonely']","[""In the past five years, the Mellow Mellow Mellow Mellow's Mellow Mellow Mellow Mellow Mellow Mellow Mellow Mellow's Mellow Mellow Mellow Mellow Melt has been a dominant figure."", ""It's really weird, if we just talk about this as three songs, that the only song we leave behind is the top song, where the responsibility should really be the most, the political responsibility."", ""It simply has to take out 7. This song, and it's gonna take a lot of 10. these songs.""]"
263,58,263_agreement_negotiations_conditions_agreements,"['agreement', 'negotiations', 'conditions', 'agreements', 'negotiated', 'deal', 'negotiate', 'concentrations', 'temporary', 'disputes']","['We agreed to this unless we said one specific word, that was a temporary agreement, not an uninterrupted but a temporary agreement.', 'Yes, there was an agreement, but that agreement was only different from what is being done here.', 'Then an agreement should be made.']"
264,58,264_greece_greek_refugees_circumstances,"['greece', 'greek', 'refugees', 'circumstances', 'send', 'protected', 'sent', 'sending', 'protection', 'people']","['But there is absolutely no guarantee of international protection in Greece.', 'But we do not send people who have not been protected in Greece to Greece because they are so terrible.', 'On this very basis, they do not send refugees who have been protected in Greece to Greece.']"
265,57,265_text_favour_amendment_am,"['text', 'favour', 'amendment', 'am', 'amendments', 'mr', 'rewording', 'president', '12', '500']","['Mr President, I am in favour of Amendments 3.8( text 2) and 3.0.4( text 2) .', 'I am in favour of amendment 4.0.2( text 4) .', 'Mr President, I am in favour of Amendment 5.2( text 3) .']"
266,56,266_debt_2026_collection_stop,"['debt', '2026', 'collection', 'stop', 'reduce', 'stopping', 'stress', 'policy', 'off', 'growth']","['After a large debt after the collapse of the bank, where the public debt became the largest 92% of GDP in 2011, economic growth followed and the stability proposals were used to reduce public debt.', 'Let us remember that for us debt, if it is a good debt, can and must be done, because it helps to make the state grow.', ""Why is the debt of the state's debt better than it was supposed to be?""]"
267,56,267_minutes_sitting_secretary_giro,"['minutes', 'sitting', 'secretary', 'giro', 'read', 'previous', 'pisani', 'reading', 'margiotta', 'gave']","['Mr Giro, Secretary, read the Minutes of the sitting of the previous day.', 'Mr Giro, Secretary, read the Minutes of the sitting of the previous day.', 'Mr Giro, Secretary, read the Minutes of the sitting of the previous day.']"
268,56,268_dental_teeth_dentists_children,"['dental', 'teeth', 'dentists', 'children', 'treatment', 'parents', 'tooth', 'dentistry', 'defects', 'dentist']","['I myself have five children who all went to dental work.', 'This is part of what needs to be done when you have to straighten your teeth or attack larger dental or dental procedures.', ""Children's dental rights are well-known, and carriers feel that children are inaccessible according to their parents' economic situation and that children's dental rights, such as the dental work of children who were completely conditioned in 2018, are subject to law.""]"
269,56,269_flavors_flavor_taste_fruit,"['flavors', 'flavor', 'taste', 'fruit', 'candy', 'flavour', 'strawberry', 'mint', 'ban', 'fruity']","[""We're here to argue with this controversial provision that has to limit certain flavors, candy and fruit flavors."", ""If you want to spend the rest of the evening talking about flavors, candy flavors or fruit flavors, you're just gonna enjoy it."", 'The whole discussion here has been more or less a basket of flavors, candy flavors, and fruit flavors.']"
270,55,270_red_cross_contract_hornbeam,"['red', 'cross', 'contract', 'hornbeam', 'extended', 'institute', 'claims', 'protection', 'review', 'knowledge']","['I just want to encourage the highest. Minister, who for some reason has rejected the Red Cross as a means of escape, in order to read at least The comments of the Red Cross on his disgusting bill.', 'I have a good relationship with a group of members, including the Red Cross.', 'For this reason, I would like to read from the Red Cross review of the bill with the permission of a president:']"
271,55,271_no_requirement_foreboding_kaläl,"['no', 'requirement', 'foreboding', 'kaläl', 'köldun', 'popu', 'hospital', 'nullifying', 'required', 'refugee']","['The text fired by the Government a few weeks ago, in fact, did not contain any specification on what up to now is a requirement to access ordinary competitions for teachers.', 'Then a task management decided that the activation option Kaläl köldun was not to be discussed and placed directly into a reservation without professional coverage.', 'There is no rule on integrated health care, the so-called corporate welfare policies, aimed at nullifying those clauses which oblige the citizen to apply exclusively to the centres affiliated for the provision of benefits.']"
272,55,272_bioavailability_cyp3a4_medicinal_pharmacovigilance,"['bioavailability', 'cyp3a4', 'medicinal', 'pharmacovigilance', 'adverse', 'drugs', 'dose', 'products', 'experimental', 'ema']","['V.E.G. In his speech earlier, the prime minister said that there are certain exceptions, a practitioner, e.g. CYP3A4 inhibition by CYP3A4 and CYP3A4 is not recommended for CYP3A4 and CYP3A4.', 'The bioavailability, however, is also very important.', ""There's now the bioavailability issues.""]"
273,55,273_young_youths_youth_people,"['young', 'youths', 'youth', 'people', 'participate', 'differ', 'girl', 'youngest', 'educate', 'future']","['It is not just a matter of saying that young people are the future; they need action.', 'We need to let young people to the table.', 'What are you going to do for young people?']"
274,55,274_keep_mind_eye_impulsive,"['keep', 'mind', 'eye', 'impulsive', 'banism', 'need', 'something', 'lunar', 'bear', 'concern']","['I think we need to keep this in mind too.', 'So these are all the things we need to keep in mind.', ""I think there's something we have to keep in mind.""]"
275,54,275_rapporteur_call_therefore_rojc,"['rapporteur', 'call', 'therefore', 'rojc', 'fenu', 'working', 'knows', 'activity', 'professional', 'her']","['I therefore call the rapporteur.', 'I therefore call the rapporteur.', 'I therefore call the rapporteur.']"
276,54,276_prosecutor_magistrates_court_rome,"['prosecutor', 'magistrates', 'court', 'rome', 'diamond', 'mps', 'prosecutors', 'antitrust', 'bertini', 'italian']","['It is a fraud on which they investigated the Antitrust and in 2017 the Public Prosecutor of Milan, with reference to the companies Intermarket diamond business( IDB) , then failed, Diamond private investment of Rome( DPI) and to several banks, among them MPS.', 'I am much more interested in what emerges from the discussion at the Champagne Hotel, where there were members of the Supreme Council of the judiciary, former members and parliamentarians to discuss not only the choice of the prosecutor of the Republic of Rome, but to realize a discontinuity in the management of the Public Prosecutor of Rome.', 'In fact, we know very well that, at a time when, for example, it is about all the most important offices in Italian prosecutors, it is important to have a say in the appointment of a Chief Prosecutor to the Public Prosecutor of Rome, Milan, Naples or another of the most important prosecutors in Italy.']"
277,54,277_list_lists_he_information,"['list', 'lists', 'he', 'information', 'publish', 'published', 'undesirables', 'name', 'patriotism', 'names']","['People ask, "" Why was this on the list? ""', ""Well, we'd also like the list..."", 'This is a list you should have.']"
278,54,278_rapporteur_agree_mr_president,"['rapporteur', 'agree', 'mr', 'president', 'with', 'ferro', 'ostellari', 'co', 'lines', 'continuing']","['Mr President, I agree with the rapporteur.', 'Mr President, I agree with the rapporteur.', 'Mr President, I agree with the rapporteur.']"
279,54,279_immediately_action_immediate_quickly,"['immediately', 'action', 'immediate', 'quickly', 'act', 'urgent', 'fields', 'soon', 'urgently', 'promptly']","['The government must therefore act now, immediately, more quickly-every day of waiting is a lost day-and must do so with important and decisive measures.', 'We will see which course is being taken if action is not immediately taken.', 'We need immediate, decisive and profound action to review systems in the economic, financial, energy and social fields.']"
280,53,280_currency_euro_dollar_swinging,"['currency', 'euro', 'dollar', 'swinging', 'prompt', 'companies', 'stable', 'measurements', 'innovation', 'coins']","['It may focus, not on the increase in currency, but on how the currency is divided.', 'For this reason, it is not possible to have a currency.', 'We need to talk about a currency.']"
281,53,281_irccs_research_clinical_translational,"['irccs', 'research', 'clinical', 'translational', 'hospitalization', 'scientific', 'excellence', 'biomedical', 'institutes', 'thematic']","['IRCCS are national institutions with autonomy and legal personality that, according to standards of excellence, pursue research purposes mainly related to clinical applications in the biomedical field and in that of the organisation and management of health services and carry out hospitalization and care services of high specialty.', ""With today's standard in approval, the role of IRCCS is strengthened to promote excellence in preclinical, clinical, translational, clinical organizational research and technology transfer and to strengthen the criteria to ensure a higher quality of care activity."", 'And it is in this perspective that IRCCS( scientific research and care institutions) are included in which translational research finds the most advanced application.']"
282,53,282_procedure_rules_reform_constitutional,"['procedure', 'rules', 'reform', 'constitutional', 'senate', 'parliamentary', 'quorums', 'house', 'number', 'members']","['Therefore, Mr President, we are pleased with the new Rules of Procedure and the amendments to the Rules of Procedure that have been adopted.', 'Mr President, ladies and gentlemen, constitutional reform is a fact, as is the fact that the number of Members has now been cut; therefore, the amendment to our Rules of Procedure was necessary.', ""The reform of the Senate's Rules of Procedure, like that of the House's Rules of Procedure, has been made necessary by the constitutional reform that has reduced the number of parliamentarians.""]"
283,53,283_islands_insularity_119_stress,"['islands', 'insularity', '119', 'stress', 'disadvantages', 'peculiarities', 'principle', 'disadvantage', 'constitution', 'recognition']","['In short, President, the text approved by the Senate and the House consists of a single article, which-as said-amends Article 119 of the Constitution, providing that the Republic recognizes the peculiarities of the islands and promotes measures necessary to remove the disadvantages resulting from the insularity.', 'In fact, we stress that insularity is not simply a natural disadvantage of the islands, but a peculiarity of the islands themselves and above all we want to commit the Republic, the State, the Government to take concrete measures to overcome the many gaps that affect the islands, especially the infrastructural ones.', 'The Republic recognises the peculiarities of the Islands and promotes the measures necessary to remove the disadvantages resulting from the insularity of the Islands.']"
284,53,284_covid_epidemic_virus_disease,"['covid', 'epidemic', 'virus', 'disease', 'iceland', 'icelanders', 'icelandic', '19', 'pandemic', 'countries']","[""In Iceland's development partnerships, an epidemic was immediately emphasised on dealing with the situation rapidly and effectively and was quickly used for the Covid-19 related projects, both in international development and humanitarian cooperation as well as in the two-sided cooperation countries."", 'There are more epidemics in Iceland than the pandemic of Covid, including the U.S.A. suicide epidemic.', ""Then I'd like to mention the situation of the Icelandic rural society, many of which were badly affected by the Covid epidemic.""]"
285,52,285_mg_uh_par_1st,"['mg', 'uh', 'par', '1st', 'says', '2nd', 'twenty', 'mgr', '18th', 'sr']","[""I think it's very important, too, what 2 mg says. 1st par. The bill, by permission of the President:"", '........ mg, sr. 2. mgr., 2nd matter. 4 mg. 5 mg. 18th par. about farm time, energy assessment, and decrease due to income. ]', 'Where 2 mg is discussed. 2.g. says, with permission of the president:']"
286,52,286_disease_prevention_focusing_prevent,"['disease', 'prevention', 'focusing', 'prevent', 'preventive', 'control', 'diseases', 'combination', 'empowering', 'preventions']","['At the same time, it is a simple and clear administration of disease prevention.', ""We're looking at disease prevention procedures here."", 'Regarding general standards of disease prevention, it says that any disease prevention that affects children should be taken into account in their best interests.']"
287,52,287_project_projects_started_seaguard,"['project', 'projects', 'started', 'seaguard', 'beantin', 'squadron', 'roastland', 'gufudal', 'major', 'intersect']","[""It's a little project right now."", 'However, I also feel that this is not one project, that is more than one project.', ""Instead of the 20 projects, it's just one project.""]"
288,52,288_group_groups_stress_root,"['group', 'groups', 'stress', 'root', 'joined', 'withered', 'lesion', 'ide', 'helgaóttir', 'position']","['Until now, those who left one Group and did not enter another, either by their own will or because no one accepted it, joined the Mixed Group, which has a particular situation.', ""I've been with these groups, and I know how important this can be."", 'There are, of course, other groups.']"
289,52,289_important_think_fundamental_picture,"['important', 'think', 'fundamental', 'picture', 'extremely', 'stress', 'epidemic', 'reconsider', 'look', 'repeatable']","[""The big picture in this, Mr. President, when we compare this-and that's what I've done now on a regular basis, I've taken the situation in Iceland every week compared to other neighboring countries, both in terms of the measures in force and the results we've achieved in the struggle with the epidemic."", ""I think that's extremely important."", 'This is something I think is absolutely fundamental.']"
290,51,290_explanation_speak_ask_vote,"['explanation', 'speak', 'ask', 'vote', 'you', 'an', 'stalin', 'suppression', 'count', 'for']","['I ask you to speak for an explanation of vote.', 'I ask you to speak for an explanation of vote.', 'I ask you to speak for an explanation of vote.']"
291,51,291_waste_disposal_recycling_garbage,"['waste', 'disposal', 'recycling', 'garbage', 'tech', 'wastes', 'dumps', 'dump', 'recycled', 'bags']","['We need to work on the end of waste.', 'I think we share a lot of interest in the waste and waste status of the country, and I think that it took us a very long time to take these matters seriously, especially in view of the extent of waste waste disposal leading to a major climate impact.', 'There is a change in the waste management and waste environment.']"
292,51,292_possession_property_ownership_distribution,"['possession', 'property', 'ownership', 'distribution', 'special', 'scattered', 'specified', 'frequency', 'discharge', 'distributed']","['You have to ask, "" What does possession mean? ""', ""The result was the compromise in, this stated special property that would then be the property of another special property, this was private property, and it was impossible, and, of course, it's something many thought it would be a good thing to hear of, and a holy man always pays that pension fund."", 'No one can be the object of possession by another person, possession is not love.']"
293,51,293_sitting_113_star_electronic,"['sitting', '113', 'star', 'electronic', 'inform', 'pursuant', 'votes', 'sent', 'movimento', 'request']","['I inform the Assembly that at the beginning of the sitting the President of the Movimento 5 Star Group sent, pursuant to Rule 113( 2) of the Rules of Procedure, the request for an electronic vote for all votes to be taken during the sitting.', 'I inform the Assembly that at the beginning of the sitting the President of the Movimento 5 Star Group sent, pursuant to Rule 113( 2) of the Rules of Procedure, the request for an electronic vote for all votes to be taken during the sitting.', 'I inform the Assembly that at the beginning of the sitting the President of the Movimento 5 Star Group sent, pursuant to Rule 113( 2) of the Rules of Procedure, the request for an electronic vote for all votes to be taken during the sitting.']"
294,51,294_grieving_abortion_pregnancy_child,"['grieving', 'abortion', 'pregnancy', 'child', 'license', 'parents', 'weeks', 'parent', 'loss', '18']","[""However, I suggest a change to 2 mg. Section 8. puts it this way: In the case of abortion, or if a mother has an abortion after 18 weeks of pregnancy, a parent has an independent right to a grieving license for up to-the bill lasts two months, but I think it's normal that it's three months there."", 'In the case of abortion after 18 weeks of pregnancy, a parent has an independent right to a grieving license for up to two months from the date of abortion.', 'In the case of abortion after 18 weeks of pregnancy, a parent has an independent right to a grieving license for up to two months from the date of abortion.']"
295,51,295_basilicata_coviello_romualdo_carrara,"['basilicata', 'coviello', 'romualdo', 'carrara', 'valerio', 'colle', 'oltre', 'il', 'val', 'his']","['Madam President, it would have been seventy-one years in a few days, Valerio Carrara, a colleague of numerous legislators who, as has been well mentioned, has long held the office of mayor of his city, Oltre Il Colle, in Bergamo.', 'Romualdo Coviello had the ability to look forward and, at the same time, to listen to his land, to our Basilicata.', 'Mr President, Valerio Carrara was a man tied to his land, to Val Brembana, to his country, Oltre Il Colle, where he was mayor for ten years.']"
296,51,296_beaches_beach_bathing_concessions,"['beaches', 'beach', 'bathing', 'concessions', 'dealers', 'extensions', 'pools', 'swimming', 'bathers', 'small']","['And anyway, if the fees are low, the solution is not to take the beaches off our beaches to give them to the multinationals.', 'I am referring in particular to the beaches.', 'In Spain the beaches are protected because they consider the beaches of goods and not services.']"
297,50,297_worried_worry_mine_problem,"['worried', 'worry', 'mine', 'problem', 'worries', 'hivekot', 'about', 'krysavík', 'wouldn', 'dana']","[""That's what I'm worried about today."", ""No, I'm not so worried about that."", ""But I'm not worried about this.""]"
298,50,298_icelandic_education_children_school,"['icelandic', 'education', 'children', 'school', 'motherhood', 'immigrants', 'reading', 'piia', 'skills', 'child']","['For example, education, especially Icelandic, motherhood, and community education.', 'For example, education, especially Icelandic, motherhood, and community education.', 'V.E.G. Minister here mentioned Icelandic education and more.']"
299,50,299_item_tomorrow_document_decree,"['item', 'tomorrow', 'document', 'decree', 'writing', 'sitting', 'next', 'deputies', 'week', 'debate']","[""The agenda for tomorrow's session also includes, starting at 9.30 a.m., the discussion, from the writing site, of the following drafts of law: declaration of national monument of the Teatro Regio di Parma; celebrations for the hundredth anniversary of the death of Giacomo Matteotti; saving law, already approved by the Senate and modified by the Chamber of Deputies."", 'The next item is the debate on the document:', 'The next item is the debate on the document:']"
300,50,300_ferry_cruises_bought_passengers,"['ferry', 'cruises', 'bought', 'passengers', 'cruise', 'british', 'passenger', 'sail', 'grima', 'ship']","['The ferry before it was an old Dutch ferry, she was better for passengers.', ""If you want to build a new ferry, it'll take a few years."", 'This was about what matters in such a ferry.']"
301,50,301_answer_thank_much_very,"['answer', 'thank', 'much', 'very', 'minister', 'answers', 'you', 'for', 'yes', 'the']","['Thank you very much. Minister for the answer.', 'Thank you very much. Minister for the answer.', 'Thank you very much. Minister for the answer.']"
302,49,302_case_finish_gonna_finished,"['case', 'finish', 'gonna', 'finished', 'grouse', 'pretty', 'get', 'soup', 'fucked', 've']","[""I think this case's a little up to it."", ""Why don't they finish the case?"", ""It will be: You can't finish this case.""]"
303,49,303_welfare_jobseekers_systems_system,"['welfare', 'jobseekers', 'systems', 'system', 'stress', 'community', 'underneath', 'decent', 'aktuel', 'welfareist']","['We must do so much better if we are to call ourselves a social welfare society.', ""It's not bad for a welfare force."", 'We have protected the welfare systems and improved the welfare systems in recent years.']"
304,49,304_explanation_speak_ask_vote,"['explanation', 'speak', 'ask', 'vote', 'you', 'an', 'for', 'to', 'of', '']","['I ask you to speak for an explanation of vote.', 'I ask you to speak for an explanation of vote.', 'I ask you to speak for an explanation of vote.']"
305,49,305_policy_defence_foreign_common,"['policy', 'defence', 'foreign', 'common', 'west', 'empires', 'noncooperative', 'relations', 'ii', 'nations']","['It is on the basis of foreign policy that we determine what defence policies should be.', 'This is the framework on which we must discuss and, on the basis of this, we must consider how to take a step forward, as quickly as possible, on a common foreign policy and on a common defence policy, rationalising expenditure and defining the governance of this defence policy, because we would not want a tomorrow to find ourselves in complicated situations in managing it.', 'As it is not at all obvious that we will then have a common foreign policy, because first the policy comes and then the instruments that must ensure common security and defence are put in place.']"
306,49,306_gdp_growth_percent_nadef,"['gdp', 'growth', 'percent', 'nadef', 'def', 'forecast', 'forecasts', 'davos', 'compared', 'expected']","['The estimate of GDP is reduced to 3.1 percent compared to 4.7 percent, the deficit-GDP ratio to 5.6, the debt-to-GDP ratio is 147 percent, so slow down the rebound we had hoped for, that 6.2% compared to 8.9 percent of the fall in GDP we had in 2020.', ""The forecast trend growth of real GDP for 2022, as a result of a higher starting level of quarterly GDP at the end of 2021 compared to the one estimated in September 2021 and considering the economic impact of the conflict and sanctions imposed against Russia, is revised to 2.9 percent, down 1.8 percentage points compared to 4.7 percent projected in the NADEF's programme scenario last September."", 'In NADEF in September, GDP growth was expected to be 6.1 percent; inflation in the last quarter was 2.9 percent.']"
307,49,307_excluded_remaining_amendment_amendments,"['excluded', 'remaining', 'amendment', 'amendments', 'therefore', 'precluded', 'amended', 'included', 'numbering', 'part']","['The remaining part and amendment 3.12. are therefore excluded.', 'The remaining part and amendment 2.8 are therefore excluded.', 'The remaining part and amendment 1.3. are therefore excluded.']"
308,49,308_nations_international_reactor_nation,"['nations', 'international', 'reactor', 'nation', 'cooperation', 'larger', 'small', 'defenses', 'countries', 'interests']","['We will look at what our neighboring nations, fellow nations, do and fulfill our obligations, as I expect other nations to do.', 'I can say that we are a nation among nations.', 'But it is also our duty to promote the cooperation of nations that believe in democracy, free trade, and that the same guidelines apply to large nations as small nations.']"
309,48,309_spending_military_defence_billion,"['spending', 'military', 'defence', 'billion', 'expenditure', 'increase', 'increasing', 'gdp', 'defense', 'stress']","['In this context, then, can we talk about increasing military spending?', 'In the face of all this, there is talk of increased military spending.', 'On the other hand, there is an increase in military spending.']"
310,48,310_junta_juntas_configuration_parajurisdictional,"['junta', 'juntas', 'configuration', 'parajurisdictional', 'expelled', 'attribution', 'implausible', 'immunity', 'indictment', 'propose']","['The problem is only this: to decide what is the task of the Junta, which would be decided in itself.', 'We are faced with a very particular case, where the members of the Junta can be blackmailed by their party and can be expelled and removed from the Junta, in case maybe there is an authorization to proceed questionable or that concerns someone who has the strength to blackmail the senator in the Junta and to have him removed.', ""That is why we will vote in favour of the Junta's document.""]"
311,47,311_denmark_danish_refuge_prime,"['denmark', 'danish', 'refuge', 'prime', 'danir', 'rwanda', 'refugees', 'comparable', 'countries', 'mistake']","[""I quoted Denmark's prime minister earlier who said that the goal was that no one should come to Denmark to seek refuge there."", 'Is the situation better than what was discussed in Denmark?', 'Since then, there has been a new government in Denmark.']"
312,47,312_inquiry_thank_senator_you,"['inquiry', 'thank', 'senator', 'you', 'ambiguous', 'for', 'inappropriate', 'multiple', 'occasions', 'pain']","['Thank you. A senator for the inquiry.', 'Thank you. A senator for the inquiry.', 'Thank you. A senator for the inquiry.']"
313,47,313_approve_annex_doesn_followed,"['approve', 'annex', 'doesn', 'followed', 'senate', 'see', 'vote', 'was', 'the', '']","[""( The vote was followed) . The Senate doesn't approve. ( See Annex B) ."", ""( The vote was followed) . The Senate doesn't approve. ( See Annex B) ."", ""( The vote was followed) . The Senate doesn't approve. ( See Annex B) .""]"
314,47,314_serious_disinformers_seriousness_seriously,"['serious', 'disinformers', 'seriousness', 'seriously', 'sidekicks', 'situation', 'abject', 'matter', 'improbable', 'aesthetic']","['We have a very serious situation.', 'This is a serious, serious problem.', 'I would like to say that the situation is serious but it is not serious.']"
315,47,315_democratic_favour_party_announce,"['democratic', 'favour', 'party', 'announce', 'reasons', 'vote', 'centre', 'democrats', 'declare', 'group']","[""For these reasons, I announce the Democratic Party's vote in favour."", 'For this and many other reasons the Democratic Party vote will be in favour of the measure.', 'Therefore, the Democratic Party will vote in favour.']"
316,46,316_islands_island_western_beer,"['islands', 'island', 'western', 'beer', 'mainland', 'infrastructural', 'sea', 'south', 'surrounded', 'tiny']","['But we are also the small island country.', 'I think of the smaller islands, for example.', 'They wanted to call it the worst, to try a great deal of ambition for those who were in those islands, and not the natural ones in the islands around Home Island, and to consider the West to be the rights.']"
317,46,317_rights_enjoy_marchionne_šk,"['rights', 'enjoy', 'marchionne', 'šk', 'outsmart', 'right', 'individuals', 'them', 'freedom', 'steward']","['Is that exactly what these rights have?', ""So I agree that there is, of course, a fundamental premise that we can enjoy our rights, that we are aware of them, and when things are too complex, we don't know what our rights are."", 'The rights must also be given to those who have these rights, since they play an important role in society.']"
318,46,318_covid_vaccination_vaccinated_vaccines,"['covid', 'vaccination', 'vaccinated', 'vaccines', 'italians', 'italy', 'vaccinate', 'campaign', 'percent', '90']","['In fact, among the 35 European countries on which there is a study by the University of São Paulo in Brazil on anti-Covid measures taken in relation to the number of deaths per million inhabitants, Italy stands in third place after Portugal and the United Kingdom, which also have a large number of vaccinees, although Italy is the nation in which by far the population has been afflicted by the greatest number of restrictions, discrimination and sanctions.', 'On this you can discern what you want; you can say everything and more, but all the magazines and the scientific community accredit Italy to the top of the rankings for deaths from Covid.', 'I also leave the question to my colleagues in this House, for the great majority who are always ready to be absent from the absurd demands of this Government and never doubting the effectiveness of these supposed drugs, what it means that the territorial distribution in the Italian Republic of anti-Covid-19 vaccines is not allowed.']"
319,46,319_institute_foreign_applications_homepage,"['institute', 'foreign', 'applications', 'homepage', 'application', 'hand', 'furthermore', 'noncommunications', 'needleeye', 'administrative']","['What do we get in return from the Foreign Institute?', '... come and take over the Foreign Institute?', 'What will the Foreign Institute do then?']"
320,45,320_weren_names_name_chats,"['weren', 'names', 'name', 'chats', 'were', 'they', 'denial', 'allowed', 'reformulate', 'pompous']","['But as it is today, it is something we cannot change, not just the names.', ""I've often wondered, but after the problems have increased so much and the names change, I'm just asking if there were written inquiries at the wrong place, they don't know where to go."", ""They weren't registered, they weren't relevant, they weren't tested.""]"
321,45,321_employees_staff_voting_representatives,"['employees', 'staff', 'voting', 'representatives', 'hospital', 'vote', 'appointed', 'rights', 'workers', 'representative']","[""But I'm gonna start with the first question about the staff representative and why the employees don't have a vote."", ""It's two employees' representatives, but it's no vote."", ""So, of course, this with the employees' representatives, that they don't have a vote.""]"
322,45,322_service_services_basic_user,"['service', 'services', 'basic', 'user', 'render', 'heródes', 'pílatus', 'debater', 'selephos', 'access']","['This is a way that is very busy, is a service class one, and should be, in effect, a star-service class if there were any such service group.', ""So when we get to that, we're going to see if we can do this for people who need less service with a lower level of service."", 'This is a basic service that we all need.']"
323,45,323_expenses_increase_increased_turnover,"['expenses', 'increase', 'increased', 'turnover', 'billion', 'income', 'euros', 'funds', 'gdp', 'spending']","['These indicate an increase in expenses.', 'But this is their food, and the first step of the government, to increase the expenses of the state fund.', 'Already there would be an increase in expenses above the expected level.']"
324,45,324_covenant_covenants_government_harmony,"['covenant', 'covenants', 'government', 'harmony', 'fulfilled', 'preeminents', 'throughthe', 'foretells', 'vague', 'fulfill']","['There are reasons why the government covenant is not available, that is, just the will.', 'There is something in a government covenant but always when we ask, "" How should it be carried out? ""', 'However, the government covenant also shows that there is no validation of the covenant.']"
325,45,325_energy_prices_price_gas,"['energy', 'prices', 'price', 'gas', 'costs', 'bills', 'speculation', 'rises', 'increases', 'companies']","['High energy prices are reflected, as well as directly on consumer prices, also indirectly on production costs borne by companies; the most energy-intensive sectors are experiencing exceptional cost increases.', 'The high level of energy, the uncertainty of price developments and the crisis in the supply of raw materials require serious assessments, but above all important actions to curb the increase in the cost of energy and gas, which affects households and businesses, as well as the entire supply chain.', 'The first: since the price of all types of energy is parametrated on gas, as is known, when the price of gas rises, the price of renewables and energy also increases.']"
326,45,326_transparency_transparent_155_epidemic,"['transparency', 'transparent', '155', 'epidemic', '2012', 'principle', 'opening', 'flagshipd', 'phase', 'information']","['This means transparency and respect for work.', ""We're not talking about transparency in any way."", ""I don't see that there was some transparency in it.""]"
327,44,327_approve_doesn_annex_followed,"['approve', 'doesn', 'annex', 'followed', 'senate', 'see', 'vote', 'was', 'interprets', 'lines']","[""( The vote was followed) . The Senate doesn't approve. ( See Annex B) ."", ""( The vote was followed) . The Senate doesn't approve. ( See Annex B) ."", ""( The vote was followed) . The Senate doesn't approve. ( See Annex B) .""]"
328,44,328_hunting_hunt_costs_raising,"['hunting', 'hunt', 'costs', 'raising', 'price', 'fee', 'catch', 'axis', 'season', 'tailed']","['The same is true when we were discussing changes in hunting costs.', ""This, in fact, is not the basis for the Ministry's opinion that hunting costs are available."", ""There's not much good at hunting, and there's something wrong with the companies.""]"
329,44,329_am_against_amendments_mr,"['am', 'against', 'amendments', 'mr', 'amendment', 'president', 'opposed', 'article', '500', '16']","['Mr President, I am against Amendments 4.2 and 4.3.', 'Mr President, I am against Amendments 5.1 and 5.2.', 'Mr President, I am against Amendments 1.3, 1.8 and 1.9.']"
330,44,330_explanation_speak_ask_vote,"['explanation', 'speak', 'ask', 'vote', 'you', 'an', 'for', 'to', 'of', '']","['I ask you to speak for an explanation of vote.', 'I ask you to speak for an explanation of vote.', 'I ask you to speak for an explanation of vote.']"
331,44,331_family_fundamental_roles_debased,"['family', 'fundamental', 'roles', 'debased', 'families', 'social', 'unit', 'marriage', 'patterns', 'society']","['This is the first thought I have, because the role of the family is fundamental for each of us.', 'After a few years, the same person who created a family might say: I can\'t do this, because I"" keep family. ""', 'One of the things mentioned here is a family society that has been done about it.']"
332,44,332_institute_generals_applications_citizenship,"['institute', 'generals', 'applications', 'citizenship', 'foreign', 'civil', 'application', 'rights', 'waive', 'assembly']","['I am obliged to express my blood on the provision of the Foreign Institute for Civil Rights application to the Generals because I was in the General and Education Committee for the last two terms.', ""The applicant is applying for a citizen's right to the Generals, and this is the General Assembly that provides him with a review from the Foreign Institute."", 'The U.S. Civil Rights Act states that when the General Assembly grants citizenship by law, the Foreign Institute should give a review of their application.']"
333,44,333_happy_joy_celebrate_celebrating,"['happy', 'joy', 'celebrate', 'celebrating', 'job', 'satisfaction', 'rejoice', 'behold', 'glorify', 'cleansing']","[""I'm going to be happy to celebrate the proposal for Congress resolution, the plan for the protection and energy use of territories, the International Parliament, the hope of a later and a fourth time, if I've counted right, the third frame as we usually call it."", 'What a joy it is to be very effective!', 'We are happy and happy with what we have done.']"
334,44,334_amended_simultaneous_120_refer,"['amended', 'simultaneous', '120', 'refer', 'roll', 'ballot', 'text', 'composed', 'pursuant', 'vote']","['I refer to the roll-call vote by simultaneous ballot of the bill as a whole in the amended text.', 'Pursuant to Rule 120( 3) of the Rules of Procedure, I refer to the roll-call vote by simultaneous ballot of the bill as a whole in the amended text.', 'Pursuant to Rule 120( 3) of the Rules of Procedure, I refer to the roll-call vote by simultaneous ballot of the bill as a whole in the amended text.']"
335,44,335_balances_improvement_net_billion,"['balances', 'improvement', 'net', 'billion', 'compared', 'forecasts', 'balance', 'expenditure', 'initial', 'revenue']","['In turn, the revision of the primary balance is due to an improvement both on the revenue side( for about 26 billion) , and on the expenditure side net of interest( for about 14 billion) compared to the previous forecasts.', 'In particular, the net balance to be financed, i.e. the difference between final revenue and final expenditure, has a negative value of around 187.7 billion in 2021, an improvement of more than 83.2 billion compared to the balance recorded in 2020.', 'The net balance to be financed, given the difference between final revenue and final expenditure, has in 2021 a negative value of around 187.7 billion, with an improvement of more than 83.2 billion compared to the balance recorded in 2020.']"
336,43,336_predictions_nostradamus_future_predict,"['predictions', 'nostradamus', 'future', 'predict', 'prediction', 'predicting', 'thinking', 'newjapanese', 'teller', 'prophecy']","['This is for the very simple reason that it must make predictions at a time when, evidently, thinking of making predictions might objectively seem a little eager.', 'The same is true of current predictions.', 'Such predictions must be possible by a foreign agency.']"
337,43,337_reply_minutes_lamorgese_three,"['reply', 'minutes', 'lamorgese', 'three', 'interior', 'question', 'put', 'giorgetti', 'right', 'cartabia']","['The Minister for the Interior, Mr Lamorgese, has the right to reply to the question which has just been put for three minutes.', 'The Minister for the Interior, Mr Lamorgese, has the right to reply to the question which has just been put for three minutes.', 'The Minister for the Interior, Mr Lamorgese, has the right to reply to the question which has just been put for three minutes.']"
338,43,338_report_permission_written_text,"['report', 'permission', 'written', 'text', 'mr', 'president', 'reserve', 'annexed', 'read', 'ministro']","['Mr President, if you agree, I shall read the report and ask for permission to hand over the text.', 'Mr President, with your permission, I would like to read the report.', 'Mr President, I ask for permission to hand over the text of the report.']"
339,43,339_rapporteur_opinion_assent_rapporteurs,"['rapporteur', 'opinion', 'assent', 'rapporteurs', 'line', 'stress', 'mr', 'agrees', 'prerogative', 'favour']","[""Mr President, the Government's opinion is in line with that of the rapporteur."", 'Mr President, the opinion is in line with the opinion of the rapporteur.', 'Mr President, the opinion is in line with the opinion of the rapporteur.']"
340,43,340_roll_ballot_simultaneous_refer,"['roll', 'ballot', 'simultaneous', 'refer', 'call', 'article', 'vote', 'by', 'legions', 'annexes']","['I refer to the roll-call vote by simultaneous ballot of Article 1.', 'I refer to the roll-call vote by simultaneous ballot of Article 1.', 'I refer to the roll-call vote by simultaneous ballot of Article 1.']"
341,43,341_covid_epidemic_19_decree,"['covid', 'epidemic', '19', 'decree', 'containment', 'emergency', 'epidemiological', 'december', '24', 'virus']","['Mr President, Decree-Law No 172 of 26 November 2021 sets out urgent measures for the containment of the Covid-19 epidemic and for the safe conduct of economic and social activities.', 'Mr President, Decree-Law No 221 of 2021, which we are called upon to convert into law-as is well known-provides for the extension of the state of emergency and other measures for the containment of the spread of the epidemic by Covid-19.', '"" Conversion to law, with amendments, of Decree-Law No 221 of 24 December 2021 extending the state of national emergency and further measures for the containment of the spread of the epidemic by COVID-19""']"
342,43,342_proceed_shall_split_vote,"['proceed', 'shall', 'split', 'vote', 'requested', 'outcome', 'final', 'therefore', 'having', 'test']","['We shall now proceed to the vote.', 'We shall now proceed to the vote.', 'We shall now proceed to the vote.']"
343,43,343_thank_colleagues_thanks_sincere,"['thank', 'colleagues', 'thanks', 'sincere', 'my', 'offices', 'esteem', 'heartfelt', 'wholeheartedly', 'them']","['I also thank all my colleagues with whom I have shared many of these years.', 'Thank you very much to all of you and your colleagues.', 'Thank you, colleagues, and good work!']"
344,43,344_impact_expected_affect_bill,"['impact', 'expected', 'affect', 'bill', 'financial', 'negligible', 'funds', 'implementation', 'significant', 'effect']","[""It's not expected to be a financial impact at the state fund for the bill."", ""It's not expected to be a financial impact at the state fund for the bill."", 'It is not expected that this bill will have a financial impact on financial funds.']"
345,43,345_protection_surveillance_personal_protected,"['protection', 'surveillance', 'personal', 'protected', 'protect', 'privacy', 'patrolrs', 'perlon', 'stern', 'oppress']","['Personal protection is based on a very strict personal protection legislation, and I may rest assured that there will be effective monitoring of the law and that there can be some means to resolve if not.', 'It is remarkable that we, who are always talking about personal protection and struggling to secure personal protection, should really be offering such an offer.', 'Protection is a protection, was said to be of the highest order. Minister, but protection is not protected if the protection can be taken off without logical support.']"
346,43,346_vat_necessities_invoice_matches,"['vat', 'necessities', 'invoice', 'matches', 'equipment', 'purchasing', 'rescue', 'basic', 'portal', 'energetic']","['I would like to add a comment on the reduction of VAT.', 'I quote another amendment proposed by the Brothers of Italy: I am thinking of repealing at least for the construction sector of the so-called reverse charge, that is, the reversal that occurs in VAT, which in fact constantly creates problems for our small enterprises which, not applying VAT, are serving VAT upstream, the one that they must reduce.', 'After that finger on that button made the reservation, the commission calculation takes place not only on the taxable, but also on VAT, because the price is VAT included, because the Italian companies pay VAT with the F24, which is not an airplane.']"
347,42,347_approve_annex_doesn_followed,"['approve', 'annex', 'doesn', 'followed', 'senate', 'see', 'vote', 'was', 'the', '']","[""( The vote was followed) . The Senate doesn't approve. ( See Annex B) ."", ""( The vote was followed) . The Senate doesn't approve. ( See Annex B) ."", ""( The vote was followed) . The Senate doesn't approve. ( See Annex B) .""]"
348,42,348_film_filmmaking_icelandic_movie,"['film', 'filmmaking', 'icelandic', 'movie', 'iceland', 'culture', 'industry', 'films', 'competitive', 'art']","['This generates a larger concept for both the media and the Icelandic filmmaking, and there is good reason to maintain it here, when we discuss this, that the secondary effects of this are far more extensive than we often talk about when talking about Icelandic film production and Icelandic filmmaking.', ""And because we're talking about filmmaking, there may not be an institution here in the country that is better equipped for film production than Iceland's art school where all the articles needed to make a good movie are taught."", ""On our watch, the establishment of Iceland's Film Fund and the National Film Museum has been set up, along with the setting of the first reimbursement for film making.""]"
349,41,349_item_draft_debate_next,"['item', 'draft', 'debate', 'next', 'drawing', 'amended', 'law', 'deputies', '2564', 'continuation']","['The next item is the continuation of the debate on draft law No 2564.', 'The next item is the continuation of the debate on draft law No 2564.', 'The next item is the debate on draft law No 2564.']"
350,41,350_conference_councilmen_board_reminds,"['conference', 'councilmen', 'board', 'reminds', 'president', 'respect', 'speech', 'speaker', 'class', 'hour']","['The President reminds me of why. Councilmen are to respect deadlines.', 'The President reminds me of why. Councilmen are to respect a limited talk period.', ""The president reminds us that the discussion is for President's conference board.""]"
351,41,351_floor_zanda_zaffini_nugnes,"['floor', 'zanda', 'zaffini', 'nugnes', 'minutes', 'enlisted', 'senator', 'speak', 'registered', 'two']","['Senator Nugnes has the floor for two minutes.', 'Senator Zaffini has the floor for two minutes.', 'Senator Zanda has the floor for two minutes.']"
352,41,352_north_northern_countries_experience,"['north', 'northern', 'countries', 'experience', 'polish', 'compare', 'entrance', 'scandrina', 'ourselves', 'oranges']","['I would like to focus my attention on the north side, on the affairs of the north, in my brief speech.', 'Fifth, it is well discussed in the way the cooperation of Northern countries is conducted and in the north, and it is good to see that there is ambition.', 'Not all countries like the North countries are, unfortunately.']"
353,41,353_data_database_subtracts_hospital,"['data', 'database', 'subtracts', 'hospital', 'disable', 'rigs', 'menstrual', 'watches', 'bare', 'disinfectant']","['So there are many ways to get data on things.', 'I want to start with the data, too.', ""And that's what these data need.""]"
354,41,354_excise_duties_fuels_vat,"['excise', 'duties', 'fuels', 'vat', 'duty', 'petrol', 'mobile', 'reduction', 'diesel', 'haulage']","['The reduction of excise duties on diesel and petrol provided for in this decree-law was necessary, but it is certainly a temporary solution.', 'Then, Mr President, excise duties must be eliminated.', 'The prices of fuels, energy, VAT and excise duties must be reduced.']"
355,41,355_excluding_explanations_distribution_hours,"['excluding', 'explanations', 'distribution', 'hours', 'discussion', 'decree', 'no', 'draft', 'law', 'vote']","['Time distribution for discussion of bill No. 2562( Decree-Law No. 14, Crisis in Ukraine) ( 5 hours, excluding explanations of vote)', 'Time distribution for discussion of bill No. 2562( Decree-Law No. 14, Crisis in Ukraine) ( 5 hours, excluding explanations of vote)', 'Time distribution for discussion of bill No 2505( Decree-Law No. 4, Support-b) ( 7 hours, excluding explanations of vote)']"
356,41,356_work_unorthodox_environment_assistants,"['work', 'unorthodox', 'environment', 'assistants', 'manager', 'jobs', 'employees', 'type', 'gaps', 'instructor']","['It must be a job that does not have to lead people to choose whether to do it for one part of life or another because of the lack of resources to continue exercising it and the inevitable gaps that, due to its characteristics, this type of work presents.', 'The attitudes and viewpoints of assistants have shown that there is a great flexibility in the work and that helping people decide to organize their activities in cooperation with the users of the ministry.', 'On the other hand, the work of managers and their assistants is unorthodox in terms of work.']"
357,40,357_sized_enterprises_medium_small,"['sized', 'enterprises', 'medium', 'small', 'smes', 'micro', 'participation', 'procurement', 'rewards', 'hoped']","['In all honesty, we can therefore say that almost all of the market is made up of micro, small and medium-sized enterprises.', ""We're here in the EEA Regulation for the growth market of small and medium-sized enterprises."", 'However, I wanted to be quick to talk about this growth market in small and medium-sized enterprises, as it is always nice to think that what the EU calls small enterprises is an Icelandic standard, and what they call medium-sized enterprises is rather large on our standards.']"
358,40,358_explanation_speak_ask_vote,"['explanation', 'speak', 'ask', 'vote', 'you', 'an', 'for', 'to', 'of', '']","['I ask you to speak for an explanation of vote.', 'I ask you to speak for an explanation of vote.', 'I ask you to speak for an explanation of vote.']"
359,40,359_income_loss_loads_month,"['income', 'loss', 'loads', 'month', '209600', 'naturalized', 'almanachs', 'business', 'dollar', 'billion']","['Of course, the company may have suffered a loss of income.', 'It is estimated that the loss of income will be 2.4 billion this year and 3.1 billion next year.', 'As a result, market markets will be at the loss of income in this case.']"
360,40,360_student_loan_students_scholarship,"['student', 'loan', 'students', 'scholarship', 'loans', 'month', 'studying', 'study', 'alimony', 'education']","['The current support system in the student loan system is in place but has reached its end.', ""It may be that I miscalculate this contributed bill, but it says in the current scholarship law that a scholarship of 30% of the student's head count plus benefits after study, i.e. both the student's savings and the student's alimony loan."", ""For decades, I'd like to say, from students and student council, that the basic education of a student loan is too low for students to support themselves on it alone, which is why so many students work so hard at school.""]"
361,40,361_liked_would_gotten_postamism,"['liked', 'would', 'gotten', 'postamism', 'sooner', 'incisiveness', 'more', 'wouldn', 'organicity', 'finnum']","['I would have liked to see more time spent in the basic purpose of all of us, common to each other.', 'I would have liked to see others and that my knowledge of the more important things at this point.', 'We would have liked to have done more.']"
362,40,362_permission_says_president_by,"['permission', 'says', 'president', 'by', 'icellands', 'hf', 'stakeholder', 'vodafone', 'funny', 'asi']","['It says, by permission of the President:', 'It says, by permission of the president:', 'It says, by permission of the president:']"
363,40,363_councilmen_thank_discussion_council,"['councilmen', 'thank', 'discussion', 'council', 'want', 'members', 'you', 'beak', 'blinky', 'discussions']","['Thank you. Councilmen who have considered here for a good and objective discussion.', ""I'd like to start by saying thank you. Councilmen for a good discussion."", 'Thank you. First and second only. Councilmen for the discussion.']"
364,40,364_approve_annex_doesn_followed,"['approve', 'annex', 'doesn', 'followed', 'senate', 'see', 'vote', 'was', 'the', '']","[""( The vote was followed) . The Senate doesn't approve. ( See Annex B) ."", ""( The vote was followed) . The Senate doesn't approve. ( See Annex B) ."", ""( The vote was followed) . The Senate doesn't approve. ( See Annex B) .""]"
365,40,365_poverty_poor_poorer_refusing,"['poverty', 'poor', 'poorer', 'refusing', 'live', 'single', 'families', 'trapped', 'wealthier', 'soloist']","['Those who have mentioned, lived under very poor circumstances, were being asked to get out of poverty in a very poor way.', 'That is why the poor are trapped in poverty; they are built into poverty.', 'They can live in poverty, but they live in poverty because their parents are poor.']"
366,39,366_mezzogiorno_railway_jubilee_rome,"['mezzogiorno', 'railway', 'jubilee', 'rome', 'tyrrhenian', 'motorway', 'road', 'salerno', 'allocated', 'realization']","['This path of protection and valorization that to date sees also a plan introduced from the Metropolitan City to assert on the PNRR aimed to the creation of a park dedicated to the Florio Targa and the automobilismo called Floriopoli, risks to be scarred from the construction, on part of the itinerary, of a roundabout to service of the works tied to the plan of Italian Railway Network( RFI) within the plan relative to the doubling of the railway Palermo-Catania-Messina.', 'The 40% clause introduced in the conversion of Decree-Law No 77 provides that the central administrations involved in the implementation of the PNRR shall ensure that at least 40% of the resources allocated to the regions of the Mezzogiorno, regardless of the financial source of origin, are allocated to the regions of the Mezzogiorno.', ""The Cohesion Policy Department calculated that, out of € 7.1 billion of resources reserved for the Mezzogiorno, only € 2.5 billion( corresponding to seven procedures) was planned to safeguard the South's share of resources not allocated due to a shortage of eligible applications, or by shifting resources to the individual regions of the Mezzogiorno with larger projects or by opening a new competition with the resources always advanced with a clause of 40% .""]"
367,39,367_000_bucks_month_pay,"['000', 'bucks', 'month', 'pay', 'million', '200', 'dollars', 'per', '600', 'thousand']","[""If the pay line had been followed by a pay sheet, it should be more than 200,000 bucks. I'm right about a hundred thousand bucks. per month."", '100,000 bucks. every month there would be 1.2 million per year.', ""That's 10,000 bucks. every month here and 10,000 bucks. in a month.""]"
368,39,368_nature_generations_protection_generation,"['nature', 'generations', 'protection', 'generation', 'stand', 'earth', 'tubals', 'future', 'protect', 'duty']","[""The world's stewards are under obligation to protect nature and the earth from nature itself."", ""Why don't we just stand with nature?"", ""But nature's most important thing to do.""]"
369,39,369_speech_thank_senator_you,"['speech', 'thank', 'senator', 'you', 'interrupt', 'didn', 'for', 'zaffini', 'normally', 'pretty']","['Thank you. A senator for the speech.', 'Thank you. A senator for the speech.', 'Thank you. A senator for the speech.']"
370,39,370_credit_loans_agent_creditors,"['credit', 'loans', 'agent', 'creditors', 'loan', 'lend', 'exploitation', 'buoyancy', 'underscription', 'late']","['Not everyone has the same amount of credit.', ""That's what the credit agent did."", 'The consumers have to pass credit and credit before creditors lend them credit.']"
371,39,371_warrant_frequency_permit_canceled,"['warrant', 'frequency', 'permit', 'canceled', 'registration', 'ad', 'warrants', 'legal', 'miniurdour', 'judges']","[""But right now they're without a warrant."", 'They still need to get the warrant.', 'I think the General always has this warrant.']"
372,39,372_leaders_conference_timetable_convened,"['leaders', 'conference', 'timetable', 'convened', 'until', 'approved', 'tuesday', 'convene', 'assembly', 'met']","['The Conference of Leaders approved the timetable until 30 June.', 'The Conference of Leaders approved the timetable until 7 April.', 'The Conference of Leaders approved the timetable until 9 March.']"
373,39,373_test_tests_students_consistent,"['test', 'tests', 'students', 'consistent', 'exploratory', 'uniform', 'schools', 'school', '2024', 'elementary']","['This is the performance of the students in these tests directly affected the continuation of their schooling as a result of a consistent exploratory test.', ""They say, with the permission of the President: We are only unanimous about postponing a uniform test, but on the condition of resupplying it once it has been changed and improving the standardized tests are important to examine and know the status of the education system without a test that all of us don't know about the skills of students and all students will have to take different test options."", 'Is this to say that having a consistent exploratory test would have a negative effect on students and school activities, and why are tests not taken away completely?']"
374,39,374_bathing_concessions_bolkestein_directive,"['bathing', 'concessions', 'bolkestein', 'directive', 'lecce', 'subject', 'stress', 'establishments', 'tar', 'competition']","['However, I would like to return to the subject of bathing concessions, which I mentioned earlier.', 'In particular, I would like to talk about the subject of bathing concessions.', 'The last point I would like to make is the subject of bathing concessions.']"
375,39,375_staff_lack_shortage_specialized,"['staff', 'lack', 'shortage', 'specialized', 'board', 'alluding', 'shepherds', 'whaleting', 'finalizing', 'southside']","['The ageing of staff and the shortage of staff call for action.', ""On the road, I hear it's a lack of staff, not a lack of capital."", 'But this problem has been followed by a lack of staff.']"
376,39,376_geological_fire_sheets_mapping,"['geological', 'fire', 'sheets', 'mapping', 'dimensional', 'subsoil', 'burning', 'ispra', 'geothematic', 'storm']","['The Carg project, then, includes geothematic sheets and three-dimensional geological models indispensable for applications of high socio- economic impact, what you mentioned, Minister.', 'This allowed ISPRA a vigorous recovery with the start of 69 geological sheets, over 10% .', 'The resources foreseen for 2022 have allowed ISPRA to conclude 23 additional conventions and the launch of 19 geological sheets and 4 geothematics, for a total of 69 geological sheets over the three years 2020-2022, thanks to which we have exceeded 50% of national territorial coverage.']"
377,39,377_conversion_posed_approval_trust,"['conversion', 'posed', 'approval', 'trust', 'replacing', 'text', 'deputies', '9000', 'chamber', 'decree']","['I declare the result of the roll-call vote by appeal of amendment 1,9000( correct text) , entirely replacing the sole article of the bill of conversion into law of Decree-Law No 4 of 27 January 2022 on the approval of which the Government raised the question of trust:', 'I declare the result of the roll-call vote by appeal of amendment 1,9000( correct text) , entirely replacing the sole article of the bill of conversion into law of Decree-Law No 21 of March 2022, on the approval of which the Government has put the question of trust:', 'I declare the result of the roll-call vote by appeal of the sole article of the bill n. 2588, of conversion into law, with amendments, of the decree-law n. 17 of March 1, 2022, in the text approved by the Chamber of Deputies, on the approval of which the Government has posed the question of trust:']"
378,39,378_talking_re_what_about,"['talking', 're', 'what', 'about', 'exactly', 'saying', 'punch', 'underscores', 'lying', 'asked']","[""That's what we're talking about."", ""That's what we're talking about."", ""That's what we're talking about.""]"
379,39,379_borist_letter_smoke_near,"['borist', 'letter', 'smoke', 'near', 'received', 'chairman', 'attend', '3th', 'future', '4th']","['Borist has received a letter from the chairman of the United States Parliament that Sveinbjarnardóttir, his daughter, will not be able to perform any council work in the near future.', ""Borist's letter has been sent by the chairman of the National Congress team to Inga Sæland, the 7th. Smoke. So, can't do any Senate work in the near future."", ""Borist has received a letter from the chairman of the United States Parliament's Council for Kristrún Frostadóttir, 3th. Smoke. So, be absent in the near future.""]"
380,38,380_treaty_quirinale_france_paris,"['treaty', 'quirinale', 'france', 'paris', 'bilateral', 'relations', 'italy', 'rome', 'germany', 'vis']","['Madam President, on 26 November 2021 the so-called Quirinale Treaty between the Italian Republic and the French Republic for enhanced bilateral cooperation between Italy and France was signed in Rome.', 'This is the vision behind the Quirinale Treaty, a treaty that marks the transition from traditional bilateral relations to an enhanced cooperation agreement between Rome and Paris.', 'As has already been pointed out during the general debate, this Treaty, the so-called Quirinale Treaty, brings together agreements between Italy and France in various areas and, among them, in the field of justice.']"
381,38,381_waiting_party_expand_expanding,"['waiting', 'party', 'expand', 'expanding', 'option', 'enlarged', 'extended', 'kilile', 'reassessed', 'claw']","[""It seems that some people say that they can take something from a protective party and put it in a waiting party, and others want to take it out of company and put it in a waiting party, and that's some kind of horse shop or something like that."", 'The second question concerns the waiting party.', 'But I would like to ask. Because the senator says that it is a way of expanding the waiting party: Is the senator equally moving the primacy of a waiting party and moving the onset of a protection team to a waiting party?']"
382,38,382_forget_remember_memory_forgotten,"['forget', 'remember', 'memory', 'forgotten', 'skeleton', 'handed', 'contortionor', 'enclosing', 'enlightens', 'else']","['But we must not forget where we came from.', ""We don't really have to forget that."", 'We must remember this because we cannot approve the provision on memory travel and then forget what happens.']"
383,38,383_roll_ballot_simultaneous_tabled,"['roll', 'ballot', 'simultaneous', 'tabled', 'refer', 'motion', 'senators', 'call', 'resolution', 'agenda']","['I refer to the roll-call vote by simultaneous ballot of motion for a resolution No 1 tabled by Senator Crucioli and other senators.', 'I refer to the roll-call vote by simultaneous ballot of motion for a resolution No 3, tabled by Senator Crucioli and other senators.', 'I refer to the roll-call vote by simultaneous ballot of motion for a resolution No 4, tabled by Senator Ciriani and other senators.']"
384,38,384_roll_ballot_simultaneous_rule,"['roll', 'ballot', 'simultaneous', 'rule', 'refer', 'call', 'vote', 'by', 'to', 'of']","['I refer to the roll-call vote by simultaneous ballot of Rule 2.', 'I refer to the roll-call vote by simultaneous ballot of Rule 2.', 'I refer to the roll-call vote by simultaneous ballot of Rule 2.']"
385,38,385_premier_salvini_sardo_azione,"['premier', 'salvini', 'sardo', 'azione', 'lega', 'partito', 'announce', 'favour', 'autonomies', 'group']","[""For all these reasons I announce the favorable vote of the Lega-Salvini Group Premier-Partito Sardo d'Azione."", ""For all these reasons I announce the strong vote in favour of the Lega-Salvini Group Premier-Partito Sardo d'Azione."", ""For all these reasons, I announce the vote in favour of the Lega-Salvini Group Premier-Partito Sardo d'Azione on this agenda.""]"
386,38,386_roll_ballot_simultaneous_rule,"['roll', 'ballot', 'simultaneous', 'rule', 'refer', 'call', 'vote', '23', 'by', '21']","['I refer to the roll-call vote by simultaneous ballot of Rule 6.', 'I refer to the roll-call vote by simultaneous ballot of Rule 7.', 'I refer to the roll-call vote by simultaneous ballot of Rule 7.']"
387,38,387_ban_bans_banned_restricted,"['ban', 'bans', 'banned', 'restricted', 'thursdays', 'rights', 'privacy', 'createries', 'decorates', 'outlawed']","['Did people not learn anything from the ban?', 'The ban has not been successful, and we need to take this into account.', ""Let's be careful not to go into custody and ban, ban, ban, as they do in some countries.""]"
388,37,388_bertoldi_de_enlisted_speak,"['bertoldi', 'de', 'enlisted', 'speak', 'renzi', 'senator', 'mollame', 'monti', 'bonis', 'please']","['Senator De Bertoldi is enlisted to speak.', 'Senator De Bertoldi is enlisted to speak.', 'Senator De Bertoldi is enlisted to speak.']"
389,37,389_power_rulers_corrupts_torn,"['power', 'rulers', 'corrupts', 'torn', 'crystallization', 'legitimized', 'indisputably', 'repressive', 'legitimate', 'valves']","['Finally, there is power, of course.', ""It's all about power and words."", 'However, a minimum of use of the world would wish that those who have real power( and have it indisputably, we do not find it today) , that it is not a legitimate power-because what we are talking about is a de facto power, which forces, limits and obliges the legitimate power, which is what comes from a vote of confidence to a government, which in turn follows a democratic path, which is legitimized by a popular vote-should perhaps exercise it with balance, respect, discretion.']"
390,37,390_majority_eighteen_born_hemicycle,"['majority', 'eighteen', 'born', 'hemicycle', 'heterogeneous', 'forces', 'pieces', 'dozens', 'govern', 'insuffering']","['I understand that, because its majority is really difficult to hold together: it is an absolutely chaotic majority.', 'As we have said and repeated in recent days, I repeat today in this House that in the face of this dramatic situation we really do not get to understand and justify how the majority of the government and the Executive can be put into continuous fibrillation; how can we pervictly carry out destabilizing action perhaps only to win some headline, in the hope of increasing some points in the polls in view of the forthcoming political elections.', 'I have here with me only a small part of the dozens of articles, speeches and interviews that pieces of the majority have released against other parts of the majority or that pieces of the majority have released against the Government.']"
391,37,391_march_dates_date_etrs,"['march', 'dates', 'date', 'etrs', 'august', 'december', 'april', 'june', '23', 'covid']","[""We'll see, for example. this is March 1st, but March 31 is the last day of contributions."", 'We are suggesting that they will then apply before the date of December, January, February, and March.', ""So a man might take only the simplicity of this, we're just dealing with the situation since summer when all the limitations of June 25, so we're back on October 25, August 28, September 15, October 20, November 10, November 13, 23 and again, on the day of the addition and January 15.""]"
392,37,392_suggestions_suggestion_proposal_öse,"['suggestions', 'suggestion', 'proposal', 'öse', 'disregarded', 'rating', 'calling', 'vega', 'lecture', 'complaining']","[""Here's some suggestions that, well, these are very drastic suggestions."", ""That's not really a suggestion."", 'This is the change now into suggestions.']"
393,37,393_approve_annex_doesn_followed,"['approve', 'annex', 'doesn', 'followed', 'senate', 'see', 'vote', 'was', 'the', '']","[""( The vote was followed) . The Senate doesn't approve. ( See Annex B) ."", ""( The vote was followed) . The Senate doesn't approve. ( See Annex B) ."", ""( The vote was followed) . The Senate doesn't approve. ( See Annex B) .""]"
394,37,394_opened_sitting_16_35,"['opened', 'sitting', '16', '35', '33', '11', 'at', 'was', '30', '41']","['The sitting was opened at 3 p.m.', 'The sitting was opened at 3 p.m.', 'The sitting was opened at 3 p.m.']"
395,37,395_sitting_open_31_32,"['sitting', 'open', '31', '32', '34', '33', '35', '42', '30', 'opened']","['The sitting is open( 9.30 a.m.) .', 'The sitting is open( 9.30 a.m.) .', 'The sitting is open( 9.30 a.m.) .']"
396,37,396_biodynamic_biodynamics_biological_organic,"['biodynamic', 'biodynamics', 'biological', 'organic', 'equivalence', 'method', 'certification', 'article', 'preparations', 'reference']","['The amendment to article 1, paragraph 3, has in fact eliminated the explicit equivalence of agriculture with biodynamic method to the biological one, leaving a general possibility of equivalence with the biological method to those forms of agriculture that follow its disciplinary protocols.', 'The text has been amended by the Chamber of Deputies, but while it is deleted from Article 1 of the text in question any reference to the biodynamic method( reference for which the whole scientific society has been raised and in particular the Group 2003, very contrary because the esoteric biodynamic is without scientific foundations) , it is left instead to Article 5, relating to the technical table for organic production.', 'I would like to remind you that biodynamic agriculture, Senator Cattaneo, is already contained in European legislation: the European regulations on biodynamics were borrowed from biodynamics and, as has been said, biodynamic preparations have been regulated in Europe since 1991, and the representative of biodynamics has always been present in the technical table at the Ministry.']"
397,36,397_fracture_fractures_suspected_severity,"['fracture', 'fractures', 'suspected', 'severity', 'virus', '145', 'committed', 'broken', 'covid', 'tolerance']","[""Last week there was a review of a number of reports of children's fractures."", 'Although the physical effects of fractures are assessed, it is harder to evaluate spiritual effects and can often be observed or increased long, long, long after the fracture is committed and until improvement is judged or determined.', 'Of course, they were some, but in the extent possible, they were only a new fracture.']"
398,36,398_doctor_doctors_patient_patients,"['doctor', 'doctors', 'patient', 'patients', 'medical', 'postoperative', 'physiologist', 'hospital', 'surgeon', 'you']","['For example, I come back to talk about general medical doctors.', ""I don't know where we've come from if there's a situation, but that doctor's got to have it with him."", ""You're a doctor, not a doctor. You can hold him down.""]"
399,36,399_expenditure_savings_budget_million,"['expenditure', 'savings', 'budget', 'million', 'allowances', 'senate', 'euros', 'decreasing', 'aggregate', 'halved']","['Even with regard to parliamentary allowances and ancillary competences, from the beginning of the last parliamentary term to the present day, the estimate of expenditure savings is based on an amount in line with the data curve, which sees a saving and rationalization of the entire expenditure of the Senate administration.', 'Worse still, it is said that the resulting expenditure savings are allocated to the budget: the concept is expenditure savings.', ""On the question of parliamentary allowances and ancillary powers, from the beginning of the last parliamentary term to the present day the estimate of expenditure savings stands at EUR 86 million, thus respecting the data curve of previous years, as the percentage of expenditure on senators' allowances, compared to the total budget, has risen to 9% .""]"
400,36,400_approve_annex_doesn_followed,"['approve', 'annex', 'doesn', 'followed', 'senate', 'see', 'vote', 'was', 'the', '']","[""( The vote was followed) . The Senate doesn't approve. ( See Annex B) ."", ""( The vote was followed) . The Senate doesn't approve. ( See Annex B) ."", ""( The vote was followed) . The Senate doesn't approve. ( See Annex B) .""]"
401,36,401_afghan_women_afghanistan_taliban,"['afghan', 'women', 'afghanistan', 'taliban', 'relay', 'kabul', 'girls', 'activists', 'promoted', 'launched']","['Mr President, this speech I made today is part of that initiative, intended by the women of Parliament, which we called the relay for women in Afghanistan.', ""Mr President, today's speech is part of that initiative-which women in Parliament wanted-which we called a relay for women in Afghanistan."", 'When what we all know happened in Afghanistan in August last year and this campaign of physical and psychological violence was also launched in Afghanistan( because there are many forms in which women suffer violence) , precisely in our extraordinary Commission for the Protection and Promotion of Human Rights we launched the relay for Afghan women.']"
402,36,402_media_artists_icelandic_art,"['media', 'artists', 'icelandic', 'art', 'culture', 'music', 'iceland', 'freedom', 'impairs', 'creative']","['Regarding the subject range of 18, culture, continued to be the foundation of Icelandic culture and art life, a new opportunity created for Icelandic artists and creative articles sustained by industry.', 'Because there is a great deal of value in Icelandic art and culture, it is vital that governments support and strengthen young people and increasing artists.', 'In particular, consider the support the bill gives to young and up-to-date artists, as shown here in the Senate case before it is extremely positive to give special support to young people, a special art group, artists who are performing, promoting their arts, and letting their light shine, and it can be said to be the future of Icelandic culture.']"
403,36,403_liked_would_crisp_improvement,"['liked', 'would', 'crisp', 'improvement', 'have', 'sleepless', 'lampedusa', 'effective', 'yourself', 'unsettled']","['I would have liked to have a place to talk to at the highest. Minister on the exact aspect, although there are naturally a large number of other factors that need to be considered better.', ""We would have liked stronger and more effective measures from the point of view of simplifying people's lives and some provisions could easily have been included."", 'We would have liked more attention to be paid to these issues by the Government and the majority.']"
404,36,404_quickly_speed_fast_faster,"['quickly', 'speed', 'fast', 'faster', 'hurry', 'quoted', 'timely', 'spiting', 'snail', 'hands']","['In the light of these data, I think we need to do this quickly.', 'They needed to be able to act quickly.', 'We need to do this relatively quickly, but we also need to do it well.']"
405,36,405_citizenship_income_demagogy_poverty,"['citizenship', 'income', 'demagogy', 'poverty', 'istat', 'damaged', 'improved', 'dissipating', 'assistantism', 'those']","['The solution is not, cannot and must not be the income of citizenship.', ""Let's talk about citizenship income."", 'Even on citizenship income I said what I had to say.']"
406,36,406_kingdom_treasure_commune_contended,"['kingdom', 'treasure', 'commune', 'contended', 'demons', 'monarchs', 'proclaimers', 'merro', 'injuring', 'thrones']","['The Kingdom can say: "" No, it\'s not for financial reasons.', 'And what has the Kingdom been doing all this time?', 'What, then, did the Kingdom do?']"
407,36,407_harassment_insulting_humiliating_definition,"['harassment', 'insulting', 'humiliating', 'definition', 'displeasing', 'behavior', 'hostile', 'threatening', 'purpose', 'faith']","['It suggests that the term harassment will be defined according to the following definition: harassment of the behavior related to race, nationality, religion, philosophy, disability, age, sexual orientation, sexual awareness, gender characteristics, or sexual expression of what is happening to it, and that has the purpose or effect of displeasing the individual or creating situations that are threatening to humiliate or insulting the person.', 'It is quite obvious in the year of discrimination, and I restitute that the behavior of harassment has been viewed as humiliating, insulting, and hostile harassment.', 'They look at the definition of harassment, some behaviors related to race, ethnic background, religion, philosophy, philosophy, etc. and behaviour that has the purpose or the effect of displeasing the individual or creating situations that are threatening hostile, humiliating, or insulting in parentheses, but the threatening incorrigibly humiliating behavior toward another person is a form of harassment.']"
408,36,408_pc_upc_ai_idv,"['pc', 'upc', 'ai', 'idv', 'alt', 'pr', 'cal', 'smart', 'lannutti', 'crucioli']","['LANNUTTI( UpC-CAL-Alt-PC-AI-Pr.SMART-IDV) .', 'LANNUTTI( UpC-CAL-Alt-PC-AI-Pr.SMART-IDV) .', 'LANNUTTI( UpC-CAL-Alt-PC-AI-Pr.SMART-IDV) .']"
409,35,409_articles_consists_article_chapters,"['articles', 'consists', 'article', 'chapters', 'blink', 'headlined', 'decreto', 'hagsjá', 'moldwood', '1973']","['Then the same with the other articles.', 'The text consists of 3 articles.', 'It now consists of two articles.']"
410,35,410_jakobsdóttir_katrín_daughter_government,"['jakobsdóttir', 'katrín', 'daughter', 'government', 'reign', 'decade', 'gate', 'jacob', 'catherine', 'procurator']","['Minister of Human Rights Katrín, daughter of Jakobsdóttir.', ""Is this the policy of the government of Katrín, Jakobsdóttir's daughter?"", ""Can this just for the government of Katrín, Jakobsdóttir's daughter?""]"
411,35,411_tabling_amendments_deadline_relation,"['tabling', 'amendments', 'deadline', 'relation', 'draft', 'tabled', 'noon', '2330', 'fixed', '228']","[""The deadline for tabling amendments to draft law No... ( Decree-Law No 228/2021, Extension of time limits) will be fixed in relation to the Commission's work."", ""The deadline for tabling amendments to the measure will be fixed in relation to the Commission's work."", 'The deadline for tabling amendments to the draft law n....']"
412,35,412_back_house_am_mr,"['back', 'house', 'am', 'mr', 'going', 'president', 'elathan', 'indulged', 'bonapartism', 'retiring']","['Mr President, I am going back to the House.', 'Mr President, I am going back to the House.', 'Mr President, I am going back to the House.']"
413,34,413_2026_2022_completed_schedule,"['2026', '2022', 'completed', 'schedule', 'end', '2027', '2025', '2024', '2021', '2023']","['The planned completion of the new Hospital was 2025, but now it is at the end of 2026, perhaps 2027.', ""Now it's 2022, so this is three and a half years, it should be finished at the latest by the end of 2026."", 'At the same time, the work is completed at the latest by the end of 2026.']"
414,34,414_registered_she_speak_cantù,"['registered', 'she', 'speak', 'cantù', 'testor', 'piarulli', 'alessandrini', 'naturale', 'angrisani', 'senator']","['She is registered to speak Senator Cantù.', 'She is registered to speak Senator Cantù.', 'She is registered to speak Senator Cantù.']"
415,34,415_fiber_optics_optic_opticization,"['fiber', 'optics', 'optic', 'opticization', 'fibre', 'submarine', 'linking', 'ultra', 'light', 'manufacture']","['But I just wanted to return to the final part of my talk. A senator on the construction of the fiber-optic system and fiber-opticization and the potential for this position with relatively little money.', 'Thirty years ago, the main cost of fiber-optic fiber was expensive.', ""There's an important fiber-optic industry, but 12,000 homes are still free of fiber.""]"
416,34,416_ecological_transition_climate_sustainability,"['ecological', 'transition', 'climate', 'sustainability', 'realizations', 'environment', 'fashionable', 'crisis', 'ferrazzi', 'embark']","['The ecological transition can only work to the extent that there is also social sustainability.', 'The ecological transition is excellent.', ""Let's keep the ecological transition going.""]"
417,34,417_step_bit_epochs_forward,"['step', 'bit', 'epochs', 'forward', 'direction', 'taking', 'ranni', 'downs', 'think', 'fraught']","['Of course, this is not a big step, but it is an important step.', 'But as it is today, I believe this is an important step and the right step to take.', ""I think it's a very important step.""]"
418,34,418_festival_blues_pistoia_music,"['festival', 'blues', 'pistoia', 'music', 'jazz', 'festivals', 'bluesin', 'berchidda', 'event', 'musical']","['The Pistoia Blues Festival, founded in 1980, is one of the main blues festivals at international level; a reference point for the great world performers of this genre and, at the same time, an important moment of valorization of emerging artists.', 'The Pistoia Blues Festival was founded in 1980 and its forty-year-long parable has led him to be the most important blues festival in Europe and one of the first in the world.', 'In this context, the inclusion of Time in Jazz and Pistoia Blues Festival among national festivals worthy of support is an excellent investment.']"
419,34,419_approve_annex_doesn_followed,"['approve', 'annex', 'doesn', 'followed', 'senate', 'see', 'vote', 'was', 'scoreboard', 'adoption']","[""( The vote was followed) . The Senate doesn't approve. ( See Annex B) ."", ""( The vote was followed) . The Senate doesn't approve. ( See Annex B) ."", ""( The vote was followed) . The Senate doesn't approve. ( See Annex B) .""]"
420,34,420_approve_annex_doesn_followed,"['approve', 'annex', 'doesn', 'followed', 'senate', 'see', 'vote', 'was', 'the', '']","[""( The vote was followed) . The Senate doesn't approve. ( See Annex B) ."", ""( The vote was followed) . The Senate doesn't approve. ( See Annex B) ."", ""( The vote was followed) . The Senate doesn't approve. ( See Annex B) .""]"
421,34,421_treaty_treaties_puts_signing,"['treaty', 'treaties', 'puts', 'signing', 'taboo', 'ratified', 'consult', 'totheencourage', 'tributaries', 'alse']","['We do not want to go against a treaty that exists, but we can not even vote for it.', 'The emphasis presented in the Treaty is, by permission of a president, put it this way:', 'The treaty also says, with the permission of a president:']"
422,34,422_intend_speak_representative_members,"['intend', 'speak', 'representative', 'members', 'general', 'discussion', 'does', 'no', 'broadcast', 'understudys']","['There are no members to speak in the general discussion and the representative of the Government does not intend to speak.', 'There are no members to speak in the general discussion and the representative of the Government does not intend to speak.', 'There are no members to speak in the general discussion and the representative of the Government does not intend to speak.']"
423,34,423_item_deputies_draft_approved,"['item', 'deputies', 'draft', 'approved', 'debate', 'next', 'house', 'already', 'law', 'nos']","['The next item is the debate on draft law No 2542, already approved by the House of Deputies.', 'The next item is the debate on draft law No 2604, already approved by the House of Deputies.', 'The next item is the debate on draft law No 2562, already approved by the House of Deputies.']"
424,34,424_gray_areas_grey_qualify,"['gray', 'areas', 'grey', 'qualify', 'responsibilities', 'black', 'vague', 'design', 'discrimination', 'called']","['The gray areas are where there is uncertainty and responsibility.', 'But with these gray areas, they can be added to this population.', ""I didn't talk about gray areas.""]"
425,34,425_hatred_hate_speech_expression,"['hatred', 'hate', 'speech', 'expression', 'crimes', 'racial', 'minorities', 'crime', 'against', 'freedom']","['Hate speech is harmful, and it is a powerful influence on those who live up to it, and a wording is in its very nature a stronger hatred crime, and we should not allow it to continue.', 'They fear to express themselves, and thus they hate words of hatred to their freedom of expression.', 'Our hatred speech and hate crime make us a success, but we need to take it more seriously.']"
426,34,426_thank_bill_much_minister,"['thank', 'bill', 'much', 'minister', 'very', 'presentation', 'history', 'you', 'discomfort', 'presenting']","['Thank you very much. Ministers very much for your history, and thank you so much for the fact that this bill has been presented here.', 'I want to thank you very much. Minister for the history of this important bill.', 'I want to thank you very much. Social Minister for this good bill.']"
427,33,427_answer_thank_senator_you,"['answer', 'thank', 'senator', 'you', 'roughly', 'second', 'angles', 'unsurpassed', 'angle', 'obstacle']","[""Thank you. The senator's answer."", ""Thank you. The senator's answer."", ""Thank you. The senator's answer.""]"
428,33,428_loan_million_loans_payments,"['loan', 'million', 'loans', 'payments', 'borrower', 'paid', 'month', '000', '30', '40']","['The borrower has paid 6.9 million, but the loan has increased by 2.6 million.', 'But besides, 30 million. K. A loan adds up 7 million to each other during the loan period just for one year.', 'After five more years on January 1, 2027, the loan will have paid 14 million, and the loan will last at 36.3 million.']"
429,33,429_antipsychotics_antipsychotic_drugs_medicinal,"['antipsychotics', 'antipsychotic', 'drugs', 'medicinal', 'nursing', 'diagnosis', 'antidepressants', 'efficacy', 'use', '2018']","['Not: If you are this old, you should stay in a nursing home and be so good at taking your antipsychotics.', ""I'd probably stand here all day if I was going to talk about all the adverse reactions of antipsychotics, especially antipsychotics, but it might just have to wait a little bit more time."", 'I wish I had some information about how many antipsychotics each one was on.']"
430,33,430_personal_protection_assessment_perone,"['personal', 'protection', 'assessment', 'perone', 'evaluation', 'bill', 'impact', 'effects', 'comments', 'review']","['It can not be seen that assessment of the impact of the bill on personal protection has been part of a general impact assessment in connection with its approval[...] Personal protection thinks that such assessments must be performed on the part of the Lawgiver, including the comments made by the Agency on the bill.', 'Then the Committee discussed the assessment of the effects on personal protection through the processing of personal information.', 'There is no assessment of the effect on personal protection in this bill.']"
431,33,431_wood_apology_highest_apologized,"['wood', 'apology', 'highest', 'apologized', 'minister', 'unsubstantiated', 'statement', 'sincere', 'heartbroken', 'degree']","['However, I listened right here at the highest. Minister of wood before.', 'I wanted to mention this because here is the highest. Minister of the wood to answer.', ""A minister of wood has done and that's what matters.""]"
432,33,432_gardening_school_university_southland,"['gardening', 'school', 'university', 'southland', 'innunciation', 'smoke', 'elfus', 'smoking', '1939', 'agriculture']","[""Sadly, some 20 years ago, the gardening school was united with Iceland's agricultural university."", 'Of course, until such a decision has been made, the Gardening School at Smoke is at the University of Agriculture.', ""That is where gardening school's work is of vital importance.""]"
433,33,433_environment_charter_cared_environmental,"['environment', 'charter', 'cared', 'environmental', 'central', 'balancedly', 'protect', 'planet', '1981', 'dealing']","['Speaking of sustainability and the environment, Mr President, ladies and gentlemen, I think it is worth recalling the report to the Central Committee of 3 December 1981, when it returned to the danger of ecological disaster, saying that soil, subsoil, seas and spaces, and matter in its infinitesimal particles, are available there to be used rationally and balancedly in order to increase resources, to protect humanity from dangers, to enrich its existence.', 'Of course, the environment is for our own good.', 'We can do what is necessary for the environment.']"
434,32,434_resilience_recovery_plan_national,"['resilience', 'recovery', 'plan', 'national', 'implementation', 'articulated', 'relaunch', 'implemented', 'inequalities', 'opportunity']","['The first is linked to the implementation times of the interventions in the National Recovery and Resilience Plan, which will be long.', 'We move forward with the old National Recovery and Resilience Plan.', 'This is also a key point in the implementation of the National Recovery and Resilience Plan.']"
435,32,435_enlisted_carlo_speak_pesco,"['enlisted', 'carlo', 'speak', 'pesco', 'de', 'pepe', 'senator', 'siano', 'pietra', 'la']","['Senator De Carlo is enlisted to speak.', 'Senator De Carlo is enlisted to speak.', 'Senator De Carlo is enlisted to speak.']"
436,32,436_approve_annex_doesn_followed,"['approve', 'annex', 'doesn', 'followed', 'senate', 'see', 'vote', 'was', 'the', '']","[""( The vote was followed) . The Senate doesn't approve. ( See Annex B) ."", ""( The vote was followed) . The Senate doesn't approve. ( See Annex B) ."", ""( The vote was followed) . The Senate doesn't approve. ( See Annex B) .""]"
437,32,437_nominal_ballot_simultaneous_refer,"['nominal', 'ballot', 'simultaneous', 'refer', 'whole', 'vote', 'bill', 'viii', 'doc', 'by']","['I refer to the nominal vote by simultaneous ballot of the bill as a whole.', 'I refer to the nominal vote by simultaneous ballot of the bill as a whole.', 'I refer to the nominal vote by simultaneous ballot of the bill as a whole.']"
438,32,438_answers_thank_much_very,"['answers', 'thank', 'much', 'very', 'minister', 'answer', 'you', 'disquisition', 'want', 'upbuilding']","['I want to thank you very much. Minister for the answers.', 'Thank you very much. Minister for these answers.', 'But I thank you very much. Minister for the answers.']"
439,32,439_landowners_land_grid_reapers,"['landowners', 'land', 'grid', 'reapers', 'bronze', 'primarily', 'retreated', 'gsm', 'constitution', 'earths']","['Other regulations require that land be placed on landowners.', 'This is an enormous interest in landowners.', 'This should be primarily against landowners.']"
440,32,440_funds_regulation_operators_investment,"['funds', 'regulation', 'operators', 'investment', 'eltif', 'market', 'protection', 'clients', 'specialized', 'marketing']","['The main element of the Regulation is, first of all, their set of values, but the regulations apply to the funds considered to be specialized funds.', 'The potential impact of the implementation of the Regulation is that more operators of specialized funds will be able to implement and market funds as these up-to-date conditions.', 'The main issue of the Regulation is that the funds should receive confirmation as ELTIF funds and that operators should be approved by the competent authorities in order to run such funds.']"
441,32,441_signed_constitution_investigated_pledge,"['signed', 'constitution', 'investigated', 'pledge', 'assembly', 'commitment', 'letter', 'serve', 'welcome', 'her']","['Her letter has already been investigated and agreed, but she has not taken her seat before at the General Assembly and is therefore to sign her vows to the Constitution.', ""The Helgi son of Héðinsson's letter has been investigated and agreed, but he has not previously taken his place in the General Assembly, so his commitment to the Constitution is to be signed."", ""The letter of Jóhannesson's son Björgvin has been investigated and approved, but he has not previously taken his place in the General Assembly, so his commitment to the Constitution is to be signed.""]"
442,32,442_crimes_criminal_international_court,"['crimes', 'criminal', 'international', 'court', 'statute', 'humanity', 'genocide', 'jurisdiction', 'geneva', 'war']","['Instead, according to the guidelines contained in the motion that we are about to approve, the intervention of the International Criminal Court could proceed more effectively against crimes of genocide, those against humanity, war crimes and the crime of aggression.', 'The Court has jurisdiction over genocide, crimes against humanity, war crimes and crimes of aggression.', 'Under the Rome Statute, the International Criminal Court has jurisdiction over genocide in general, war crimes against humanity and crimes of aggression.']"
443,32,443_quality_monitoring_flexibility_control,"['quality', 'monitoring', 'flexibility', 'control', 'flexible', 'gears', 'hagroom', 'poke', 'automonitoring', 'monitor']","['One of the problems of putting everything in place, although it may increase efficiency, is that quality control often suffers because it is a quality control factor, which puts quality control aside by making and making decisions.', 'Quality control is two of these in general; internal quality control and external quality control.', 'They are part of the quality monitoring.']"
444,32,444_draghi_italy_president_voice,"['draghi', 'italy', 'president', 'voice', 'choice', 'italians', 'italian', 'multinationals', 'mario', 'thanks']","[""I would also like to know where those owls are, who have hidden behind Professor Draghi's esteemed professional figure, in order to hide their inability, those political forces in contradiction between them, who, however, hid behind the figure of Draghi and who perhaps even today, without their legitimacy and probably without permission, hide behind the flag of Draghi to propose to the Italians an alternative that does not exist."", 'President Draghi, Italy needs a policy that is up to date and needs you.', 'Mr. President Draghi, Together for the Future there is and will be at your side for Italy and the Italians.']"
445,32,445_misto_nc_ndc_iac,"['misto', 'nc', 'ndc', 'iac', 'quegliariello', 'eu', 'lonardo', 'prc', 'pap', 'se']","['Mr Quegliariello( Misto-Iac( I-C-EU-NdC( NC) ) ) .', 'Mr Quegliariello( Misto-Iac( I-C-EU-NdC( NC) ) ) .', 'Mr Quegliariello( Misto-Iac( I-C-EU-NdC( NC) ) ) .']"
446,32,446_complicated_nothing_than_simple,"['complicated', 'nothing', 'than', 'simple', 'complex', 'more', 'complications', 'stuff', 'itself', 'studies']","['Is it more complicated than that?', ""It's more complicated than that."", ""It's not that complicated, and it's no more complicated than that.""]"
447,32,447_roll_ballot_simultaneous_rule,"['roll', 'ballot', 'simultaneous', 'rule', 'refer', 'call', 'vote', 'by', 'covers', 'voters']","['I refer to the roll-call vote by simultaneous ballot of Rule 3.', 'I refer to the roll-call vote by simultaneous ballot of Rule 3.', 'I refer to the roll-call vote by simultaneous ballot of Rule 3.']"
448,31,448_adhd_waiting_children_behavioral,"['adhd', 'waiting', 'children', 'behavioral', '738', '326', 'months', 'waited', 'list', 'analysis']","[""It's annoying, as I've been on, that there are 1,000 children on the waiting list for ADHD analysis and that we should have a three-year waiting period for them."", 'It is this waiting art and state of mental health that must scream at us from this report, and it will be there, for example. Until the ADHD team is 36 months and today the Land Hospital team has a total of 18 months, depression and anxiety, the group 12 months, the eating team over 18 months, and the development and behavioral center, which is 24 months.', 'In December, 738 children waited for analysis at the Development and Behavioral Station, a mean waiting time of 12 in ◯ 14 months.']"
449,31,449_floor_minutes_respond_two,"['floor', 'minutes', 'respond', 'two', 'give', 'senator', 'pharaoh', 'falco', 'biti', 'parente']","['I give the floor to the Senator Parente to respond for two minutes.', 'I give the floor to the Senator Parente to respond for two minutes.', 'I give the floor to Senator Calandrini to respond for two minutes.']"
450,31,450_meeting_length_10th_4th,"['meeting', 'length', '10th', '4th', 'par', 'mg', 'longer', 'dictates', 'conference', 'congress']","['No matter the 4th mg. 10th par. Congress, about the length of a meeting, suggests that a meeting meeting can last longer than the Senate dictates.', 'No matter the 4th mg. 10th par. Congress, about the length of a meeting, suggests that a meeting meeting can last longer than the Senate dictates.', 'No matter the 4th mg. 10th par. Congress, about the length of a meeting, suggests that a meeting meeting can last longer than the Senate dictates.']"
451,31,451_book_green_bookwork_energy,"['book', 'green', 'bookwork', 'energy', 'challenges', 'started', 'climate', 'books', 'submitted', 'summarises']","['I set out long ago to help even the green book. In this and the Department of Energy is about to bring information both in the Green Book and naturally to members of Congress and the Ministry.', ""Exactly what we're talking about here was so clear in this green book."", 'And what will the Green Book do?']"
452,31,452_disease_prevention_epidemic_control,"['disease', 'prevention', 'epidemic', 'control', 'health', 'decisions', 'committee', 'entrance', 'making', 'theprecaution']","['Disease prevention measures, e.g. It should be noted that if many special interests are placed on the committee, they may become more conflicting if other interests than disease control may outweigh the benefits and determine the decision of a travel committee.', 'It says that the bill can go further and take both the field of disease control and public health from the governor and set up a public health and health care center under the control of a Center for Disease Control.', 'Second, the bill suggests that there will be specific targets for the treatment of disease and disease laws.']"
453,31,453_approve_annex_doesn_followed,"['approve', 'annex', 'doesn', 'followed', 'senate', 'see', 'vote', 'was', 'the', '']","[""( The vote was followed) . The Senate doesn't approve. ( See Annex B) ."", ""( The vote was followed) . The Senate doesn't approve. ( See Annex B) ."", ""( The vote was followed) . The Senate doesn't approve. ( See Annex B) .""]"
454,31,454_starving_food_noodles_hungry,"['starving', 'food', 'noodles', 'hungry', 'fed', 'approaching', 'month', 'eat', 'live', 'infuses']","['Perhaps this is the policy, this starving policy against the most important aspects of society, which, of course, are the welfare of the nation, the health system, the education system, and other factors that make it good to live here, and that it is possible to live here.', 'This is, in effect, a change in starving certain groups to cooperate.', 'It is, in effect, starving people for cooperation, one might say.']"
455,31,455_effect_already_comes_into,"['effect', 'already', 'comes', 'into', 'law', 'reads', '3rd', '241', 'valid', 'tick']","['This law already comes into effect.', 'This law already comes into effect. ◯', '▪ This law already comes into effect.']"
456,31,456_roll_ballot_simultaneous_rule,"['roll', 'ballot', 'simultaneous', 'rule', 'refer', 'call', 'vote', 'by', 'to', 'of']","['I refer to the roll-call vote by simultaneous ballot of Rule 4.', 'I refer to the roll-call vote by simultaneous ballot of Rule 4.', 'I refer to the roll-call vote by simultaneous ballot of Rule 4.']"
457,31,457_comments_minutes_approved_were,"['comments', 'minutes', 'approved', 'were', 'since', 'no', 'there', 'the', '', '']","['Since there were no comments, the Minutes were approved.', 'Since there were no comments, the Minutes were approved.', 'Since there were no comments, the Minutes were approved.']"
458,31,458_day_stress_homophobia_celebrated,"['day', 'stress', 'homophobia', 'celebrated', 'simples', 'biphobia', 'transphobia', '908', '2281', 'today']","['Mr President, I would like to remind the House that today is the International Day against Homophobia, Biphobia and Transphobia to support LGBT people, fight homophobia and prevent and combat discrimination that many people are still forced to live and suffer every day because of their sexual orientation.', 'Mr President, I would like to stress that we do not recognise this day, as required by the draft Law 2281 of 2021, which means that we will also speak in this House today by denying and offending history and reality.', 'I think this is a very important day.']"
459,31,459_community_prison_service_rate,"['community', 'prison', 'service', 'rate', 'sentenced', 'study', 'sentence', 'punishment', '1998', 'results']","['Thus, research has shown either no difference between prison and community service[...] or that community service has a lower objective rate but the difference is not significant[... ] .', 'The results of community service are not numerous in the United States, but in a 1986 U.S. study, the effects of community service were examined and compared to those who received a short prison sentence.', 'In a 1998 study, it was found that there is a tendency for individuals serving in community service not to commit as serious a violations as those sent to prison, which can certainly affect the low focal rate of this group.']"
460,30,460_question_senator_thank_word,"['question', 'senator', 'thank', 'word', 'suffix', 'archery', 'you', 'cruel', 'impression', 'unpleasant']","['Thank you. A senator for the question.', 'Thank you. A senator for the question.', 'Thank you. A senator for the question.']"
461,30,461_litre_petrol_diesel_per,"['litre', 'petrol', 'diesel', 'per', 'euros', 'eur', 'price', 'cents', 'cubic', 'exceeded']","['Not to mention the expensive fuels, with the prices of one litre of petrol that exceeded 2.2 euros( 4.60 lire per litre) and those of diesel that on the net even exceed those of petrol.', 'However, while the cost of gas oil exceeded that of petrol, reaching more than 2.3 euros per litre, in 2008 the cost of petrol was around 1.37-1.40 euros per litre: other than speculation, therefore.', 'It is March 10, 2022 the record quote for diesel and petrol in Italy, rising to 2.5 euros per litre, with the price of diesel that has even exceeded that of petrol.']"
462,30,462_debt_gdp_2026_net,"['debt', 'gdp', '2026', 'net', 'def', 'ratio', 'reduction', 'billion', 'expenditure', 'increase']","['However, the plan assumes that the debt of the government will not go up completely into debt but will result in some 49.5% of GDP at the end of the financial policy period.', 'A policy guide is to increase the debt of the government as a proportion of GDP in 2026.', 'According to current financial policy, government debt is estimated to increase from more than 40% to up 51.5% of GDP to 2026, the head of debt over the period.']"
463,30,463_intend_representative_intervene_reply,"['intend', 'representative', 'intervene', 'reply', 'does', 'avail', 'government', 'ignore', 'courtroom', 'corridor']","['The representative of the Government does not intend to intervene in the reply.', 'The representative of the Government does not intend to intervene in the reply.', 'The representative of the Government does not intend to intervene in the reply.']"
464,30,464_answer_thank_senator_you,"['answer', 'thank', 'senator', 'you', 'for', 'knows', 'well', 'the', 'very', 'this']","['Thank you. A senator for the answer.', 'Thank you. A senator for the answer.', 'Thank you. A senator for the answer.']"
465,30,465_innovation_epidemic_icelandic_iceland,"['innovation', 'epidemic', 'icelandic', 'iceland', 'stress', 'competitive', 'innovations', '17th', 'globally', 'pioneers']","['However, it is important that the agreements of the provisional regulations of the law have made a big difference for innovation companies and it is important that the competitiveness of Icelandic innovations remain as the economic impacts of the epidemic on land and on the world.', 'I would also like to stress that it is a pleasure to see how the innovation environment has been developing in an enormously positive and strong way, but I would also like to remind you that one of the main requests from innovation companies and executives in innovation companies, 70% of those who control the innovation companies, points to the greatest obstacle of Icelandic dollars.', 'You see, supporting a innovation company in this way helps make Iceland a competitive country when it comes to innovation.']"
466,30,466_word_acronym_words_used,"['word', 'acronym', 'words', 'used', 'borig', 'locker', 'thkk', 'dolling', 'contestants', 'colonization']","['I was amazed to see this, and then I began to think: "" I\'m not used to the word today any more to see the word"" borig. \'', ""I see that this word is used here, and I think it's a good thing to see it."", 'The fact is, this is not some new word.']"
467,30,467_dog_dogs_cat_pet,"['dog', 'dogs', 'cat', 'pet', 'owners', 'cats', 'pets', 'owner', 'reykjavík', 'approval']","['The bank in Reykjavík is far from an example, but there are certain restrictions on dog and cat maintenance in urban areas here.', ""When I gave this bill at the last legislature, which was the last year, it actually seemed to be a widespread misunderstanding in people-even people living in their own home and caring for this particular matter, not at all, and they didn't have any special interests in caring for what it was about to prevent a person from keeping a pet in the house of his own estate-to say it and really think that this bill is in their conditional rights of all apartments to keep a dog or a cat."", 'It is often very difficult to get approval of 2/3 parts of the apartment owners for dogs or cats.']"
468,30,468_war_warfare_wars_shelter,"['war', 'warfare', 'wars', 'shelter', 'negation', 'stress', 'resolving', 'peace', 'disputes', 'brag']","['Since the end of World War II, there has been some general agreement that international warfare will not be tolerated.', 'We ask you, however, how you plan to end this war with war.', 'We are a nation without war; we are not to support the ongoing warfare that will exist only if there are others who fall and lie down.']"
469,30,469_interventions_intervention_tension_mattress,"['interventions', 'intervention', 'tension', 'mattress', 'disproportionately', 'weightiest', 'immaterial', 'fragmented', 'matching', 'episodic']","['I take to heart the fact that the occurrence of events requiring intervention and that intervention, of course, works much better that the system is better equipped in disproportionately, as Government Accounting points out and convened to address the individual in a manner appropriate for each case.', 'There are, therefore, a number of interventions.', 'This is an important project, characterized by a participatory design with the beneficiaries of the interventions, developing their requests for intervention on themes and targets considered priority and developing a partnership network that facilitates matching between the selected profiles and the opportunities for socio-economic integration, with the involvement of the private sector.']"
470,30,470_5th_81_contrary_expressed,"['5th', '81', 'contrary', 'expressed', 'constitution', 'simultaneous', 'tabled', 'opinion', 'amendment', 'article']","['As a result of this request, I call for a simultaneous vote on Amendment 3.4, tabled by Senators De Bertoldi and Calandrini, on which the 5th Commission has expressed an opinion contrary to Article 81 of the Constitution.', 'As requested, I call for a simultaneous vote on Amendment 10.3 tabled by Senators Balboni and Ciriani, on which the 5th Commission has expressed an opinion contrary to Article 81 of the Constitution.', 'Having been requested, I would like to call for a simultaneous vote on Amendment 10.4 tabled by Senators Balboni and Ciriani, on which the 5th Commission has expressed an opinion contrary to Article 81 of the Constitution.']"
471,29,471_inquiry_thank_senator_you,"['inquiry', 'thank', 'senator', 'you', 'restoring', 'narrative', 'curious', 'tackle', 'heavily', 'referred']","[""Thank you. A senator's inquiry."", ""Thank you. A senator's inquiry."", ""Thank you. A senator's inquiry.""]"
472,29,472_political_decision_politics_militarists,"['political', 'decision', 'politics', 'militarists', 'bickering', 'decides', 'reaction', 'blundering', 'landmark', 'multiorganized']","[""Let's just talk about this as a political decision."", 'But this is a political decision, talk of it as a political decision, and the greater part, the government is responsible for the political policies behind this document.', 'It is also a political decision.']"
473,29,473_answer_thank_answers_senator,"['answer', 'thank', 'answers', 'senator', 'you', 'his', 'herself', 'finds', 'tip', 'wrote']","['Thank you. A senator for this answer.', 'Thank you. A senator for this answer.', 'Thank you. A senator for this answer.']"
474,29,474_constitution_touching_charter_adaptable,"['constitution', 'touching', 'charter', 'adaptable', 'exondation', 'thickener', 'modifiable', 'editable', 'touchable', 'thatthe']","['Much has been said about always touching the Constitution.', 'This is also the case in our Constitution.', 'We can see that in the Constitution.']"
475,29,475_hot_water_cold_warm,"['hot', 'water', 'cold', 'warm', 'heating', 'looking', 'areas', 'cool', 'drilling', 'slack']","['Why not charge the resources with hot water?', 'Although we have this great hot water very close to us.', ""We talked about this only on the committee's hot water, looking for hot water in cold areas, and it's very clear, like a rough one. A senator came in earlier, that there is an enormous resource, and there is not much good in having hot water in his environment, and I take my mind with him, and I, the committee does too.""]"
476,29,476_communications_telecommunications_telecommunication_iceland,"['communications', 'telecommunications', 'telecommunication', 'iceland', 'internet', 'network', 'networks', 'telephone', 'microsoft', 'security']","['We know that telecommunication and communications services are the basis for the vital social and economic activities and our social development and that the power of communications networks is important, especially in such countries as Iceland, with its geographic conditions.', 'We know that telecommunications and communications services are essential to social and economic activities and the strength of communications networks is of enormous importance, especially in countries such as Iceland, in our geographical situation.', 'Of course, we know that telecommunications and communications services are essential to social and economic activities and the strength of communications networks is extremely important in all nations, but especially for countries such as Iceland because of local conditions.']"
477,29,477_murder_nautical_injuries_road,"['murder', 'nautical', 'injuries', 'road', 'navigation', 'accidents', 'serious', 'maritime', 'crime', 'homicide']","['That is why a law that introduces the crime of nautical murder becomes indispensable and that regulates it with the same discipline as for the road murder.', 'Therefore, the cases of nautical murder and nautical injuries fall today within the scope of Articles 589-bis and 590-bis of the Criminal Code, which currently regulate the only case of road murder and road injuries, but which with this bill will also embrace the homologous hypotheses made with recreational units, in violation of the rules governing maritime navigation.', 'That is why it was and is urgent to adapt the nautical murder to the road murder.']"
478,29,478_wetlands_recovery_carbon_emissions,"['wetlands', 'recovery', 'carbon', 'emissions', 'advanced', 'restoring', 'ecosystems', 'dioxide', 'fulfilled', 'myocclusive']","['Then there is another question about the impact of the recovery of wetlands and some of the factors mentioned.', 'Is he also supposed to go for wetlands?', 'Are we going to return to wetlands?']"
479,29,479_education_suggest_general_committee,"['education', 'suggest', 'general', 'committee', '2nd', 'bill', 'discussion', 'following', 'elementary', 'thwarted']","['I suggest that the bill be following this discussion. General and Education Committee and 2nd.', 'After this discussion, I suggest that the bill go to what? The General and Education Committee for discussion.', 'After this discussion, I suggest that the bill go to the General and Education Committee.']"
480,29,480_profiles_incompatibility_obligations_entered,"['profiles', 'incompatibility', 'obligations', 'entered', 'agreement', 'present', 'international', 'legislation', 'does', 'national']","['The agreement does not present any profiles of incompatibility with national law, European law and other international obligations entered into by our country.', ""The agreement does not present any profiles of incompatibility with national legislation, the European Union's legal order and other international obligations entered into by our country."", ""The agreement does not present any profiles of incompatibility with national legislation or with the European Union's legal order and other international obligations entered into by our country.""]"
481,29,481_against_am_mr_president,"['against', 'am', 'mr', 'president', 'bullshit', 'limits', 'this', 'off', 'line', 'completely']","['Mr President, I am against this.', 'Mr President, I am against this.', 'Mr President, I am against this.']"
482,29,482_emissions_55_2030_reduction,"['emissions', '55', '2030', 'reduction', 'greenhouse', 'target', 'gas', '1990', 'goal', 'pulled']","['The EU aims to reduce greenhouse gas emissions by 55% in 2030 compared to emissions in 1990.', ""Together, this country's contributions proved to be only about 7.5% reduction in greenhouse gas emissions by 2030, but to meet the goal of the world's total emissions by at least 55% ."", 'The target is from 40% reduction in greenhouse gas emissions up to 2030 to 55% reduction.']"
483,28,483_explanation_speak_ask_vote,"['explanation', 'speak', 'ask', 'vote', 'you', 'an', 'for', 'to', 'of', '']","['I ask you to speak for an explanation of vote.', 'I ask you to speak for an explanation of vote.', 'I ask you to speak for an explanation of vote.']"
484,28,484_enlisted_speak_iannone_he,"['enlisted', 'speak', 'iannone', 'he', 'lanzi', 'lannotti', 'senator', 'bishops', 'trentacoste', 'mas']","[""He's enlisted to speak Senator Iannone."", ""He's enlisted to speak Senator Iannone."", ""He's enlisted to speak Senator Four.""]"
485,28,485_unacceptable_acceptable_situation_okay,"['unacceptable', 'acceptable', 'situation', 'okay', 'completely', 'eastfield', 'queers', 'intolerable', 'sexes', 'crew']","['It is, of course, an unacceptable situation today.', ""It's such an unacceptable situation."", 'This is a very unacceptable situation.']"
486,28,486_conclude_shall_mr_president,"['conclude', 'shall', 'mr', 'president', 'mildly', 'lingering', 'invite', 'assert', 'lake', 'ladies']","['I shall conclude, Mr President.', 'Mr President, I shall conclude.', 'I shall conclude, Mr President.']"
487,28,487_5th_opinions_standing_1st,"['5th', 'opinions', 'standing', '1st', 'inform', 'presidency', 'distributing', 'consideration', 'published', 'draft']","[""I would like to inform you that the Presidency-and I am in distribution-has received the opinions of the 1st and 5th standing Commission on the draft law under consideration and the amendments, which will be published in an annex to today's report."", ""I would like to inform you that the Presidency-and I am in distribution-has received the opinions of the 1st and 5th standing Commission on the draft law under consideration and the amendments, which will be published in an annex to today's report."", ""I would like to inform you that the Presidency-and I am in distribution-has received the opinions of the 1st and 5th standing Commission on the draft law under consideration and the amendments, which will be published in an annex to today's report.""]"
488,28,488_lakes_shire_activation_protective,"['lakes', 'shire', 'activation', 'protective', 'river', 'skavegur', 'earth', 'shivering', 'cryo', 'protection']","[""With the Lakes in the district, it is of little importance what the co-employer, the Communicator's Communicator, said on the effect on the Lakes in the Shire when available, and is totally unmistakable that nature in the Lakes is the one that scored most of the areas studied by the frame plan."", 'When we talk about the Lakes of the Shire, when we talk about the Red Sea, there is no question that there is much natural value there and there is no natural value going anywhere.', 'We were talking about the Lakes of the Shire, but around the Lakes of the Shire, this criticism came to the decomposition of water from sources.']"
489,28,489_iceland_bill_contract_regulations,"['iceland', 'bill', 'contract', 'regulations', 'icelandic', 'commitments', 'raiks', 'granting', 'efta', 'watchpoints']","['The objective of the bill is primarily to ensure EU Regulation number or 2018 11 39 improve as well as secondary types, which are to establish laws that take into account the national commitments of Iceland.', 'It would have been interesting to see how this bill could have affected the contents of this bill if we had established it, entered the Icelandic legislation of the regulations contained in the contract, and whether it would have affected the content of this bill.', ""The bill is an important part of Iceland's meeting the international commitments established by the government by signing and validating the OECD payoff agreement and will no doubt be the result of the approval of the bill to support the Icelandic government in the battle against foreign payoffs to international employees.""]"
490,28,490_party_parties_soliciting_dinner,"['party', 'parties', 'soliciting', 'dinner', 'novelty', 'partyes', 'recontinent', 'freak', 'nest', 'shockers']","[""It's a dinner party, it's a dinner party, it's wine and chocolate."", ""Then I'm not just talking about the Party."", 'A party that has soliciting friends is certainly favored over a party that does not have soliciting friends.']"
491,28,491_choice_choices_decision_sealy,"['choice', 'choices', 'decision', 'sealy', 'sealier', 'make', 'persisted', 'consciously', 'atrocious', 'distressed']","['But it is time to make a decision.', ""It's a bloody complicated, distressed choice that affects our deepest identity."", ""But it's just a choice, one doesn't want a sealier, and another wants a sealy.""]"
492,28,492_soil_soils_nutrients_consumption,"['soil', 'soils', 'nutrients', 'consumption', 'fibers', 'biomass', 'multitude', 'earth', 'cycles', 'natural']","['If there really is a new awareness of the importance of agricultural soil and natural soil, as well as of an environment as a whole unpolluted, it is time to demonstrate this through policies aimed at these purposes.', 'We forget this every day: we have to thank the soil.', 'This is important, because it was done without soil consumption.']"
493,28,493_north_side_4th_1st,"['north', 'side', '4th', '1st', '5th', 'second', 'answer', '6th', 'recontract', 'question']","[""When 1st. That's the north side."", ""I'll be right there. 7. That's the north side."", ""Give a second answer. 3.m. That's the north side.""]"
494,28,494_virus_italy_pandemic_charter,"['virus', 'italy', 'pandemic', 'charter', 'italians', 'emergency', 'experimental', 'managed', 'covid', 'impose']","['But this political force has stood beside these measures, in support of them, to oppress, devastate and eliminate the human rights of Italian citizens who have simply made the thoughtful choice not to vaccinate, not to use experimental products on their own bodies, which they have full right to: the Nuremberg Code, the Oviedo Convention, the Charter of Fundamental Rights of the European Union, say so.', 'So let us hope that the experience that Sardinia has experienced will contribute in some way to avoiding the mistakes made in the past and that the urgent measures taken by the Government, with the suggestions and amendments tabled in the Commissions and arrived in this House, can put an end to the spread of this terrible virus.', 'For this reason, if the issue is not lobbying, then one part of Parliament intends to favour the profits of pharmacies and another part of the profits of parapharmacies, while we all want to promote the quality of life of Italians, already beset by the terror of the virus.']"
495,28,495_child_children_waiting_wait,"['child', 'children', 'waiting', 'wait', 'isolations', 'waits', 'list', 'thousands', 'waitings', 'aesthetics']","['Now we have thousands of 1,000 children in this situation, and we may have children who may have to wait three years, and they are starting school.', 'That a child does not receive medical care and wait for months or years on a waiting list should not take place in a civilized society where human rights are to be put first.', 'A group of people says: One waiting child is too much.']"
496,28,496_simultaneous_text_tabled_commissions,"['simultaneous', 'text', 'tabled', 'commissions', 'refer', 'vote', 'amendment', 'commission', 'by', 'like']","['I would like to refer to the vote by a simultaneous vote on Amendment 3.0.4( text 2) , tabled by the Commission.', 'I would like to refer to the vote by a simultaneous vote on amendment 2.0.4( text 3) , tabled by the Commission.', 'I would like to refer to the vote by a simultaneous vote on Amendment 9.0.7( text 2) , tabled by the Commissions.']"
497,28,497_farmers_electricity_gardening_electrical,"['farmers', 'electricity', 'gardening', 'electrical', 'products', 'garden', 'production', 'horticulture', 'vegetables', 'costs']","['The conditions of gardening farmers can be improved considerably, especially with regard to the cost of electricity costs.', 'In order to help increase the production of horticulture products, the Icelandic state has, to a degree, lost the cost of gardening farmers in transporting electricity and distribution.', 'In order to help increase the production of horticulture products, the Icelandic state has, to a degree, lost the cost of gardening farmers in transporting electricity and distribution.']"
498,28,498_tabled_commissions_simultaneous_text,"['tabled', 'commissions', 'simultaneous', 'text', 'refer', 'amendment', 'vote', 'by', '11', 'joint']","['I refer to the vote by a simultaneous vote on amendment 1.5( text 2) , tabled by the Commissions.', 'I refer to the vote by a simultaneous vote on amendment 2.1( text 2) , tabled by the Commissions.', 'I refer to the vote by a simultaneous vote on amendment 2.4( text 3) , tabled by the Commissions.']"
499,28,499_hydroelectric_concessions_renewal_derivations,"['hydroelectric', 'concessions', 'renewal', 'derivations', 'hydropower', 'derivation', 'territories', 'tied', 'mountain', 'mountainous']","['On the concessions of large hydroelectric derivations, now dealt with in article 7, the League expresses great satisfaction instead.', 'We talked about the renewal of concessions for large hydroelectric derivations, addressing and resolving also conflicting issues such as that of tourist-receptive state property concessions.', 'That is why our attention to the renewal of the concessions of the large hydroelectric derivations has been particularly strong.']"
500,28,500_dragons_dragon_disease_centrists,"['dragons', 'dragon', 'disease', 'centrists', 'magnets', 'gel', 'halo', 'lapsus', 'endorsement', 'arcuri']","['The titles behind the Dragons Government, the Dragons and the majority that supported it, however, see it written that someone must sacrifice himself to a strange idea of competition.', 'Dragons said( I want to read it again, because he said it last week) :', 'Are you with Dragons or are you with us?']"
501,27,501_recovery_energy_fund_autonomy,"['recovery', 'energy', 'fund', 'autonomy', 'europe', 'mechanism', 'european', 'supplies', 'financed', 'common']","['Similarly, a new recovery fund is needed: an energy recovery fund to support those countries indirectly affected by the consequences of the conflict.', 'We have made a very clear proposal: we need an energy fund, an energy recovery fund, an instrument to be financed with a common European debt, as has been done with the PNRR, which is needed immediately to support countries in greater difficulty.', 'For this reason he proposed the use of a recovery energy fund, that is a common investment mechanism similar to the recovery fund, but declined in an energy key, that can guarantee the energy autonomy of Europe and support to the countries that will suffer most from this crisis.']"
502,27,502_golden_power_discipline_extended,"['golden', 'power', 'discipline', 'extended', 'cioffi', 'assets', 'extension', 'hydroelectric', 'concessions', 'strategic']","['At the moment the golden power discipline has been extended further to the whole energy, transport and, of course, telecommunications sector, with an extension of the concept.', 'I will focus on one of the many possible aspects, which concerns the extension of the golden power discipline.', 'Look at the reports to Parliament on golden power.']"
503,27,503_positive_salami_diminish_wrongdoing,"['positive', 'salami', 'diminish', 'wrongdoing', 'tolerate', 'appreciation', 'every', 'seeking', 'sense', 'sounds']","[""I think that's very positive and good."", 'That, of course, is a positive one.', 'It is positive, and it is good.']"
504,27,504_difference_indistinguishable_content_nden,"['difference', 'indistinguishable', 'content', 'nden', 'different', 'inactivation', 'thing', 'cling', 'download', 'cd']","[""I don't quite understand what this difference is."", ""It's a bit the difference between listening to music from a CD or download and watching a live concert."", 'There is simply the difference.']"
505,27,505_answer_gives_second_answers,"['answer', 'gives', 'second', 'answers', 'answered', '6th', 'smoke', 'migraine', 'illuminated', 'an']","['It gives an answer to a second one.', 'It gives an answer to a second one.', 'It gives an answer to a second one.']"
506,27,506_hpv_virus_vaccination_genders,"['hpv', 'virus', 'vaccination', 'genders', 'cancer', 'vaccine', 'gardasil', 'cervical', 'cervarix', 'girls']","['They have, like, a bang. A senator came on, made a big difference from the start of offering girls to the 2010 girls as they provide a highly effective protection against known diseases caused by the HPV virus.', 'He/ she should consider and consider whether it is wise to expand HPV vaccination so that it can reach individuals of all genders and therefore highly appropriate to assess the benefit of switching vaccine to another active HPV types.', 'HPV virus is also known to cause cancer at other sites, e.g. in the head and neck area, which is more common among men.']"
507,27,507_changes_suggests_bill_intertranslation,"['changes', 'suggests', 'bill', 'intertranslation', 'radio', 'focus', 'workchange', '78th', 'corrosive', 'chapter']","['The bill also suggests some changes that are intended to explain or simplify the law or correct technical problems.', 'This bill suggests five changes in these laws.', 'The bill suggests some changes.']"
508,27,508_cinema_italian_cinemas_films,"['cinema', 'italian', 'cinemas', 'films', 'audiovisual', 'fellini', 'dominican', 'cultural', 'supporting', 'success']","['Supporting cinemas means supporting cinema and supporting Italian cinema means supporting our country.', 'It is important what we are doing, because we have not only talked about financing cinemas and the dissemination of films, but also about the ability to design the future of Italian cinema.', 'Without the big screen of the cinemas it would be much more difficult to produce the masterpieces that made Italian cinema and cinema great in a particular way.']"
509,27,509_committee_thank_job_welfare,"['committee', 'thank', 'job', 'welfare', 'good', 'cleanness', 'honorable', 'education', 'like', 'fine']","['Or I would like to thank a respected welfare committee for a job well done.', 'I want to thank the Committee for a very good job.', ""I'd like to thank the Committee.""]"
510,27,510_propose_respected_referred_affairs,"['propose', 'respected', 'referred', 'affairs', 'president', 'foreign', 'discussion', 'proposal', 'wants', 'end']","['I propose, most respected president, that at the end of this discussion the proposal will be referred to. Foreign Affairs.', 'I propose, most respected president, that at the end of this discussion the proposal will be referred to. Foreign Affairs.', 'I propose, most respected president, that at the end of this discussion, this proposal will be referred to. Foreign Affairs.']"
511,27,511_norway_sweden_denmark_norwegians,"['norway', 'sweden', 'denmark', 'norwegians', 'swedes', 'finland', 'kótavogur', 'riksintresse', 'similar', 'ambitious']","['It discusses three countries, Sweden, Denmark, and Norway.', 'Norway began doing this 2018, Denmark 2019, Sweden, and Finland 2020.', ""It's in Norway, Sweden and Finland.""]"
512,26,512_security_national_abused_unchangeable,"['security', 'national', 'abused', 'unchangeable', 'purposeful', 'discuss', 'safety', 'issue', 'superpower', 'static']","['This is a very important national security issue.', 'This is also a national security issue.', 'The issue we are discussing is a matter of national security, public good, and national security.']"
513,26,513_casualties_civilian_victims_deaths,"['casualties', 'civilian', 'victims', 'deaths', 'civilians', 'attacks', 'thousands', 'injured', 'detriment', 'bombs']","['As reported by several humanitarian organisations, the real number of civilian victims is very likely to be much higher.', 'It should be pointed out that most of the victims of the invasion are due to the uncontrolled and massive use of weapons and explosives within urban areas, where attacks with heavy artillery and multiple-launched rockets have been reported.', 'There is concern that civilian casualties seem to increase rapidly.']"
514,26,514_court_appealed_judgment_supreme,"['court', 'appealed', 'judgment', 'supreme', 'district', 'case', 'netherlands', 'urgland', 'appeal', 'anymore']","['I was trying to find out if that judgment was appealed to the National Court.', 'The state appealed to the Supreme Court.', 'And what is the result, the Supreme Court judgment?']"
515,26,515_minutes_explanations_five_allocated,"['minutes', 'explanations', 'five', 'allocated', 'illustrations', 'ten', 'each', 'groups', 'group', 'discussion']","['Colleagues, I would remind all the Groups that there is an agreement to limit the speaking time for explanations of vote on the amendments to ten minutes and the time for final explanations of vote to five minutes.', 'As established by the Conference of Leaders, motions will be given for illustrations and for each of them each Group will have five minutes for discussion and five minutes for explanations of vote.', 'Therefore, for the final explanations of vote each group will have five minutes; ten minutes for the amendments.']"
516,26,516_prosperity_developing_countries_population,"['prosperity', 'developing', 'countries', 'population', 'growth', 'increased', 'rapidly', 'decreasing', 'lands', 'travel']","['I had already noted that the number of people leaving developing countries is increasing with increased prosperity in these countries, it is not decreasing, it is increasing.', 'I also pointed out that all research has shown that the number of people who seek another, leave their own lands, will not decrease as the prosperity of these countries increases, developing countries, but will increase.', 'As a result of this fact about what would be expected with increasing interest in countries around the world, I followed up next to the population in these developing countries, which hopefully will improve prosperity and, as a result, a number of people who would look elsewhere.']"
517,26,517_loneliness_isolation_lonely_cute,"['loneliness', 'isolation', 'lonely', 'cute', 'alone', 'banally', 'unchecked', 'social', 'arrangements', 'counteracting']","['Social isolation and loneliness of older people are affected by health risks.', 'Loneliness is a major problem in the world and especially in the Western world.', 'The cost of society and individuals for loneliness is high and in many ways.']"
518,26,518_response_minutes_cucca_speak,"['response', 'minutes', 'cucca', 'speak', 'corrado', 'two', 'intervene', 'senator', 'may', 'unterberger']","['Senator Corrado may speak in response for two minutes.', 'Senator Corrado may speak in response for two minutes.', 'Senator Cucca has the right to speak in response for two minutes.']"
519,26,519_weather_winter_snow_wintertime,"['weather', 'winter', 'snow', 'wintertime', 'swing', 'inadverted', 'lure', 'lowness', 'cold', 'hours']","[""What I think we can say right now in February, and that's just because you're interested in the weather, that instead of the lowness coming and walking over to four, five hours and then there's a chance of shoveling, the weather's been going on for up to two days, and maybe it's a big storm, 25 meters a second."", 'The study time line is that they have been mainly delayed by this natural year because of volcanic eruptions and earthquakes that have been occurring, so the Weather Service has simply not relied on to complete this task, but both weather research and flying research have been in full swing.', ""That's definitely not the weather.""]"
520,26,520_reading_read_skills_children,"['reading', 'read', 'skills', 'children', 'mathematics', 'olds', 'method', 'grade', 'nonsense', 'speed']","[""All emphasis seems to be placed on reading speed, but at the same time, children's sense of reading diminishes."", 'These figures speak for themselves about the reading skills of children and young people.', ""Does a minister agree that instead of merely measuring how fast children can read, we need to develop children's reading skills and focus more on reading skills and breaking the reading code?""]"
521,26,521_thought_lot_playsheet_abouttheclimatics,"['thought', 'lot', 'playsheet', 'abouttheclimatics', 'look', 'think', 'things', 'whole', 'bit', 'moment']","[""There's a lot to think about, and I think there's more to be."", ""There's a lot of things going on that's a lot of thought, and I made a note of a lot of things that happened."", ""Of course, that's a lot of thought.""]"
522,26,522_cables_cord_electrical_ground,"['cables', 'cord', 'electrical', 'ground', 'lines', 'cable', '148', 'fixation', 'electricity', 'transport']","['It has been noted that during the past few months, volcanic cables have taught us that ground cables could possibly be worse, but there is nothing.', 'With earthquakes, earthlines are safer than land cables in conditions that can be found in the Southnes Line 2, whether a ground cord runs south or north of the Rhine Way.', 'A report on the use of land cables in electrical transport systems.']"
523,26,523_contributes_proportion_approval_greater,"['contributes', 'proportion', 'approval', 'greater', 'above', 'changes', 'according', 'committees', 'transport', 'committee']","['According to the above, a greater proportion of the environment and transport committee contributes to the approval of the proposal by the changes made.', 'According to the above, a greater proportion of the committee contributes to the approval of the bill by the changes made.', 'According to the above, a greater proportion of the environment and transport committee contributes to the approval of the bill by the changes made.']"
524,26,524_waste_collection_accidentally_sea,"['waste', 'collection', 'accidentally', 'sea', 'caught', 'port', 'wastes', 'harbour', 'floating', 'marine']","['Therefore, to move from a system that implicitly first brought fishermen to put back into the sea the collected waste-because it was special waste-to a system that instead allows it to give them for disposal free of charge and without administrative difficulties, because they are equated to ordinary waste like the waste of the ships, I would say that it is a huge improvement.', 'The end of waste on marine waste: we must absolutely promote the circular and sustainable economy of the sea as well.', 'Waste accidentally caught at sea or produced by fishing, as I said, is no longer considered special, but can be delivered as well as all other waste, rather than being thrown back to sea.']"
525,25,525_approve_annex_doesn_followed,"['approve', 'annex', 'doesn', 'followed', 'senate', 'see', 'vote', 'was', 'the', '']","[""( The vote was followed) . The Senate doesn't approve. ( See Annex B) ."", ""( The vote was followed) . The Senate doesn't approve. ( See Annex B) ."", ""( The vote was followed) . The Senate doesn't approve. ( See Annex B) .""]"
526,25,526_please_respond_thank_much,"['please', 'respond', 'thank', 'much', 'minister', 'very', 'eager', 'you', 'practitioner', 'realizes']","['Thank you very much. Minister, please respond.', 'Thank you very much. Minister, please respond.', 'Thank you very much. Minister, please respond.']"
527,25,527_nominal_simultaneous_tabled_text,"['nominal', 'simultaneous', 'tabled', 'text', 'refer', 'vote', 'amendment', 'commission', 'by', 'like']","['I would like to refer to the nominal vote by simultaneous vote on Amendment 9.6( text 3) , tabled by the Commission.', 'I would like to refer to the nominal vote by simultaneous vote on amendment 8.2( text 2) , tabled by the Commission.', 'I would like to refer to the nominal vote by simultaneous vote on Amendment 9.7( text 2) , tabled by the Commission.']"
528,25,528_live_abroad_coercive_settle,"['live', 'abroad', 'coercive', 'settle', 'watching', 'fosters', 'people', 'here', 'cheflavour', 'terrain']","[""But consider what we're talking about: People who want to live abroad decide for some reason, perhaps because their children are there or they decide for some reason that they want to live abroad."", 'It is important that the choice of people who choose to live abroad, in the community that fosters it, or where they want to live, do not have to sacrifice the safety that all of us should enjoy, and that access to medical care will be improved.', 'The possibility of people who are looking from circumstances and cultures similar to ours has to be lifted up by governments where governments are a threat to their citizens but do not provide protection, where people have learned to distrust the police, a culture where no service can be done without putting money on government officials, where work and housing are mainly through ties that these people do not have here.']"
529,25,529_uh_no_well_really,"['uh', 'no', 'well', 'really', 'huh', 'back', 'know', 'brother', 'just', 'it']","['-Uh-huh. -Uh-uh-uh-uh-uh-uh-uh-uh-uh.', '-Uh-huh. -Uh-uh-uh-uh-uh-uh-uh-uh-uh.', 'But, uh, uh, uh, uh, uh, uh, uh, uh, uh, uh, uh, uh, uh, uh, uh, uh, uh, uh, uh, uh, uh, uh, uh, uh, uh, uh, uh, uh, uh, uh, uh, uh, uh, uh, uh, uh, uh, uh, uh, uh, uh, uh, uh, uh, uh, uh, uh,']"
530,25,530_68_constitution_article_applicability,"['68', 'constitution', 'article', 'applicability', 'freedom', 'andpermanence', 'incontrovertibility', 'queued', 'abouta', 'inindacability']","['And the Constitution respects it as a whole, including Article 68.', 'But here too is the freedom of opinion on Article 68: there can also be freedom on Article 68( the protection of opinions applies) .', 'Let us now talk about Article 68 of the Constitution.']"
531,25,531_151th_submitted_succeed_previously,"['151th', 'submitted', 'succeed', 'previously', 'legislature', '151st', '151', '149', '150', 'did']","['The bill was previously submitted to the 151th legislation, but it was not granted.', 'The bill was previously submitted to the 151th legislation, but it was not granted.', 'It was submitted to the 151th legislature, but it did not succeed.']"
532,25,532_mistakes_mistake_learn_repeat,"['mistakes', 'mistake', 'learn', 'repeat', 'blunder', 'okay', 'dearly', 'messing', 'resounding', 'obsession']","['; We can no longer repeat these mistakes.', 'It has been often said: It is okay to make mistakes if we just do them once, if we learn from them and fix things so that we do not make the same mistakes again.', 'But then there\'s the third thing-learning from your mistakes and saying, "" Yes, I made a mistake. ""']"
533,25,533_emergency_covid_31_march,"['emergency', 'covid', '31', 'march', 'ceased', 'state', 'cts', 'end', 'ended', 'ends']","['As we all know, the state of emergency ceased on 31 March.', 'The emergency phase closed on 31 March and national law provides for the possibility of stabilising staff who have carried out at least 18 months of emergency activity Covid.', 'President Draghi, as a sign of balance, insofar as he recalled that the period of emergency from war extends to 31 December, he also said that the emergency from Covid will end with 31 March.']"
534,25,534_thursday_question_place_presence,"['thursday', 'question', 'place', 'presence', 'interior', 'take', 'scheduled', 'pm', '24th', 'time']","[""It is not possible that Parliament's only time to answer is that of question time, on Thursday from 3 p.m. to 4 p.m."", 'Thursday 30 will take place the question time, with the presence of the Ministers of the interior and of the justice.', 'Thursday, March 24, at 3 p.m., the question time will take place.']"
535,25,535_unchanged_submitted_remain_bill,"['unchanged', 'submitted', 'remain', 'bill', 'remains', 'consecrations', 'councils', 'remanded', 'assessments', 'largely']","['The bill is now submitted unchanged.', 'The bill is now submitted unchanged.', 'The bill is now submitted unchanged.']"
536,25,536_joke_jokes_humor_laugh,"['joke', 'jokes', 'humor', 'laugh', 'irony', 'funny', 'littleness', 'humorists', 'cursus', 'depopulated']","[""I don't mean to say any joke, but there's a point."", ""It's not easy for me to joke about this."", ""It's not the same as making a good joke.""]"
537,25,537_plastic_microplastics_placenta_oceans,"['plastic', 'microplastics', 'placenta', 'oceans', 'plastics', 'infinitesimal', 'tonnes', 'particles', 'fragments', 'waste']","['The human placenta contains in fact microplastics; at the time of the formation of the placenta, the recognition by the child that is forming these microplastics means that plastic is considered not a foreign body, but an element that belongs to our body: it is something terrible and terrifying.', ""It should be understood, in the meantime, what is the government's orientation: plastic yes or plastic no?"", 'So, in the end, no more plastic.']"
538,25,538_respect_honor_responds_disguised,"['respect', 'honor', 'responds', 'disguised', 'counter', 'opposite', '1890', 'playoffs', 'oxnadal', 'hawk']","[""That's when the counter-respect responds."", ""That's when the counter-respect responds."", 'Today, the counter-respect responds to honor.']"
539,25,539_comments_minutes_approved_were,"['comments', 'minutes', 'approved', 'were', 'since', 'no', 'there', 'the', '', '']","['Since there were no comments, the Minutes were approved.', 'Since there were no comments, the Minutes were approved.', 'Since there were no comments, the Minutes were approved.']"
540,25,540_auschwitz_nazi_concentration_memory,"['auschwitz', 'nazi', 'concentration', 'memory', 'camps', 'shoah', 'extermination', 'dachau', 'slovenian', 'liberation']","['In my opinion, beyond the funds that can be increased every year, this is the deep meaning of the measure under consideration, which-I repeat-completes the institution of the Memory Day; one day for our country, the Italian school and tens of thousands of young people who went to Auschwitz in the concentration camps, it was a very strong element of growth, consciousness and participation.', 'It is a journey, in fact already carried out by the celebrations of the Day of Memory, in memory of the extermination and persecution of the Jewish people and the Italian military and political deportees in the Nazi camps, on which we are going to news today.', 'To understand and understand it better, it is worth briefly retracing the stages that led to the establishment of a day dedicated to the memory of the shoah-a Hebrew term by which the extermination of the Jews victims of the Nazi genocide is indicated-identified on January 27, as the day of the liberation of the concentration camp in Auschwitz.']"
541,25,541_remaining_amendments_foreclosed_set,"['remaining', 'amendments', 'foreclosed', 'set', 'amendment', 'centimetres', 'additional', 'file', 'skip', 'out']","['The remaining amendments are set out.', 'The remaining amendments are set out.', 'The remaining amendments are set out.']"
542,25,542_multicultural_reception_facility_counseling,"['multicultural', 'reception', 'facility', 'counseling', 'individuals', 'counselling', 'site', 'advice', 'protective', 'professional']","['The bill suggests that a multicultural facility will provide expert advice and advice with regard to the reception of protective individuals.', 'The bill suggests that a multicultural facility will provide expert advice and advice with regard to the reception of protective individuals.', 'A multicultural facility offers professional counseling and counselling in connection with the reception of individuals with protection.']"
543,25,543_resources_enough_infinite_resource,"['resources', 'enough', 'infinite', 'resource', 'dispersive', 'multiplication', 'expressive', 'help', 'sufficient', 'abundance']","['It is precisely this lack of resources that should help us to promote legislation and broader reflections, especially at a time when we are at present in danger of seeing the multiplication of expressive languages and the dispersive fragmentation of the conservation function.', 'Then there is the question of resources.', ""It's always the big question, what we get for our resources and our resources.""]"
544,25,544_loans_consumer_consumers_mortgages,"['loans', 'consumer', 'consumers', 'mortgages', 'estate', '38th', '118', 'value', 'mortgage', 'forced']","['Similar regulations were found in the 14th chapter. Law on consumer loans, No. 121/1994, who also agreed on mortgages to consumers from January 11, 2001, stated that it was forbidden to collect loans that would not have been informed on borrowing in accordance with the legal requirements.', ""A similar law is found in the 14th chapter. a law on consumer loans from 1994, also applicable to consumers' mortgages from January 11, 2001, showing that it was forbidden to collect loans that have not been informed by borrowing in accordance with the regulations of the law."", 'The law on home loans to consumers taking effect on April 1, 2017, included loans generally known as mortgage loans, which are cut off from the value of consumer loans and are subject to the new penalty on property to consumers.']"
545,25,545_crown_crowns_gang_liquid,"['crown', 'crowns', 'gang', 'liquid', 'epidemic', 'bracelet', 'geniuses', 'witha', 'wax', 'drove']","['We have a liquid crown, and it is thought to be so convenient to wear a liquid crown, yet we still have this crown-it has a belt and a bracelet.', ""I'd also like to point out the crown gang."", ""You're a weak crown against a crown.""]"
546,24,546_camps_alika_died_concentration,"['camps', 'alika', 'died', 'concentration', 'killed', 'crutch', 'marginalized', 'jews', 'death', 'extermination']","['Russia has come up with so-called filtering camps or, by permission of presidents, some sort of decoration over concentration camps.', 'These are the things we see with our own eyes when we go to the concentration camps.', 'Alika died because he was alone and marginalized.']"
547,24,547_permission_says_report_president,"['permission', 'says', 'report', 'president', 'review', 'stated', 'assessment', 'disapproval', 'antibody', 'introduction']","['The report says, with the permission of the president:', 'The report says, with the permission of the president:', 'It says, by permission of the president, in the report:']"
548,24,548_hospital_hospitals_growth_expected,"['hospital', 'hospitals', 'growth', 'expected', 'land', 'disappointing', 'increase', 'approximately', 'space', 'real']","['Already budgets for the year 2022 are available, where large amounts of money increase from year to year to the Land Hospital go to building and paying and paying, it is clear that the hospital has to cut down a service to stay within the budget.', 'Just 1.8% growth rate in the hospital service joint.', 'At the National Hospital, 1.5% of annual growth in hospital services is expected over a period of 2027 financial programs, although it is known that this proportion is far below the necessary physical growth of 1.5% .']"
549,24,549_blasphemy_prohibition_against_religious,"['blasphemy', 'prohibition', 'against', 'religious', 'penal', '125th', 'excommunicated', '2015', 'penalties', 'beliefs']","['So here the prohibition against blasphemy is being taken back into law in part or in all respects.', 'I want to reiterate that with this bill, the prohibition against blasphemy is not being introduced.', 'But it is in my mind that the prohibition against blasphemy is being introduced here again.']"
550,24,550_competitions_rankings_competition_initial,"['competitions', 'rankings', 'competition', 'initial', 'training', 'winners', 'tests', 'participate', 'ordinary', 'academic']","[""We have worked to ensure that the suitable teachers' competitions are completed by sliding the rankings."", 'The re-opening of the merit rankings of the candidates in the competitions would also have been useful.', 'In case of exhaustion of the rankings referred to the ordinary competitions for teachers on the support, until 31 December 2025 the sliding of the rankings is allowed.']"
551,24,551_southnes_line_landsnet_kv,"['southnes', 'line', 'landsnet', 'kv', 'southnesline', 'cruces', 'hafnarfjords', 'voga', 'environmental', 'option']","[""In this regard, I'd like to name the Southnes Line 2."", ""I understand, I need a Southnes Line 2, but I don't want her this way."", 'I have a bill in this council to release a contract for Southnes Line 2, which is extremely important for Southnes.']"
552,24,552_representative_motions_resolutions_opinion,"['representative', 'motions', 'resolutions', 'opinion', 'him', 'ask', 'call', 'give', 'motion', 'tabled']","['I call on the representative of the Government to give an opinion on the motions for resolutions tabled.', 'I call on the representative of the Government to give an opinion on the motions for resolutions that have been tabled.', 'I call the representative of the Government, and I would ask him to give his opinion on the motions and on the agenda.']"
553,24,553_greenland_faeroe_islands_cooperation,"['greenland', 'faeroe', 'islands', 'cooperation', 'greenlandians', 'northern', 'trips', 'western', 'countries', 'north']","['We can look at more in Greenland there, and even more potential for the Greenlands to cooperate with us, which is due to air transports from Reykjavík to Greenland, and I know myself so that my good friends, he is selling trips to Iceland and he is selling trips to Greenland and the Faeroe Islands, but also, in particular, Greenland.', 'The first deals with increased cooperation between Greenland, the Faeroe Islands and Iceland, on environmental and climate levels.', 'It is very important how this is done and how we use our knowledge as well as how we can share the common interests of Greenland, Iceland and the Faeroe Islands in that subject.']"
554,24,554_answer_thank_senator_you,"['answer', 'thank', 'senator', 'you', 'for', 'first', 'the', '', '', '']","['Thank you. A senator for the answer.', 'Thank you. A senator for the answer.', 'Thank you. A senator for the answer.']"
555,24,555_refugees_senator_reservation_derided,"['refugees', 'senator', 'reservation', 'derided', 'counts', 'protected', 'fleeing', 'distress', 'welcome', 'sent']","['So I guess I can do it. A senator likes to jump onto the wagon with left greens in the race to the bottom by attacking the widespread decrease in the human rights of refugees to scare people away.', 'Hv. A senator wants to do well with refugees, the refugees who are in real distress, and there we are with a group who are in real distress and who have been accepted by the government of the United States.', 'But if you do. A senator would read the letter sent by the United Nations Refugee Organization for Refugees today. A senator sees that this is a violation of international approval of refugees, a violation of humanitarian laws, and this is the easiest way to break down the pessimism system. However, a senator was talking about the best use possible.']"
556,23,556_murder_road_code_589,"['murder', 'road', 'code', '589', 'guilt', 'punished', 'navigation', 'imprisonment', 'injuries', 'aggravating']","['During the last parliamentary term, Parliament had already approved Law No 41 of 23 March 2016, which introduced in the penal code the crimes of road murder and personal road injuries, both punishable by guilt.', 'We do not understand why, if murder or injury is caused by violating the rules of the road code, we can reach even very high penalties in the presence of aggravating agents such as driving in a state of drunkenness, while if we violate the rules of the navigation code we must apply a completely different discipline, so-even as other colleagues before me remembered-in the end we reach a sentence of a few months.', 'The same behavior that involves the death of a person, according to the current legislation, can be, in case of street murder, punished with the penalty of imprisonment up to a maximum of eighteen years, instead, in case of murder happened in relation to the norms relative to navigation, with an absolutely more modest penalty.']"
557,23,557_option_outset_lack_dissuade,"['option', 'outset', 'lack', 'dissuade', 'remotely', 'meps', 'acceptable', 'correctly', 'delight', 'throat']","['It was not surprising, though, that no one was impressed with this, and it is worth remembering before such plans are crushed into the throat of the inhabitants of the country.', 'It was never explained why this was an acceptable location, because there was no option analysis, a real option analysis.', 'There have not been a lot of complaints and concerns, shared by many MEPs, national parliamentarians and members of national governments, who have also noted a lack of attention to procedures and even the impossibility to verify that the citizens, since they are meetings remotely, really followed the work.']"
558,23,558_hospital_patients_patient_providers,"['hospital', 'patients', 'patient', 'providers', 'medical', 'detracted', 'operations', 'suggestion', 'hygiene', 'equipment']","['They do not listen to the tips that have just come from the hospital or other sources in the reports we have received from independent sources.', 'It is important to listen to all the voices in the medical profession and the Hospital in this matter, but also in other outstanding matters at the time.', 'We have had numerous operations in cooperation with the hospital and the health system all.']"
559,23,559_agendas_agenda_accepted_accepts,"['agendas', 'agenda', 'accepted', 'accepts', 'formalised', 'spectacularity', 'wearers', 'undertook', 'rapporteur', 'presenters']","['The agenda was accepted by the Government.', 'Finally, two agendas were also accepted by the League and three other important Commission agendas which, as the Lega Group, we have signed.', 'The agendas accepted in the Commission were accepted, point.']"
560,23,560_monument_declaration_monuments_cultural,"['monument', 'declaration', 'monuments', 'cultural', 'heritage', 'distinctive', 'civic', 'asset', 'significance', 'national']","['Mr President, ladies and gentlemen, Article 6 of Law No 153 of 12 October 2017 entitled"" Provisions on Declaration of National Monument"" has been mentioned in Article 10( 3) ( d) of the Code of Cultural Heritage and Landscape, as provided for in Legislative Decree No 42 of 22 January 2004, introducing an administrative procedure on the basis of which the declaration of cultural interest of an asset may also include the declaration of national monument.', 'As regards the declaration of national monument, it is recalled that Article 10( 3) ( d) of the Code of Cultural Heritage, amended in 2017, introduced an administrative procedure whereby the declaration of cultural interest of an asset may also include the declaration of national monument.', 'This declaration of cultural interest may also include the declaration of a national monument, if-as already mentioned-the same things are also of witness value or express an identity and civic connection of distinctive and exceptional significance.']"
561,23,561_family_act_families_denatality,"['family', 'act', 'families', 'denatality', 'girls', 'couples', 'accompanying', 'resilience', 'social', 'educational']","['However, the family act is so much more; it is not only taking responsibility for the management of the family economy, but it is, for example, taking charge of educational costs and services.', 'The family act acts on so many levels because it looks at the family in a different way.', 'The draft law in question, the so-called family act, includes measures that are part of the reforms provided for by the National Recovery and Resilience Plan, intended for families with children and in order to promote the parenthood and the social and educational function of families, to combat denatality, to enhance the harmonious growth of girls and children, promoting the financial autonomy of young people and the reconciliation of family life with work, in particular women.']"
562,23,562_approve_annex_doesn_followed,"['approve', 'annex', 'doesn', 'followed', 'senate', 'see', 'vote', 'was', 'the', '']","[""( The vote was followed) . The Senate doesn't approve. ( See Annex B) ."", ""( The vote was followed) . The Senate doesn't approve. ( See Annex B) ."", ""( The vote was followed) . The Senate doesn't approve. ( See Annex B) .""]"
563,23,563_clear_avest_qa_really,"['clear', 'avest', 'qa', 'really', 'calming', 'biology', 'patches', 'counselors', 'wounds', 'filed']","['The report is absolutely clear and comprehensive and it is only a question of raising a conflict of attribution for the restoration of legality that has been violated.', 'To consider this in some context, there would have been a great improvement because of the highest. The minister of foreign affairs earlier mentioned that more cases were being expected in the coming days, that to some extent, we members of the council were made aware of what was to be expected, on the other hand, of the obvious itself, that there were some effective measures to identify patches on the wounds of certain parts of the industry.', ""But, of course, we were at the same time doing some changes in child protection, changes in the Children's and Family, QA, home surveillance network, integration bill, so, of course, it was a really, really, really, really, really, really big job that one of the committees was supposed to do in one of those elections, elections, or half-avest, I can't remember when it came in.""]"
564,23,564_comment_representative_rapporteur_amendments,"['comment', 'representative', 'rapporteur', 'amendments', 'rapporteurs', 'call', 'agendas', 'amendment', 'consideration', 'invite']","['I call on the rapporteur and the representative of the Government to comment on this amendment.', 'I call on the rapporteur and the representative of the Government to comment on the amendments and on the agenda.', 'I call on the rapporteur and the representative of the Government to comment on the amendments and on the agenda.']"
565,23,565_pray_scallop_writing_want,"['pray', 'scallop', 'writing', 'want', 'senator', 'responsoring', 'praying', 'under', 'explain', 'shy']","['I want to pray. A senator writing under the scallop.', 'I want to pray. A senator writing under the scallop.', ""I'd like to pray. A senator to explain this just.""]"
566,23,566_virus_ultrasound_variant_disease,"['virus', 'ultrasound', 'variant', 'disease', 'epidemic', 'covid', 'delta', 'flu', 'variants', 'phenomenon']","['At this time, models that had hospitalisation rates that were a combination of the delta virus and the ultrasound virus are being worked out.', 'Most people infected with the ultrasound variants of the virus have little or no symptoms.', ""It's an amazing damage these actions have caused, and, of course, more remarkable is the fact that there is no attempt to go back as fast as anyone can when the position we are facing now is in regard to the virus, this ultrasound variant and the small damage it seems to cause.""]"
567,23,567_speech_thank_senator_excellent,"['speech', 'thank', 'senator', 'excellent', 'fine', 'good', 'you', 'inequities', 'honesty', 'pirata']","['Thank you. A senator for a good speech.', 'Thank you. A senator for a good speech.', 'Thank you. A senator for a good speech.']"
568,23,568_league_impediment_concessionaire_professionals,"['league', 'impediment', 'concessionaire', 'professionals', 'businesses', 'always', 'purposefully', 'enterprises', 'loyalty', 'trade']","['The loyalty of the League Ministers has never failed in every day of the Government, as has the loyalty of the League.', 'As well as for this law delegation, the League is to the Government for the good of companies and its professionals.', 'Colleagues, the League is in the government for the good of businesses and its professionals.']"
569,23,569_caution_careful_slippage_cautionary,"['caution', 'careful', 'slippage', 'cautionary', 'indignant', 'exploiting', 'countrymen', 'advised', 'promptly', 'movements']","['From this point of view, therefore, we approach with great caution.', 'In my view, however, we must be very careful in supporting a further slippage of application or a possible derogation.', 'The approximately 2,000 fellow countrymen present were advised to follow the directions of the local authorities and to evaluate with extreme caution the movements by land inside and outside the country.']"
570,23,570_pathologists_speech_roma_asl,"['pathologists', 'speech', 'roma', 'asl', 'suggestions', 'waiting', 'pathologist', 'pathology', 'service', 'teachers']","['I have experienced and watched speech pathologists perform very good service through a variety of technology, but it is also very important that studies for speech pathologists are available for those living in the country.', 'I would like to get involved in the important discussion of the services of speech pathologists.', ""There's two years before the services of speech pathologists.""]"
571,23,571_box_sideds_stunning_frame,"['box', 'sideds', 'stunning', 'frame', 'jakobsdóttir', 'shaded', 'tests', 'counsellers', 'liked', 'katrín']","[""We're discussing the box, a national protection and energy efficiency programme."", 'The box in general, both 4 and 5, is all a practical process.', ""There's not been a clear box here.""]"
572,23,572_akureyri_university_studies_technical,"['akureyri', 'university', 'studies', 'technical', 'school', 'education', 'cooperation', 'reykjavík', 'master', 'recognition']","[""So I'm very pleased with these answers, believe that it is obvious to a new university minister and innovation to be specific in their support of the University of Akureyri in this regard."", 'However, as we have so far seen, specific measures are needed to increase learning space and, as I traced to the transfer of people from a service stage to increase the education of professionals in different classes, which is a cause of great joy, that from the end of the fall, the master school is going to be an open school available to the University of Akureyri, and this project is a common degree from the University of Iceland and the University of Akureyri and the University of Akureyri.', 'Here we need to talk, technical studies at the University of Akureyri, which, like the highest. A minister entered it is a guide that, through the cooperation of the University of Reykjavík and the University of Akureyri, in business and rural areas in the East.']"
573,23,573_declare_open_discussion_general,"['declare', 'open', 'discussion', 'general', 'special', 'the', 'can', 'about', 'have', 'this']","['I declare the general discussion open.', 'I declare the general discussion open.', 'I declare the general discussion open.']"
574,23,574_voted_favour_mistake_vote,"['voted', 'favour', 'mistake', 'vote', 'correct', 'against', 'resolution', 'absolute', 'mr', 'sorry']","['Mr President, I rise to point out a correction to the vote: by mistake, I voted in favour but my vote would have been against.', 'Mr President, I would like to point out that I voted against the previous amendment by mistake, while I would have voted in favour.', 'Mr President, I would like to say that I voted in favour of it by mistake, while I wanted to vote against it.']"
575,22,575_congress_speaking_minute_officials,"['congress', 'speaking', 'minute', 'officials', 'respect', 'less', 'session', 'members', 'speaker', 'wants']","['I want less of it. Congress members are to respect the time for speaking.', 'I want less of it. Congress members are to respect the time for speaking.', 'President wants less of it. Congress members are to respect the time for speaking.']"
576,22,576_agriculture_vallardi_colleagues_unanimously,"['agriculture', 'vallardi', 'colleagues', 'unanimously', 'thank', 'house', 'gardening', 'committee', 'agri', 'mr']","['I would like to thank President Vallardi and all the members of the Committee on Agriculture, Fisheries and Food, for together we have built an important and united motion.', 'I have found the same will among my colleagues in the Committee on Agriculture. I thank President Vallardi and all my colleagues, as has already been said, with whom we have decided to bring this joint motion to the House to demonstrate our continued support for the excellence of agri-food products.', 'I would like to thank the Committee on Agriculture and Food Production of the Senate, President Vallardi and all my colleagues for their efforts.']"
577,22,577_china_chinese_aggressive_covid,"['china', 'chinese', 'aggressive', 'covid', 'tension', 'competition', 'represses', 'uighurs', 'politologist', 'thucydides']","['China makes us unfair competition; China denies human rights, represses ethnic minorities( uighurs and others) ; therefore, I would not want us to, for fear of some, embrace others who might turn out to be worse.', 'What is certain is that the world is moving east and that China is becoming more and more central.', 'China in Africa has been doing foreign policy for a long time.']"
578,22,578_nominal_tabled_identical_granato,"['nominal', 'tabled', 'identical', 'granato', 'paragone', 'amendment', 'simultaneous', 'ballot', 'refer', 'senators']","['I would like to refer to the nominal vote by simultaneous vote on Amendment 5.1, tabled by Senator Granato, identical to Amendment 5.2, tabled by Senator Paragone.', 'I would refer to the nominal vote by simultaneous ballot of amendment 7.1, tabled by Senator Granato, identical to amendment 7.2, tabled by Senator Paragone.', 'I would like to refer to the nominal vote by simultaneous ballot of amendment 8.1, tabled by Senator Granato, identical to amendment 8.2, tabled by Senator Paragone.']"
579,22,579_course_a4_straighten_tempered,"['course', 'a4', 'straighten', 'tempered', 'tailor', 'discourages', 'barrier', 'appreciation', 'remote', 'pages']","[""That's the course that matters."", 'Granted, the course does not solve all differences, but it helps us to see how we can agree when we have a sincere desire to agree on basic goals.', 'It will emphasize that any study can be held as a remote course unless there is something that specifically discourages it, such as physical training.']"
580,22,580_justice_institute_law_refuses,"['justice', 'institute', 'law', 'refuses', 'civil', 'court', 'minister', 'fesh', 'highest', 'breaking']","['First of all, the Minister of Justice-I would not even call it an interpreter. Rather, the Minister of Justice says that the content and content of the law of civil rights conflicts, and that somehow the role of the Generalis is some kind of secondary role when it comes to giving citizenship rights, that it is somehow unorthodox to the routine process of the Foreign Institute.', 'The Minister of Justice encourages his office to violate the law of civil rights by the law of justice, while a minister of justice tries to exploit a war state in Ukraine to squeeze through the bill of a change in the law of foreigners.', 'I also believe, and it is my conviction that such legislation belongs at home in the Ministry of Justice, Justice, Their Ministry of Justice, but they have a legal sentence under the court where people are to seek justice, and I disagree that it is too complicated that these are legal cases and that they will be brought there.']"
581,22,581_registered_she_faggi_speak,"['registered', 'she', 'faggi', 'speak', 'petris', 'toffanin', 'de', 'abbate', 'senator', 'rivolta']","[""She's registered to speak Senator De Petris."", ""She's registered to speak Senator De Petris."", ""She's registered to speak Senator De Petris.""]"
582,22,582_suggests_agreed_changes_outlined,"['suggests', 'agreed', 'changes', 'outlined', 'bill', 'suggest', 'above', 'approved', 'according', 'majority']","[""According to the above, the Commission suggests that the bill will be agreed with the changes presented in the committee's opinion."", 'In the above, the Committee suggests that the bill will be agreed with the changes made.', 'According to the above, the Commission suggests that the bill will be agreed with the changes made.']"
583,22,583_normal_unnatural_crazy_weird,"['normal', 'unnatural', 'crazy', 'weird', 'nothing', 'cake', 'abnormal', 'think', 'natural', 'unusual']","[""There's nothing unnatural about that."", ""There's nothing unnatural about that."", ""Why don't we talk about this as normal or unnatural?""]"
584,22,584_idea_good_approach_think,"['idea', 'good', 'approach', 'think', 'depart', 'sticking', 'earnest', 'pop', 'thought', 'sensible']","[""I think it's a pretty good idea."", 'I think that would be very good.', ""I think it's very good, maybe even a little more; that's a good idea.""]"
585,22,585_security_2016_national_policy,"['security', '2016', 'national', 'policy', 'categorian', 'reviewing', 'revised', 'step', 'updated', 'coverages']","['To me, the 2016 national security policy was the first step in developing national security legislation, as we know in all our neighbors.', 'The national security policy was produced in 2016.', 'National Security Policy was set in 2016.']"
586,22,586_suðvest_12th_9th_re,"['suðvest', '12th', '9th', 're', '6th', 'thirteenth', 'out', '13th', 'askers', 'hv']","[""Thank you. 12th p.m. We're out of Suðvest."", ""Here's what we're talking about. 12th p.m. We're out of Suðvest."", ""We can't just say what to say. 7. We're out of Suðvest.""]"
587,21,587_microenergy_pensioners_pension_age,"['microenergy', 'pensioners', 'pension', 'age', 'micro', 'biodegradation', 'related', 'disability', 'pensioner', 'pensions']","['An important task in a government contract is to simplify the microenergy pension system so that it becomes more efficient, more efficient, more righteous, and the survival of microenergy donors will be added with the aim of improving the benefits of lost persons in particular.', 'Microenergy pensioners are allowed to earn two years of employment and they do not interfere with microenergy pensions, age-related microenergy supplements, income insurance, and special pensions under social legislation.', 'In addition, microenergy pensioners do not have a choice to postpone the transfer of pensions to 72 years of age, thereby increasing their pay per month by 0.5%1, where contributions to microenergy pensioners are changed without an application from a microenergy pension to pension at 67 years of age.']"
588,21,588_ita_alitalia_airways_company,"['ita', 'alitalia', 'airways', 'company', 'managed', 'carrier', 'airline', 'mef', 'flag', 'former']","['I would also like to return to a thorny subject: the ITA-Alitalia workers.', 'I am talking about the Alitalia-ITA scandal, the historic flagship company of the public shareholder IRI to the extraordinary ministerial administration until 2009, when the rope of the"" courageous captains"" managed to sink it permanently; and then to reach 2020, when it was transformed into the new ITA Airways company, with thousands of workers fired and thrown in the middle of a road.', 'Mr President, I would like to address yet again the political and administrative shame of this Government, which hits the former Alitalia company, today Ita Airways, and all air transport.']"
589,21,589_parliament_european_he_his,"['parliament', 'european', 'he', 'his', 'centrality', 'him', 'dream', 'reconstructing', 'tg3', 'investiture']","['First as Head of Delegation of the PD, then as Vice President and finally as President of the European Parliament, he has always tried to make that Parliament the heart of the new Europe because he knew that, without the centrality of a democratic Parliament, talking about a Europe of peoples would only be a slogan.', 'He did so with strong gestures, sometimes deliberately provocative, designed to shake numb consciences, such as the opening of Parliament to the homeless in the first lockdown or the choice to celebrate the seventy years of the Schuman Declaration by inviting representatives of NGOs committed to saving lives in the Mediterranean.', 'He defended European integration, we have all said so; he believed in the dream of European unity that it was not limited to monetary unity; during his mandate as the leader of the European Parliament, he expressed his fundamental values: freedom, dignity, solidarity and protection of rights, which he carried out both in political and institutional and personal action.']"
590,21,590_suicide_suicides_disease_47,"['suicide', 'suicides', 'disease', '47', 'died', '39', 'depression', 'spacelessness', 'overmood', 'triencing']","['The main problems of those who commit suicide are thoughts of suicide, and attempts to get severe depression, and anxiety at school gives a quote to overmood disease.', 'The increase in suicide is repeatedly seen.', 'Suicide has increased in the last two years, but in 2020, there were 47 suicides compared to 39 years earlier.']"
591,21,591_ntsb_returns_blanks_personalisation,"['ntsb', 'returns', 'blanks', 'personalisation', 'wrong', 'rings', 'cracks', 'brake', 'connecting', 'investigational']","['But first of course, respect the decision of the NTSB.', ""That's why we should come to the NTSB right now."", 'This could be done by the NTSB.']"
592,21,592_story_thank_much_very,"['story', 'thank', 'much', 'very', 'secretary', 'minister', 'you', 'boys', 'girls', 'explanation']","['Thank you very much. Minister for the story.', 'Thank you very much. Minister for the story.', 'Thank you very much. Minister for the story.']"
593,21,593_cemetery_ashes_buried_dead,"['cemetery', 'ashes', 'buried', 'dead', 'deceased', 'cemeterys', 'scattered', 'football', 'urban', 'grave']","['So in the discussion of convergence, I think that a structure built in the cemetery could be very reasonable.', ""The main argument I've heard against this case, against letting the person take it personally and trust the people to respect the wishes of the deceased, is that it would confuse our beautiful arrangements, which are in the cemetery and the important memories of a cemetery."", 'If the person wishes to be burned, then the ashes are also expected to be buried in a traditional cemetery in the ground until a dust can be made.']"
594,21,594_mental_health_explode_bells,"['mental', 'health', 'explode', 'bells', 'senator', 'illness', 'mild', 'covid', 'addiction', 'latering']","[""But I'd like to ask you why. A senator is concerned with me as to whether we're latering on funding within these three ladders so that this weaker service to mild mental illness will explode and it will explode further into our faces."", 'Hv. A senator spoke of the mental-health team for people and the intelligence of mental illness, which is a very good tool and is in many parts of the country.', ""The Senator also came into his speech that in the case of mental illness, mental-health professionals had been regarded as such, and I've just listened closely to a good partner, what they have to say, and I've thought it was a tone in which bells such as these were bells that some kind of grass-based organization or botanical method would help a lot to and the mood like that works well in addiction therapies, and that it's not just something that's very formal and a little like this.""]"
595,21,595_price_prices_rises_bet,"['price', 'prices', 'rises', 'bet', 'insofar', 'tranquility', 'rise', 'product', 'speculation', 'calms']","['Much has been said about the causes of this rise in prices, is being discussed, and many are also wondering about the long-term and medium-long-term prospects of current price developments.', '-that they bet on the trend of that price and, insofar as they bet that the price rises( also causes geopolitical conflicts) , the price naturally goes up, with different effects.', 'More and more people speculate by betting on the future trend of the price of that precise product, both wheat, gas, and oil, and, insofar as financial operators and companies bet that the price rises due to conflicts, famines or other variables, the price of that product rises.']"
596,21,596_south_9th_birgir_þórarinsson,"['south', '9th', 'birgir', 'þórarinsson', 'district', 'precinct', 'halldóra', 'mogensen', 'guðrún', 'hafsteinsdóttir']","[""That'll answer the question. 9th. South, Birgir Þórarinsson."", ""That'll answer the question. 9th. South, Birgir Þórarinsson."", ""That'll answer the question. 9th. South, Birgir Þórarinsson, yes.""]"
597,21,597_laundering_terrorism_cryptocurrencies_money,"['laundering', 'terrorism', 'cryptocurrencies', 'money', 'terrorist', 'combat', 'financing', 'integrity', 'european', 'highlighted']","['Therefore, the fight against money laundering must be done at European and international level.', 'We have a law on action against money laundering and the funding of terrorism.', 'The fight against money laundering is, therefore, an important issue that can only be addressed in the dimension in which money laundering is now taking place.']"
598,21,598_treatment_forbidden_treatments_microdose,"['treatment', 'forbidden', 'treatments', 'microdose', 'therapy', 'intravenous', 'fluids', 'onset', 'harmonize', 'cured']","['Thank you. A senator for this question, and I continue to respond to these treatments and treatments that the clinical and specialist there can offer.', 'At the same time, there could be intervention and prevention of the obvious conditions, e.g. by intravenous fluids and administrations, blood transfusions, administration of any medicines, or alternative therapy or monitoring.', 'If it has been possible for him, we must never forget that because people were forbidden to meet, people were forbidden to work, people were forbidden to hold meetings, people were forbidden to enjoy culture, art, and sports in order to cope with health problems.']"
599,21,599_screening_stress_screenings_ease,"['screening', 'stress', 'screenings', 'ease', 'disease', 'cancer', 'processed', 'file', 'registry', 'entrovert']","['Where else do I go to a screening file on a regular basis?', 'This will ease the stress of the screening process, it will ease the stress of families, it will help to ease the stress of school shaving.', 'Thus, this is a population-based screening in which the overall collection of data is available across the whole country and is needed to assess whether and how successful the screening is achieved.']"
600,21,600_budget_chairman_secretary_thank,"['budget', 'chairman', 'secretary', 'thank', 'board', 'much', 'you', 'very', 'answers', 'answer']","['Thank you very much. Budget and economic secretary for the answer.', 'Thank you. Chairman of the budget board for the answer.', 'Thank you for the answer. Chairman of the budget board.']"
601,21,601_binetti_registered_speak_biti,"['binetti', 'registered', 'speak', 'biti', 'iwobi', 'senator', 'iori', 'cirinna', 'enlisted', 'misiani']","['Senator Binetti is registered to speak.', 'Senator Binetti is registered to speak.', 'Senator Binetti is registered to speak.']"
602,20,602_declare_closed_debate_willingness,"['declare', 'closed', 'debate', 'willingness', 'communications', 'whom', 'ministers', 'ended', 'information', 'posed']","['I declare closed the debate on the communications of the President of the Council of Ministers.', 'I declare closed the debate on the information of the President of the Council of Ministers, whom I thank for his willingness.', 'I declare closed the debate on the information of the President of the Council of Ministers, whom I thank for his willingness.']"
603,20,603_compare_comparisons_comparison_clean,"['compare', 'comparisons', 'comparison', 'clean', 'ourselves', 'goody', 'parallels', 'nation', 'hesitations', 'compares']","['We are a clean country, with clean water, clean air, and our image is closely related to goody, loyal, outdoors, and fines of various ways, as I was referring to here earlier.', ""We're trying to compare ourselves with other countries."", 'Then, of course, it would be fun to compare ourselves with other countries we would like to compare with, where people shoulder responsibility for their mistakes.']"
604,20,604_enlisted_she_speak_pirro,"['enlisted', 'she', 'speak', 'pirro', 'brollini', 'leo', 'lonardo', 'pergreffi', 'senator', 'moronese']","[""She's enlisted to speak Senator Pirro."", ""She's enlisted to speak Senator Pirro."", ""She's enlisted to speak Senator Pirro.""]"
605,20,605_big_deal_movie_town,"['big', 'deal', 'movie', 'town', 'strokes', 'memories', 'platform', 'dropped', 'possibilities', 'career']","[""It's the big deal. It's on the market."", ""There's a big deal going on here."", ""I just think that's a big deal.""]"
606,20,606_commitment_stress_uniquely_clear,"['commitment', 'stress', 'uniquely', 'clear', 'jam', 'government', 'brilliant', 'confident', 'mattarella', 'urgency']","[""You were right to stress the government's commitment."", 'There was a clear commitment from the government.', ""So the government's commitment is clear.""]"
607,20,607_meeting_eastfield_board_saturday,"['meeting', 'eastfield', 'board', 'saturday', 'clock', 'meetings', 'tonight', 'didn', 'conference', 'skip']","[""I'm not going to talk about a meeting board right now."", ""That's, I know, a meeting out here on the Eastfield Saturday at two o'clock where no member of the board shows up, maybe you can have it at the time."", ""If the board members want to have a meeting tonight, they can skip their social meetings and just move them over on Saturday at two o'clock, when they're not going to have a conference here in the Eastfield anyway.""]"
608,20,608_apology_apologize_stress_sorry,"['apology', 'apologize', 'stress', 'sorry', 'apologized', 'characters', 'mistakes', 'calm', 'apologies', 'punk']","['This apology has been accepted.', 'This apology must be carried out.', ""At any rate, I'd count, based on your apology, that there's a reason to apologize for something, but I don't know how to take the apology.""]"
609,20,609_regions_stress_regional_lance,"['regions', 'stress', 'regional', 'lance', 'geographing', 'voyages', 'location', 'productive', 'stretching', 'disarray']","['With regard to the regional structure, I would have thought that this was one of the few devices we have to bring together which can most influence the forward side and get them at this job to evaluate the need and ask ourselves: Is it what we share on this table likely to meet the demand in the maps?', 'It is precisely in this respect that I would like to stress some geostrategic considerations.', 'So you ask yourself: "" Although the regional structure has a different purpose than just this, sometimes it feels like this when such big interests happen that people are somehow just going through some squares to have checked into a box and draw out some good pictures of how they see the inhabited earth stretching out into the future and how the main voyages lie, etc. but they are not asking hard enough whether they are meeting the needs of the local inhabitants.']"
610,20,610_efta_court_logical_icesave,"['efta', 'court', 'logical', 'icesave', 'brrd', 'esa', 'eea', 'directive', 'iceland', 'convention']","['Last November, i.e. 2021, the government presented the logical opinion of the ESA, which concludes that the Icelandic government violates its obligations under the EEA Convention, but a logical opinion leads to a court of justice for the EFTA Court.', 'This is the 29th Free Trade Convention of the EFTA states and a fine example of the powerful business network that Iceland has developed with other EFTA countries in recent decades.', 'EFTA has announced a case for Iceland for the EFTA Court because these types have not been introduced.']"
611,20,611_text_modified_amending_amendments,"['text', 'modified', 'amending', 'amendments', 'reading', 'voted', 'deputies', 'belt', 'decisively', 'measure']","['In order to avoid an exorbitant number of amendments, the rapporteur in the Commission, Mr Nencini, has, after a series of meetings with the Government, held a series of hearings and talks with competent and expert subjects, always in agreement with us members of the Commission, to prepare a new text, which has in turn been perfected through a fairly intensive amending activity.', 'The text we are considering is based on the Bonafede text( Room Act 2681) , which has been modified in significant parts by the amendments tabled by Minister Cartabia and approved at the Council of Ministers on 11 February 2022 and further subject to regulatory interventions voted on by the House.', 'Among other things, the measure has been profoundly modified by the branch of Parliament to which it was assigned at first reading, the House of Deputies, which has intervened decisively, indeed decisively, in amending a decree containing more or less 100 extensions which have then become more than 300.']"
612,20,612_legalization_legalize_legalized_bioavailable,"['legalization', 'legalize', 'legalized', 'bioavailable', 'forbidden', 'illegal', 'instinct', 'hooked', 'easier', 'drugs']","['In this context, I think that following these things, we should also take up a discussion on the legalization of the substances that are in much distribution.', 'Then there is debate over the methods, legalization, or so on.', ""Now I'm just speaking directly of the instinct that God gave me and the one, let's say, a feeling I have, that as soon as we wish the intense and heartfelt desire that this ultimate and legalization will take place, it will tell me so much that it will be left to walk during this ideal period with success and then in the first part of it rather than the second.""]"
613,20,613_corrected_correct_correction_grammatically,"['corrected', 'correct', 'correction', 'grammatically', 'speculi', 'observations', 'offended', 'hell', 'actors', 'calandrini']","[""But it's not being corrected here."", 'Of course, this need to be corrected.', 'Of course, this need to be corrected.']"
614,20,614_culture_classical_christian_commercialism,"['culture', 'classical', 'christian', 'commercialism', 'cultural', 'christianity', 'posterity', 'heritage', 'earths', 'morals']","['That culture is not Catholic or Christian, but it has saved classical culture and delivered it to posterity.', 'Someone once said that culture does not make GDP, that culture does not earn income, that culture is not important and necessary.', 'Culture: taking care of our community, culture in the land, culture in consciences.']"
615,20,615_poverty_children_poor_grandfather,"['poverty', 'children', 'poor', 'grandfather', 'rich', 'thousands', 'inequity', 'adults', 'calendars', 'ivory']","['But the people out there who are poor and have nearly 6,000 children, it was reported at a conference that so many children lived with poverty-- what gave these people?', 'Then we make sure that children are not at poverty, and of course not adults.', 'There are 6,000 children living in poverty, and we know that there is almost another so large on the line to fall into poverty.']"
616,20,616_yes_answer_question_simple,"['yes', 'answer', 'question', 'simple', 'no', 'short', 'definitely', 'brief', 'pretty', '21']","['My simple answer to that question is yes.', 'Of course, the answer to that is yes, a big yes.', 'The answer I think should be yes.']"
617,20,617_grain_ukraine_wheat_russia,"['grain', 'ukraine', 'wheat', 'russia', 'world', 'exporters', 'produced', 'bread', 'food', 'crops']","['The market for grain amongst countries may be one tenth of the total production, with Ukraine being very large in the form of most of the most important species; sunflowers, corn, wheat, and barley.', 'Ukraine transports about 40% of its production of wheat and grain to the Middle East and Africa.', 'As far as the agri -food sector is concerned, Ukraine and Russia are the largest exporters of maize and wheat, and at the moment when that grain-as it happened for petrol-is no longer moving, devastating speculation is taking place.']"
618,20,618_chores_child_age_old,"['chores', 'child', 'age', 'old', '21', 'until', 'parent', 'household', 'years', '18']","['And the taking off of household chores when a child is away from home, and that is not done until now-this bill will lead to a failure until a child is 21 years old.', ""It can also be noted that the bill suggests that household chores are not affected by a child living in a parent's home until he is 21 years old."", ""It is therefore suggested that household chores be not affected by a child living in a parent's home until he is 21 years old.""]"
619,20,619_marriage_marry_age_18,"['marriage', 'marry', 'age', '18', 'married', 'old', '16', 'established', 'younger', 'under']","[""Then the more part shows that if individuals arrived here many years after marriage, when it has already been established, there is no basis for a person's getting married immediately if their marriage is not recognized here."", 'The bill shows that for a non-Witness marriage, there is a chance that both individuals would have been 16 years old at the time of marriage if it was legal in the state of marriage.', 'However, the person should have been 16 years of age at the time of marriage, and marriage is recognized in the land of marriage.']"
620,19,620_rapporteurs_tabled_roll_simultaneous,"['rapporteurs', 'tabled', 'roll', 'simultaneous', 'refer', 'amendment', 'vote', 'call', 'fulfils', '301']","['I would like to refer to the roll-call vote by a simultaneous vote on amendment 8,100 tabled by the rapporteurs.', 'I would like to refer to the roll-call vote by a simultaneous vote on amendment 8,100 tabled by the rapporteurs.', 'I would like to refer to the roll-call vote by a simultaneous vote on amendment 2.100, tabled by the rapporteurs.']"
621,19,621_conference_meetings_meeting_longer,"['conference', 'meetings', 'meeting', 'longer', 'aren', 'resent', 'hard', 'lengthy', 'winding', 'overnight']","[""But if people aren't going to show up, if the members of the board aren't coming to a meeting, they're not going to work, I don't understand why they're giving us a longer conference."", ""Now I'm a special amateur for long meetings, even overnight meetings, they can be the greatest fun at all, but they're burned to the point where representatives of the board will not participate."", 'But what is the need for a longer conference?']"
622,19,622_executives_managers_agents_management,"['executives', 'managers', 'agents', 'management', 'hypocrites', 'naiveties', 'voters', 'whining', 'feasible', 'yeah']","['The executives who tell us to stop whining and coming to work but who are all gone for food or out to town or anywhere.', ""But I've found that when the executives have spoken up and called after it, they feel like they're out of transparency, that there's a lack of information and that they have to put the cards on the table, they're just watching the manager there."", ""I notice that the executives felt extremely hurt and rushed out of the hall, the few hypocrites who showed up after we drew attention to the fact that they weren't here to have a conversation with us.""]"
623,19,623_examination_described_proceed_shall,"['examination', 'described', 'proceed', 'shall', 'amendments', 'decree', 'article', 'now', 'law', 'intended']","['We shall now proceed to the examination of the amendments to Article 19 of the Decree-Law, which are described.', 'We shall now proceed to the examination of the amendments to Article 20 of the Decree-Law, which are described.', 'We shall now proceed to the examination of the amendments to Article 7 of the Decree-Law, which are described.']"
624,19,624_afghanistan_taliban_americans_overspoken,"['afghanistan', 'taliban', 'americans', 'overspoken', 'evacuated', 'disordered', 'afghans', 'regained', 'unforgivable', 'wretched']","['In the meantime, however, unacceptable things also happen in Afghanistan.', 'There we have been involved in building up following war and, in fact, decades of conflict, while the Taliban has returned to power in Afghanistan, thanks to an incomprehensible and unforgivable agreement made with them by the U.S. government.', 'Do we want to remember Afghanistan?']"
625,19,625_representative_call_government_stewards,"['representative', 'call', 'government', 'stewards', 'texts', 'attend', 'offices', 'knows', 'sent', 'turn']","['I call the representative of the Government.', 'I call the representative of the Government.', 'I call the representative of the Government.']"
626,19,626_1st_2nd_suggest_pointed,"['1st', '2nd', 'suggest', 'pointed', 'environment', 'transport', 'traced', 'committee', 'main', 'after']","['Finally, I suggest, after 1st. if the case is referred to. Environment and Transport Committee as well as the 2nd Environment and Transport Committee.', 'I suggest after 1st. if the case is referred to. Environment and Transport Committee and 2nd Environment.', 'I suggest the bill be after the 1st. Pointed to why. Environment and Transport Committee and 2nd Environment.']"
627,19,627_easter_break_ransacked_texting,"['easter', 'break', 'ransacked', 'texting', 'egg', 'embarrassing', 'message', 'scrap', 'hanging', 'ahead']","[""I'm starting to wonder what I'm gonna do here after Easter."", ""You don't have to be surprised that there's a lot of discussion about this because even if we were to talk here well until Easter and before Easter, I don't think we'd get close to knowing exactly what's going on."", 'Then we can go on Easter break.']"
628,19,628_reimbursement_filmmaking_film_1999,"['reimbursement', 'filmmaking', 'film', '1999', 'temporary', '43', 'suggests', 'iceland', 'production', '35']","['The bill suggests changes in temporary reimbursement laws for filmmaking in Iceland, No. 43/1999.', 'The bill suggests changes in temporary reimbursement laws for filmmaking in Iceland, No. 43/1999.', 'The bill suggests changes in temporary reimbursement laws for filmmaking in Iceland.']"
629,19,629_state_cartelisation_demonize_anymore,"['state', 'cartelisation', 'demonize', 'anymore', 'directive', 'should', 'conservative', 'behave', 'taxpayer', 'constitute']","['It should not be so that the state should begin to help with ◯cartelisation in the first place.', ""There are things the state can't lose, because otherwise, if it doesn't do them anymore, it won't even be able to control them anymore."", 'The State must somewhere realize that it may be wrong to admit it, not continue to demonize its citizens in court.']"
630,19,630_proposal_engagement_submitted_forthiscommunicative,"['proposal', 'engagement', 'submitted', 'forthiscommunicative', 'birds', 'santangelo', 'plate', 'writer', 'hitting', 'accordance']","['This proposal is requested to be submitted in accordance with the above terms of engagement.', 'This proposal is requested to be submitted in accordance with the above terms of engagement.', 'All this to say what the proposal is.']"
631,19,631_substances_harmful_hormone_respiratory,"['substances', 'harmful', 'hormone', 'respiratory', 'chemicals', 'destructive', 'dangerous', 'anaben', 'animal', 'irritation']","['However, it is conditional that the amount of chemicals does not exceed the amount considered for its own use so that protection from substances will still be punished when it is evident that they are intended for sale or distribution.', 'This obviously produces devastating damage, because it is absolutely harmful substances.', 'Of course, all these substances need to be handled with care after risking hazardous substances, but most people use them in a responsible way.']"
632,19,632_amendments_against_am_mr,"['amendments', 'against', 'am', 'mr', 'president', 'all', 'touching', 'trampled', 'span', 'umpteenth']","['Mr President, I am against all the amendments.', 'Mr President, I am against all the amendments.', 'Mr President, I am against all the amendments.']"
633,19,633_senators_opposing_abstain_accordingly,"['senators', 'opposing', 'abstain', 'accordingly', 'answer', 'intend', 'trust', 'yes', 'declaring', 'speak']","['The senators for trust will answer yes, the opposing senators will answer no, the senators who intend to abstain will speak accordingly.', 'The senators for trust will answer yes; the opposing senators will answer no; the senators who intend to abstain will speak accordingly.', 'The senators for trust will answer yes; the opposing senators will answer no; the senators who intend to abstain will speak accordingly.']"
634,19,634_environmental_prevention_communicable_risks,"['environmental', 'prevention', 'communicable', 'risks', 'network', 'health', 'acute', 'chronic', 'climate', 'national']","['Its function is to improve policies and strategies for the prevention, control and treatment of acute and chronic diseases directly or indirectly associated with environmental and climate risks.', 'It will perform its functions by working in synergy with the structures of the National Environmental Protection System, established in 2016, and will have predominant health prevention, control and planning tasks, to reduce the risks and impacts on the population of acute and chronic, communicable and non-communicable diseases associated with pollution and climate change.', 'This new system aims to improve and harmonise the policies and strategies put in place by the National Health Service for the prevention, control and treatment of acute and chronic, communicable and non-communicable diseases associated with environmental and climate risks.']"
635,19,635_russa_la_malan_roll,"['russa', 'la', 'malan', 'roll', 'ballot', 'simultaneous', 'tabled', 'refer', 'senators', 'call']","['I refer to the roll-call vote by simultaneous ballot of amendment 7.5, tabled by Senators Malan and La Russa.', 'I refer to the roll-call vote by simultaneous ballot of amendment 7.4, tabled by Senators Malan and La Russa.', 'I refer to the roll-call vote by simultaneous ballot of amendment 2.4, tabled by Senators Malan and La Russa.']"
636,19,636_appeal_invite_secretary_proceed,"['appeal', 'invite', 'secretary', 'proceed', 'starting', 'makes', 'pisani', 'senator', 'giuseppe', 'tosato']","['I invite the Senator Secretary to proceed with the appeal, starting with Senator Casini.', 'I invite the Senator Secretary to proceed with the appeal, starting with Senator Calandrini.', 'I invite the Senator Secretary to proceed with the appeal.']"
637,19,637_france_french_italy_germany,"['france', 'french', 'italy', 'germany', 'neologism', 'coalition', 'enhanced', 'cooperation', 'quint', 'disgust']","['It is above all on this front that Italy and France therefore, in my opinion, have the need to meet.', 'Madam President, Italy and France together, for a stronger Europe.', 'This is due to the positive cooperation between Italy and France.']"
638,19,638_sacrifice_sacrifices_repays_justified,"['sacrifice', 'sacrifices', 'repays', 'justified', 'resistant', 'underscores', 'expressions', 'translated', 'links', 'genuine']","['Then there is a distinction between sacrifice and sacrifice.', 'Mr President, the sacrifice is great.', 'There was a great sacrifice to be made.']"
639,19,639_evolution_covid_correspondent_punishments,"['evolution', 'covid', 'correspondent', 'punishments', 'indifference', 'slower', 'wait', 'bans', 'destination', 'optimistic']","['So I want to ask the highest. A minister may not agree with the fact that there is bad evolution.', 'The fact is, I think there will be very little evolution in these subjects-- yes, evolution will be very slow, but it will be much slower if it is mainly to be successful with regulations and bans and punishments instead of positive motivation and emphasis on research and evolution.', 'We just have to accept that evolution is on its way.']"
640,19,640_food_prices_groceries_sugar,"['food', 'prices', 'groceries', 'sugar', 'rise', 'rose', 'percent', 'peak', 'meat', 'tiles']","[""This will be our major project now for the next year because I think, and I'm not alone, that food prices in the world will rise."", 'It is clear, therefore, that if you close this market, the production of groceries will be drawn together, which can lead to lack of food and substantial increase in food prices.', 'At this time, the food prices will rise, and it will have a big impact on this country.']"
641,18,641_orphan_sites_reclamation_identified,"['orphan', 'sites', 'reclamation', 'identified', 'regions', 'site', 'provinces', 'autonomous', 'verified', 'illicit']","['The orphan sites have therefore been identified through a process of consultation with the territorial administrations, which was started in July 2021, so the offices responsible of the Ministry asked the bodies to identify orphan sites to be retrained on their territory and related interventions.', 'In addition, the actual qualification of orphan sites is attested by the proposing regions and verified during the investigation by the Ministry through a check list, according to the definition of orphan site referred to in the aforementioned Ministerial Decree of 2020( the package is called programming of orphan sites) .', 'Mr President, the funds allocated under the Budget Act for 2019 for the reclamation of orphan sites, as identified, have been allocated between the Regions and the Autonomous Provinces according to the quotas identified and on the basis of specific allocation criteria, which provide that each Region, according to its own principles and in line with the plans already adopted for reclamation, will ensure the identification of these orphan sites.']"
642,18,642_10_buccarella_follow_11,"['10', 'buccarella', 'follow', '11', 'following', 'mauton', 'followed', '12', 'mollame', 'piarulli']","['( 10.10 a.m.) ( Follows MOLLAME) .', '6:32 p.m.( Follow BUCCARELLA) .', '12:03 a.m.( Follow BUCCARELLA) .']"
643,18,643_ecosolidal_announce_mixed_component,"['ecosolidal', 'announce', 'mixed', 'component', 'ecosolidali', 'equal', 'favorable', 'leu', 'free', 'favour']","['In conclusion, I announce the favorable vote of the Free and Equal-Ecosolidal component of the Mixed Group.', 'I therefore announce the vote in favour of the Free and Equal-Ecosolidal component of the Mixed Group.', 'For all these reasons, I announce the vote in favour of the Free and Equal-Ecosolidal component of the Mixed Group.']"
644,18,644_require_minor_coverage_adjustments,"['require', 'minor', 'coverage', 'adjustments', 'suggests', 'technical', 'special', 'consideration', 'legal', 'changes']","['These are proposed minor or legal changes that do not require specific consideration.', 'The committee suggests a few minor legal modifications to the bill that do not require special coverage.', 'These are proposed minor technical changes that do not require specific coverage.']"
645,18,645_lying_lies_fooled_deceive,"['lying', 'lies', 'fooled', 'deceive', 'deception', 'fool', 'misleading', 'disraeli', 'victoria', 'lie']","[""As our national leader also said, you lie knowing you're lying."", 'So, those who told the opposite were obviously lying knowing they were lying.', 'Mr President, according to a famous phrase that someone attributes to Benjamin Disraeli, British premier at the time of Queen Victoria, others to the American Mark Twain, there are three types of lies: simple lies, brazen lies and statistics.']"
646,18,646_fragile_workers_extend_protection,"['fragile', 'workers', 'extend', 'protection', 'unfit', 'stress', 'protections', 'sickness', 'epidemiological', 'retroactively']","['We therefore ask you, Minister, what initiatives you intend to take in order to extend the protection of fragile workers until the development of the epidemiological situation so requires, to enable them to receive the sickness benefit throughout the period of absence from service and to extend these protections also to the unfit workers.', 'This is why the Ministry of Labour has always supported measures to extend interventions to protect fragile workers.', 'An amendment adopted in favour of fragile workers is also important.']"
647,18,647_hospital_akureyri_backup_cornerstone,"['hospital', 'akureyri', 'backup', 'cornerstone', 'clinics', 'shapps', 'fleas', 'crimson', 'facility', 'kraga']","[""The hospital at Akureyri, which is our second major hospital-- we'll certainly remember at some point, when we have experience with this government, looking to it."", ""Then there's the hospital in Akureyri."", 'What about the hospital in Akureyri?']"
648,18,648_pellegrini_emanuele_sp_az,"['pellegrini', 'emanuele', 'sp', 'az', 'psd', '17', '18', 'followed', '28', 'alexandrini']","[""PELLEGRINI Emanuele( L-SP-PSd' Az) ."", ""PELLEGRINI Emanuele( L-SP-PSd' Az) ."", ""PELLEGRINI Emanuele( L-SP-PSd' Az) .""]"
649,18,649_volunteers_volunteer_volunteering_charity,"['volunteers', 'volunteer', 'volunteering', 'charity', 'salvation', 'jobs', 'kfum', 'kfuk', 'army', 'agreements']","['This is especially true since it is against labour agreements and principles in a labour market that volunteers have general jobs in the economic activities of companies or institutions.', 'In that case, I feel that it is proper to draw special attention to the fact that the range of laws required does not involve volunteers, but it is important to make a clear distinction between volunteers and employees on the other hand.', 'For example, the work of volunteers on projects for various organizations associated with charity or humanitarianism, such as for the Red Cross in Iceland, the rest of the house, the Salvation Army, the Boy Scout movement, or international youth exchange, to name something.']"
650,18,650_materials_raw_difficulty_inevitably,"['materials', 'raw', 'difficulty', 'inevitably', 'shortage', 'finding', 'costs', 'iron', 'yards', 'steel']","['There is also a topic of availability of raw materials cost.', 'In these months we have been faced with the dearness of materials, linked to the difficulty of finding raw materials.', 'We are all aware of the increases in the cost of raw materials, energy and inevitably the shopping cart, but entrepreneurs were aware of the phenomenon of the increase of raw materials since the beginning of 2021.']"
651,18,651_comments_minutes_approved_were,"['comments', 'minutes', 'approved', 'were', 'since', 'no', 'there', 'the', '', '']","['Since there were no comments, the Minutes were approved.', 'Since there were no comments, the Minutes were approved.', 'Since there were no comments, the Minutes were approved.']"
652,18,652_globalisation_globalization_phenomenon_mismanaged,"['globalisation', 'globalization', 'phenomenon', 'mismanaged', 'goods', 'monster', 'fratin', 'pichetto', 'regulated', 'chinese']","['Many times with the Deputy Minister and dear friend Pichetto Fratin we have made speeches about globalization, which I absolutely do not want to understand as a monster, but certainly as a complex phenomenon, which must be governed.', 'Globalisation is not a monster, no matter how much my friend and deputy minister Pichetto Fratin knows that I have criticized her many times.', 'Since we are talking about globalisation, then a globalization whose crisis confirms so many of our intuitions, let me say, to avoid misunderstandings, that it is not true that we have all mishandled globalisation.']"
653,18,653_safety_safe_safer_prevalent,"['safety', 'safe', 'safer', 'prevalent', 'ambulances', 'hazard', 'trait', 'creating', 'distinct', 'virtual']","['As we have seen, this is a very important safety issue.', 'This is an important safety issue.', ""There's so much safety here, and it's so important.""]"
654,18,654_strive_competition_active_promote,"['strive', 'competition', 'active', 'promote', 'markets', 'sales', 'natural', 'financial', 'transactions', 'botanist']","['In that case, sales should strive to promote active and natural competition for financial markets.', 'In that case, sales should strive to promote active and natural competition for financial markets.', 'In that case, sales should strive to promote active and natural competition for financial markets.']"
655,18,655_report_ignored_review_professional,"['report', 'ignored', 'review', 'professional', 'option', 'groups', 'bold', 'brakes', 'um', 'scores']","['The work certainly started, but for some reason, the brakes were started within the Ministry, and when the report finally appeared, it did not contain anything that was somewhat different.', ""That's what happened. More part of the report is still missing, over two years later, despite this appeal, despite the bold and written text of the Agency's review that it would have to be better."", 'The reviews indicated that the option did not have the extensive impact on tourism on which the pro-group 2 results were based.']"
656,18,656_distributed_5th_standing_presidency,"['distributed', '5th', 'standing', 'presidency', 'published', 'draft', 'received', 'annex', 'opinion', 'commission']","[""I would like to say that the Presidency-and it is being distributed-has received the opinion of the 5th standing Commission on the draft law before us, which will be published in an annex to today's report."", ""I would like to say that the Presidency-and it is being distributed-has received the opinion of the 5th standing Commission on the draft law before us, which will be published in an annex to today's report."", ""I would like to say that the Presidency-and it is being distributed-has received the opinion of the 5th standing Commission on the draft law before us, which will be published in an annex to today's report.""]"
657,18,657_human_rights_violating_bathe,"['human', 'rights', 'violating', 'bathe', 'awful', 'guaranteed', 'violation', 'institution', 'impairments', 'faithful']","[""We're talking, not that human rights are guaranteed no matter what, but just what we do for it."", 'We may not always be talking about human rights on a daily basis, but we present issues that are just human rights when better checked.', 'We have to talk about human rights, too, in this context.']"
658,17,658_parental_leave_paternity_employed,"['parental', 'leave', 'paternity', 'employed', 'fourteenth', 'babies', 'maternity', 'self', 'compulsory', 'envisaged']","[""I would merely point out that the measure also provides for a reordering of parental leave of paternity and maternity, with the possibility of using it for working parents until the fourteenth year of the children's age."", 'The radical change envisaged in the chapter on parental and paternity leave, which should also be extended to self-employed workers and professionals, should continue to reverse the course.', ""Moreover, I think it is worthwhile, in relation to parental leave, in addition to having extended the minimum period of parental leave to the fourteenth year of the child's age, instead of the 12th currently planned, to have introduced paternity leave.""]"
659,17,659_stress_senator_minister_inquiring,"['stress', 'senator', 'minister', 'inquiring', 'wondering', 'visualization', 'vast', 'declared', 'collaborative', 'investigation']","['If a minister was concerned about credibility, he would simply have declared that this serious situation called for an investigation and that he had handed it over to the Senate to determine who should study and put it out of the investigation.', 'Then I want to add and ask why. A senator whether he was concerned, in view of his attempt to drive this through without the overall vision and overall policy, of the vast authority given to the minister and administration without access-the vast sources, in view of the lack of policy here.', ""I think that's what we're talking about. A senator doesn't have to question my thoughts, and I will stress it, and we've talked about it, me and the highest. Social Affairs Minister, to this group, the representatives of this group will be included and the organisations that are the clients of this group will be involved in this work.""]"
660,17,660_patt_uv_aut_svp,"['patt', 'uv', 'aut', 'svp', 'unterberger', 'laniece', 'cattaneo', '', '', '']","['UNTERBERGER( Aut( SVP-PATT, UV) ) .', 'UNTERBERGER( Aut( SVP-PATT, UV) ) .', 'UNTERBERGER( Aut( SVP-PATT, UV) ) .']"
661,17,661_highest_minister_learn_lawsuits,"['highest', 'minister', 'learn', 'lawsuits', 'dominate', 'predecessors', 'afterlife', 'lived', 'pilots', 'prime']","[""I'm the highest. A minister to make up the same category of lawsuits that we have seen successful results in, such as. Prevention of smoking and the drinking of youths, trying to dominate them into other lawsuits."", ""Now it's the highest. Minister of this office is new to me, so I'm asking if the highest level. A minister will copy his predecessors in beating his head at the stone or if he is willing to take up the discussion needed to settle the matter."", ""I'm the highest. A minister to learn about the circumstances of people in distress who have even lived here since birth, who have even lived here for decades but cannot meet all legal conditions, e.g. Because it is not locked, because it cannot learn another language, because it cannot learn to read letters as we use it or simply because of health issues.""]"
662,17,662_cheating_senator_aground_šdisilgate,"['cheating', 'senator', 'aground', 'šdisilgate', 'grillions', 'overlaying', 'volleyball', 'minister', 'responsible', 'em']","['I wonder what. A senator understands that it is a minister of Private and personally who makes his red overlaying pen over it or if it is not exactly the government of a minister to whom the minister is responsible, of course, to do this.', ""Now we have what? A senator not only runs a large part of our adult life, she may be much bigger than my company, and that is why it is only hoped that I didn't understand alpine from the highest level. Prime Minister, secretary of finance, so I ask. Senator: How will the Independence Party and the government make this work except for extra money for the ministry?"", ""Hv. Of course, a senator cannot answer for the construction of the car manufacturer, as she says, fortunately, and no reason to bear volleyball of those who became aware of cheating in Šdisilgate and had to pay for it some, I don't know how to calculate it from euro, grillions in fines for cheating.""]"
663,17,663_roll_ballot_simultaneous_rule,"['roll', 'ballot', 'simultaneous', 'rule', 'refer', 'call', 'vote', 'by', 'fifth', 'branch']","['I refer to the roll-call vote by simultaneous ballot of Rule 5.', 'I refer to the roll-call vote by simultaneous ballot of Rule 5.', 'I refer to the roll-call vote by simultaneous ballot of Rule 5.']"
664,17,664_smell_urine_insecticides_preschoolers,"['smell', 'urine', 'insecticides', 'preschoolers', 'smells', 'insecticide', 'toxicities', 'devices', 'stinks', 'precocious']","[""It's the smell I'm worried about in this context."", ""It's the biggest smell of this bill."", ""These devices smell like they're doing them.""]"
665,17,665_scratch_underneath_ramburd_crevice,"['scratch', 'underneath', 'ramburd', 'crevice', 'lot', 'stuff', 'bicycle', 'scratched', 'photo', 'scraping']","[""There's a lot of stuff under there."", 'It contains, for example, A photo of cheese, milk, house, cream, and what does not belong there.', ""There's nothing scraping it off when you ride a bicycle in the head of the Gangs.""]"
666,17,666_serve_invited_previously_assembly,"['serve', 'invited', 'previously', 'assembly', 'again', 'welcome', 'taken', 'general', 'she', 'linya']","['He has previously taken his place at the General Assembly and is invited to serve again.', 'He has previously taken his place at the General Assembly and is invited to serve again.', 'He has previously taken his place at the General Assembly and is invited to serve again.']"
667,17,667_victims_mourning_closeness_pain,"['victims', 'mourning', 'closeness', 'pain', 'families', 'difficulties', 'owe', 'derailments', 'empathize', 'þorsteinsdóttir']","['We owe it to the blameless victims, to their families, to the communities shocked by the brutality of these gestures to which I address today all my emotion and mourning.', 'It is an act of justice and respect due both to the victims, and to the association of the family members of the victims, who have always been engaged in all these years to fight derailments and connivances and denounce complicity and silence.', 'It is easy to proclaim mourning for the victims at work, closeness to those who suffer an offense to their dignity as a worker and solidarity with those who are called to oversee legality among thousands of difficulties.']"
668,17,668_agree_agrees_everybody_couldn,"['agree', 'agrees', 'everybody', 'couldn', 'think', 'disagree', 'coming', 'completely', 'understand', 'greatly']","[""I think that's sort of what everybody agrees on."", ""I think everybody agrees that that's what's going on here."", 'I think we can all agree with that.']"
669,17,669_criticism_criticize_criticist_roundabout,"['criticism', 'criticize', 'criticist', 'roundabout', 'ma', 'attach', 'stimulus', 'beneficial', 'controls', 'favor']","['I accept criticism in this regard.', 'First, it has been a long line of criticism.', 'These comments and criticism are not new.']"
670,17,670_agency_checkbox_executing_naughty,"['agency', 'checkbox', 'executing', 'naughty', 'departments', 'agencies', 'democracy', 'opposers', 'filling', 'professionally']","['Of course, this is linked together, the same agency that works on the information and management of these issues.', ""I'd also like to think that we're going toward democracy and professionalism, but this isn't just because some hard experience has told us that we need to stop some naughty manager or something like that, and I have no confirmation of it."", 'Of course, agencies, whatever their names, have to do their jobs well and professionally, be well-educated, and look to their point of view, and do not overlook those just listed in our legislation and in the laws that need to be looked to.']"
671,17,671_pay_preconceiving_pays_pledge,"['pay', 'preconceiving', 'pays', 'pledge', 'paying', 'shit', 'lockdown', 'basics', 'eat', 'receives']","['After that, it is our citizens who pay.', ""No, they will have some to pay, and if they escape from the pledge and in their own housing, they will also pay the rising prices they cannot control or eat what is out of the government's jurisdiction."", ""We've always had to pay for it.""]"
672,17,672_delegation_white_exercised_delegates,"['delegation', 'white', 'exercised', 'delegates', 'delegated', 'implementation', 'legislates', 'particularities', 'leverage', 'insincability']","['Let us now turn to the content of the delegation.', 'In fact, the first obvious criticality of this delegation, which runs the obligation to emphasize, is that it leaves very wide space to the activity of the delegated legislator and it is clear that the provision should have been formulated in order to direct more fully the Government, that today so enjoys substantially a delegation in white.', 'This is an issue on which the Government, in the implementation of the delegation, must pay attention.']"
673,17,673_mental_cost_billion_health,"['mental', 'cost', 'billion', 'health', '26', 'million', 'annual', 'estimated', 'care', '13']","['The Ministry estimates that the direct cost of mental health problems will be 13.8 billion. In 2021, but the cost in 2020 was about 12.9 billion at the price of that year.', 'The cost of social insurance on account of mental illness has become 26.6 billion dollars. The annual and annual cost of mental-health care is only 12.9 billion annually.', 'The cost of social, insurance, and health care as a result of mental illness in 2020 was 4,1.8 billion. and estimated cost of mental health care in 2021 13,83 billion.']"
674,17,674_weight_weights_pounds_lose,"['weight', 'weights', 'pounds', 'lose', 'shelfed', 'enduring', 'weigh', 'losing', 'overweight', 'kg']","[""Some argue that weights should be shelfed; others say that weights should be the luxury product that many people live in today's world."", ""Then she'd get a little more weight, too."", ""We're working with the reduction of isolation now, and possibly more people can get to work and then lose weight on the situation, and that gives us reason to lose them more weight.""]"
675,17,675_disappearance_rognoni_loved_his,"['disappearance', 'rognoni', 'loved', 'his', 'condolences', 'francesco', 'family', 'mourning', 'man', 'lucky']","['The CGIL of the Barletta-Andria-Trani Province together with all the categories mourns the disappearance of Francesco Dambra, for all Franco.', ""To the family, the backbone from which he drew his great inner strength, to his wife Alessandra and to his children Giulio and Livia, to all his colleagues and colleagues of the PD, the Lega-Salvini Premier-Partito Sardo d'Azione Group expresses closeness and live condolences and honors a man who, with his work and values, has given lustre to our country."", 'Rognoni was a giant among those giants; a very courageous politician who continued until a few days after his disappearance to dispense advice, to help, to intervene, with those who were lucky to meet him, on politics.']"
676,17,676_measures_tailored_toolboxes_justifiable,"['measures', 'tailored', 'toolboxes', 'justifiable', 'meanings', 'corrective', 'achieved', 'ashamed', 'heavily', 'specialized']","['These measures are very important and good.', 'We need strong measures, not these measures.', 'When we take measures, it is right that they are in part tailored to the needs.']"
677,16,677_goals_achieved_merddis_successful,"['goals', 'achieved', 'merddis', 'successful', 'results', 'reached', 'hrönn', 'tenant', 'yielded', 'diverse']","['I feel that these goals have been achieved very well.', 'It can be said that all these goals have been achieved.', 'We have achieved most of our goals.']"
678,16,678_durnwalder_reading_gave_minutes,"['durnwalder', 'reading', 'gave', 'minutes', 'sitting', 'secretary', 'previous', 'mr', 'day', 'appealing']","['Mr Durnwalder, Secretary, gave a reading of the Minutes of the sitting of the previous day.', 'Mr Durnwalder, Secretary, gave a reading of the Minutes of the sitting of the previous day.', 'Mr Durnwalder, Secretary, gave a reading of the Minutes of the sitting of the previous day.']"
679,16,679_remote_care_distant_health,"['remote', 'care', 'distant', 'health', 'services', 'technology', 'national', 'hospital', 'homogenization', 'availability']","['Just as there are things to be done with all health care, while innovation and technological development in the area of remote health care will indeed be a great improvement for those who are living in the country but who need service from the Land Hospital, for example, and even granting the possibility of foreign-language services and treatment.', ""We've chosen it this way from policy development to focus on national and national long-term health services and are working to implement technology and shape a process and guidance around remote health services in order to ensure safety and quality of life to both patients and employees and the relevant data."", 'Then I refer to medical conferences where the proposed availability of extended health care services is to improve the availability of services that include the use of a remote health care provider. so that we enable users of health care in a way that enables them to employ telecommunications technology in the area of remote health care and to use various brilliant programs in this regard.']"
680,16,680_tunnel_tunnels_bridge_reykjavík,"['tunnel', 'tunnels', 'bridge', 'reykjavík', 'grafarvogi', 'isafjörður', 'reykjavíkurburg', 'sunwater', 'mosfellstown', 'bridges']","['Those of us who have lived upstairs in Christmas know that getting a bridge or tunnel from the Kjalarnes down in Reykjavík would save us a lot of time, not having to drive through all of Mosfellstown.', 'The first tunnel in Iceland was a tunnel dug through Eagle Valleyshamar between S such as Isafjörður and Isafjörður in 1948.', 'If Reykjavíkurburg insists that it be a Sunwater tunnel, the city of Reykjavík should pay that amount.']"
681,16,681_balance_imbalance_balanced_finding,"['balance', 'imbalance', 'balanced', 'finding', 'existed', 'avoided', '2009', 'creates', 'mission', 'ours']","[""It's all over the business, so it's always a balance."", 'Of course, there is more than one way to ensure balance.', ""I think there's a balance there.""]"
682,16,682_armed_244_precariousness_forces,"['armed', '244', 'precariousness', 'forces', 'paola', 'military', 'personnel', '2024', 'units', 'training']","[""The revision of Law No 244 of 2012 is therefore a choice dictated by today's circumstances, but also the necessary adaptation of the military model to the role that our Armed Forces play today."", 'The present measure aims to modify the recruitment, lowering, if not even eliminating the precariousness in the Armed Forces, in addition to lengthening the term of the reduction imposed by the law Di Paola moving it from 2024 to 2034.', 'The changed geopolitical scenario leads to the need to review choices that had already been taken, starting from the organic endowment of our Armed Forces, that were undergoing a reduction under the so-called law of Paola, with which it was expected to bring to 150,000 units the military personnel of the three Armed Forces and to 20,000 the civil personnel of the defense, reductions on which today we reverse the course.']"
683,16,683_rai_television_spa_broadcasting,"['rai', 'television', 'spa', 'broadcasting', 'participation', 'network', 'progress', 'radio', 'maintaining', 'broadcast']","['I remember that live television with Rai is in progress.', 'I remember that live television with RAI is in progress.', ""Mr President, as you know, RAI Way is the joint stock company of the Rai Group, listed on the Milan Stock Exchange, which owns the network for broadcasting the RAI's radio and television signal and which is responsible for managing and maintaining it.""]"
684,16,684_improvisation_never_argues_hostilities,"['improvisation', 'never', 'argues', 'hostilities', 'eighty', 'defect', 'forming', 'rhythms', 'instance', 'variation']","['No force at all could have prevented these windows from forming in the legal position of people working in the MPA service.', 'In other words, there is no variation in hostilities and trustees who are granted leaves when it comes to service.', 'His political and administrative action has never suffered from the defect of improvisation dictated by urgency.']"
685,16,685_garnet_enlisted_rauti_she,"['garnet', 'enlisted', 'rauti', 'she', 'speak', 'senator', 'to', '', '', '']","[""She's enlisted to speak Senator Garnet."", ""She's enlisted to speak Senator Garnet."", ""She's enlisted to speak Senator Garnet.""]"
686,16,686_oil_search_jurisdiction_norwegian,"['oil', 'search', 'jurisdiction', 'norwegian', 'ban', 'gas', '53', 'issued', 'icelandic', '54']","['Norwegians have now released 53 new oil and gas search permits in Norwegian jurisdiction.', ""That's why I feel that it must be the government of Iceland, and hopefully it can be the highest. The minister of state expressed himself only on this, reexamined the strange decision to ban research and search for oil and gas in Icelandic jurisdiction at the same time as the Norwegian government has just issued its laws on 53 new legislation, its search and implementation."", 'At the same time as the Norwegian government has just issued 53 licenses for the search and development of oil and gas in Norwegian jurisdiction, the Icelandic government has issued a prohibition on oil and gas search in Icelandic jurisdiction.']"
687,16,687_telephones_housekeeping_interiors_restaurant,"['telephones', 'housekeeping', 'interiors', 'restaurant', 'along', 'cleaning', 'harrow', 'lodgers', 'unsecured', 'plumbers']","['Housekeeping, along with the necessary interiors and telephones.', 'Housekeeping, along with the necessary interiors and telephones.', 'Housekeeping, along with the necessary interiors and telephones.']"
688,16,688_sexual_autonomy_atypical_sexless,"['sexual', 'autonomy', 'atypical', 'sexless', 'toilet', 'traits', 'gender', 'legislation', 'laws', 'born']","[""I know that the review of the General and Education Committee when sexual autonomy was being treated that it's more important to do this."", 'I mentioned the above law on sexual autonomy which strengthens the right to choose the person to define his or her gender in accordance with his own experience and the right protection of children born with atypical sexual traits.', 'A significant expertise was developed in the legislation on sexual autonomy, and I would particularly like to mention a sex-specific autonomy report and the suggestions of a team on the subject of children born with atypical sexual traits, which actually laid the crucial basis that followed.']"
689,16,689_answers_later_thank_senator,"['answers', 'later', 'thank', 'senator', 'you', 'deposit', 'answer', 'for', 'him', 'thought']","['Thank you. A senator for later answers.', 'Thank you. A senator for later answers.', 'Thank you. A senator for later answers.']"
690,16,690_authority_tabernacle_authoritativeness_stolen,"['authority', 'tabernacle', 'authoritativeness', 'stolen', 'powder', 'investigation', 'spends', 'possess', 'advertisement', 'phones']","['It is one thing to have authority and another to use it.', ""I don't have to go over the authority. You all know how it is."", ""It's like all the authority I have on this.""]"
691,16,691_persian_protection_kári_persians,"['persian', 'protection', 'kári', 'persians', 'persia', 'stresss', 'affidavit', 'piranians', 'letters', 'incorruption']","[""Then there was a new start, and Persian protection had to be asked: Why didn't you look at our tips from last year, etc. ?"", 'It is time for Persian protection to begin to point out where this matter rests in their affairs.', ""The independent Persian protection must be an important factor in a democracies community, that agencies have the confidence that they respect that if people disagree with Persian protection's decision, they can have that conclusion in court.""]"
692,16,692_rapporteur_agree_mr_president,"['rapporteur', 'agree', 'mr', 'president', 'with', 'the', '', '', '', '']","[""Mr President, I agree with the rapporteur's."", ""Mr President, I agree with the rapporteur's."", ""Mr President, I agree with the rapporteur's.""]"
693,16,693_trident_stubbornness_covid_decounting,"['trident', 'stubbornness', 'covid', 'decounting', 'shock', 'cumbersome', 'degenerations', 'divided', 'destabilizing', 'suffering']","['Our country is suffering a real shock, from which, with stubbornness and commitment, it is trying to get out.', 'But we also saw it when we were dealing with Covid that the trident was ready to take responsibility, it was ready to say, "" Yes, we made a mistake. ""', 'Thus, our trident appeared as a face-to-face reaction to this visitor, and the government or the local minister is then revealed in the economic actions we intended to take on the situation.']"
694,16,694_induction_happen_desk_takes,"['induction', 'happen', 'desk', 'takes', 'halfway', 'limp', 'beating', 'long', 'pressing', 'period']","['Too short a time for induction-I also fully agree.', ""I'll have to ask you what's taking so long because something else is done in this induction process."", ""I'll say the same about the induction.""]"
695,16,695_sale_sales_businessman_ministers,"['sale', 'sales', 'businessman', 'ministers', 'prime', 'doubts', 'economic', 'subservation', 'declared', 'finance']","['And if a businessman declared it to be the leader of the sale, does the prime minister believe that a minister of business has a violation of the code of ethics by not informing the nation of these views until after the campaign had taken place?', ""I'd like to say something. The head of the Economic and Business Committee to refer here to the greater part of the Economic and Business Committee on the sale, which I don't quite feel is a harmony with, and the implementation of this sale."", ""But I would also be interested in hearing words of the highest degree. Secretary of finance to see what the discussion was on the Minister's Committee on Economic Affairs for the dealing of the sale, whether it is at the highest level. A businessman has declared that she had a warning there.""]"
696,15,696_facts_dejected_eyes_chronicle,"['facts', 'dejected', 'eyes', 'chronicle', 'minded', 'themselves', 'cut', 'stupid', 'foot', 'apologize']","['I think facts speak for themselves.', 'Let us make all these facts clear.', 'The facts speak for themselves.']"
697,15,697_permission_jesusko_marlins_president,"['permission', 'jesusko', 'marlins', 'president', 'says', 'raisins', 'comedy', 'kindly', 'furthermore', 'tip']","[""So says, with President's permission:"", ""So says, with President's permission:"", ""So says, with President's permission:""]"
698,15,698_81_5th_expressed_contrary,"['81', '5th', 'expressed', 'contrary', 'constitution', 'move', 'commission', 'amendment', 'opinion', 'article']","['Let us move on to amendment 4.0.2 on which the 5th Commission has expressed an opinion contrary to Article 81 of the Constitution.', 'Let us move on to Amendment 2.0.1, on which the 5th Commission has expressed an opinion contrary to Article 81 of the Constitution.', 'Let us move on to amendment 7.0.8, on which the 5th Commission has expressed an opinion contrary to Article 81 of the Constitution.']"
699,15,699_cooperation_flows_exorcisms_prosperity,"['cooperation', 'flows', 'exorcisms', 'prosperity', 'understandably', 'spirit', 'cooperating', 'brother', 'along', 'cooperative']","['It is not enough to argue that consultation and cooperation will be carried out; rather, it is claimed that the purpose of all these exorcisms is to promote cooperation and cooperation.', 'Of course, there must be some cooperation.', 'I think this cooperation is very important.']"
700,15,700_prime_thank_answers_answer,"['prime', 'thank', 'answers', 'answer', 'much', 'minister', 'very', 'morandi', 'bellanova', 'you']","['Thank you very much. Prime Minister for the Answer.', 'Thank you very much. Prime Minister for the Answer.', 'Thank you very much. Prime Minister for the Answer.']"
701,15,701_project_management_grades_professional,"['project', 'management', 'grades', 'professional', 'groups', 'extensive', 'modulated', 'appointed', 'evaluation', 'appointing']","['It was an assessment of the project management, and it was assessed in her professional groups.', ""It's the project management because it was found elsewhere during the discussion that a minister appointed professional groups, appointing professional groups."", 'The project management calls to the special groups, and the task management is doing it.']"
702,15,702_deaf_listen_ears_imprudently,"['deaf', 'listen', 'ears', 'imprudently', 'listener', 'verbally', 'prudently', 'sometimes', 'predisposition', 'hollow']","['I ask to speak not prudently, nor imprudently, but verbally.', 'If words are right and they are properly presented and even a few times-a drop may sometimes have to hollow the stone-it is my experience that a person will listen and respond in a positive way.', 'Yet, deaf ears are sometimes spoken.']"
703,15,703_allowance_universal_single_parent,"['allowance', 'universal', 'single', 'parent', 'isee', 'family', 'adult', 'parents', 'custody', 'absorbs']","['We are talking about the so-called work in progress on the single allowance, which has had an overcoming of the difficulties of passing through and starting the new family allowance in relation to children with disabilities.', 'In addition to removing the ISEE, I believe that the dependent child allowance should be linked to all workers, regardless of whether they are in compliance with the payment of contributions, as it was before the single allowance.', 'The universal single allowance has been extended for children of certain categories who were excluded from it, for example the employees of the State resident abroad; a universal single allowance which I consider a great and happy intuition made by Minister Bonetti.']"
704,15,704_community_stress_reevaluates_beware,"['community', 'stress', 'reevaluates', 'beware', 'want', 'gratitude', 'beat', 'privilege', 'civilization', 'plays']","[""But it's just a question of how and also how we want to have a community."", ""That's the community we want to live in."", 'I would like to stress the importance of giving the right space to each of us, allowing each of us to make our own contribution.']"
705,15,705_oil_burned_diesel_tons,"['oil', 'burned', 'diesel', 'tons', 'tanks', 'factory', 'quarts', 'furphines', 'fishermen', 'flammable']","[""I come from the Western Islands and there's furphines driven on oil throughout the season, and even our swimming pool is being run on oil."", 'As a result, in the case of a fish-producing factory, 20,000,300,000 tons of oil must be burned to drive them.', 'Because of the early failures and maintenance of electrical transport systems in Western Europe, diesel combustion in spare power stations and oil tanks can easily make 500 tons of oil a year.']"
