Topic,Words,Frequency,Timestamp,Name
-1,"hospital, disease, stress, covid, epidemic",8740,2022-01-02 17:45:36,-1_hospital_covid_stress_disease
0,"european, europe, union, eu, eea",75,2022-01-02 17:45:36,0_european_europe_union_nato
1,"paritaprevir, friðriksson, son, ingi, thank",123,2022-01-02 17:45:36,1_paritaprevir_son_ingi_daughter
2,"blacklist, unwelcome, courageously, blatant, retaliation",1,2022-01-02 17:45:36,2_ukraine_russia_russian_putin
3,"italy, italians, brothers, viva, italian",26,2022-01-02 17:45:36,3_italy_italians_italian_brothers
4,"iceland, icelandic, board, icelanders, nuclear",154,2022-01-02 17:45:36,4_iceland_icelandic_icelanders_internati...
5,"epidemic, covid, virus, disease, pandemic",342,2022-01-02 17:45:36,5_epidemic_covid_virus_pandemic
6,"housing, apartments, rent, tenants, prices",148,2022-01-02 17:45:36,6_housing_rent_apartments_apartment
7,"energy, electricity, exchange, electrical, west",48,2022-01-02 17:45:36,7_energy_electricity_exchange_renewable
8,"bank, banks, manager, virus, reputation",28,2022-01-02 17:45:36,8_bank_banks_banking_office
9,"fishing, coastal, fish, beach, marine",75,2022-01-02 17:45:36,9_fishing_fish_coastal_marine
10,"minister, ministers, ministry, name, highest",127,2022-01-02 17:45:36,10_minister_ministers_ministry_highest
11,"school, education, students, study, university",89,2022-01-02 17:45:36,11_school_education_students_teachers
12,"bill, bills, mistake, epidemic, things",78,2022-01-02 17:45:36,12_bill_bills_articles_think
13,"financial, budget, program, policy, official",23,2022-01-02 17:45:36,13_financial_budget_program_policy
14,"government, governments, pissed, politicians, ball",79,2022-01-02 17:45:36,14_government_governments_trust_does
15,"judiciary, justice, magistrates, judicial, judge",165,2022-01-02 17:45:36,15_judiciary_magistrates_justice_judicia...
16,"telecommunications, communications, security, network, communication",22,2022-01-02 17:45:36,16_telecommunications_internet_communica...
17,"sports, sport, handball, basketball, games",31,2022-01-02 17:45:36,17_sport_sports_activity_psychophysical
18,"senator, why, senators, ask, asking",55,2022-01-02 17:45:36,18_senator_why_ask_question
19,"approves, annex, followed, senate, see",44,2022-01-02 17:45:36,19_approves_annex_followed_senate
20,"river, water, dried, grumbling, chills",9,2022-01-02 17:45:36,20_water_drought_irrigation_outflow
21,"tax, taxes, income, cassation, pay",36,2022-01-02 17:45:36,21_tax_taxes_income_taxation
22,"bank, iceland, secret, icelandic, banks",32,2022-01-02 17:45:36,22_bank_iceland_banks_sales
23,"refugees, humanitarianism, fleeing, refugee, 37th",14,2022-01-02 17:45:36,23_refugees_refugee_welcome_fleeing
24,"discussion, gonna, discuss, afterward, interesting",50,2022-01-02 17:45:36,24_discussion_discuss_conversation_inter...
25,"mental, health, hospital, psychiatric, services",63,2022-01-02 17:45:36,25_mental_health_hospital_services
26,"sale, investors, sales, sold, teags",16,2022-01-02 17:45:36,26_investors_sale_qualified_sold
27,"artists, stage, art, artist, music",30,2022-01-02 17:45:36,27_artists_art_artist_musicians
28,"council, here, members, disrespect, hall",76,2022-01-02 17:45:36,28_council_here_members_hall
29,"age, older, elderly, nursing, 70",86,2022-01-02 17:45:36,29_nursing_older_elderly_home
30,"median, kövesi, complimented, thank, route",6,2022-01-02 17:45:36,30_thank_rapporteurs_commission_mr
31,"madam, mr, president, speech, respectable",40,2022-01-02 17:45:36,31_mr_madam_president_speech
32,"pension, fund, pensions, pensioners, pensioner",33,2022-01-02 17:45:36,32_pension_fund_pensions_funds
33,"rural, society, communities, organizational, areas",45,2022-01-02 17:45:36,33_rural_society_communities_areas
34,"women, violence, feminicide, men, woman",36,2022-01-02 17:45:36,34_women_violence_men_perpetrators
35,"election, northwestern, electoral, elections, noodle",15,2022-01-02 17:45:36,35_election_elections_electoral_votes
36,"inflation, stress, rising, low, prices",27,2022-01-02 17:45:36,36_inflation_rising_growth_prices
37,"vaccination, vaccine, vaccines, covid, vaccinated",113,2022-01-02 17:45:36,37_vaccine_vaccination_covid_vaccines
38,"highest, minister, disease, finance, secretary",55,2022-01-02 17:45:36,38_highest_minister_secretary_finance
39,"explanation, speak, ask, vote, you",22,2022-01-02 17:45:36,39_explanation_speak_ask_vote
40,"disabled, disability, persons, impairment, convention",40,2022-01-02 17:45:36,40_disabled_disability_persons_impairmen...
41,"she, her, epidemic, totally, python",36,2022-01-02 17:45:36,41_she_her_herself_ll
42,"farmers, agriculture, miseries, vegetable, vegetables",8,2022-01-02 17:45:36,42_farmers_agriculture_agricultural_prod...
43,"law, laws, breaking, stiffness, lawgivers",42,2022-01-02 17:45:36,43_laws_law_these_breaking
44,"cars, vehicles, emissions, electric, car",43,2022-01-02 17:45:36,44_cars_electric_vehicles_car
45,"thank, senator, inquiry, want, you",55,2022-01-02 17:45:36,45_thank_senator_you_want
46,"draghi, vax, opponent, mario, beat",3,2022-01-02 17:45:36,46_draghi_president_your_mario
47,"hospital, land, hospitals, stress, management",55,2022-01-02 17:45:36,47_hospital_land_hospitals_management
48,"parliament, reinvigorates, monocameral, amstein, bowed",12,2022-01-02 17:45:36,48_parliament_parliamentary_parliamentar...
49,"climate, blah, climates, change, treaty",39,2022-01-02 17:45:36,49_climate_change_goals_climates
50,"independence, party, left, green, movement",29,2022-01-02 17:45:36,50_independence_party_left_green
51,"movimento, stars, star, movement, elevate",9,2022-01-02 17:45:36,51_movimento_stars_star_movement
52,"factorial, city, dagur, stratified, prowess",6,2022-01-02 17:45:36,52_municipalities_mayors_mayor_local
53,"disease, health, minister, highest, prevention",66,2022-01-02 17:45:36,53_health_disease_minister_highest
54,"transport, road, transportation, transporters, traffic",19,2022-01-02 17:45:36,54_transport_road_transportation_roads
55,"labour, labor, unions, employment, job",44,2022-01-02 17:45:36,55_labour_unions_labor_workers
56,"iceland, fossil, 2040, fuels, energy",18,2022-01-02 17:45:36,56_iceland_energy_climate_emissions
57,"decree, convert, conversion, 24, law",13,2022-01-02 17:45:36,57_decree_law_conversion_aid
58,"finance, secretary, highest, financial, fda",24,2022-01-02 17:45:36,58_finance_secretary_financial_highest
59,"czech, croatia, bulgaria, slovenia, latvia",2,2022-01-02 17:45:36,59_sweden_finland_nato_atlantic
60,"accountant, accounting, ags, hovering, employs",6,2022-01-02 17:45:36,60_accountant_accounting_state_research
61,"tourism, tourists, travel, snowball, tourist",22,2022-01-02 17:45:36,61_tourism_tourists_tourist_travel
62,"pnrr, municipalities, digitisation, commitment, delegated",16,2022-01-02 17:45:36,62_pnrr_reform_reforms_objectives
64,"committee, committees, external, study, stress",50,2022-01-02 17:45:36,64_committee_committees_study_opinion
65,"grass, smoke, illegal, doesn, nicotine",1,2022-01-02 17:45:36,65_nicotine_pads_smoking_products
66,"gay, queer, dawns, communicating, conducting",6,2022-01-02 17:45:36,66_queer_gay_people_rights
67,"cancer, disease, epidemic, bedsides, newport",5,2022-01-02 17:45:36,67_cancer_oncology_disease_screening
68,"media, radio, advertising, journalists, commercial",33,2022-01-02 17:45:36,68_media_radio_journalists_press
69,"transport, environment, committee, environmental, cheated",14,2022-01-02 17:45:36,69_transport_environment_committee_envir...
70,"hv, senator, disease, asks, glaciers",23,2022-01-02 17:45:36,70_hv_senator_asks_disease
71,"wage, pay, stress, salary, remuneration",13,2022-01-02 17:45:36,71_wage_salary_pay_remuneration
73,"withdrawn, amendment, amendments, g1, been",25,2022-01-02 17:45:36,73_withdrawn_amendments_amendment_17
74,"discrimination, race, ethnic, background, equal",49,2022-01-02 17:45:36,74_discrimination_race_ethnic_equal
75,"david, his, he, him, man",45,2022-01-02 17:45:36,75_his_he_him_man
76,"contracts, pay, dues, 2022, continuation",39,2022-01-02 17:45:36,76_contracts_172_contract_pay
77,"closed, debate, sp, az, psd",21,2022-01-02 17:45:36,77_closed_debate_fdi_president
78,"welfare, committee, worst, roadside, suggest",12,2022-01-02 17:45:36,78_welfare_committee_suggest_referred
79,"thank, thanking, minister, prime, your",30,2022-01-02 17:45:36,79_thank_thanking_minister_prime
80,"peace, calling, informed, reducing, re",2,2022-01-02 17:45:36,80_peace_diplomacy_diplomatic_war
81,"ship, ships, boats, crew, butler",22,2022-01-02 17:45:36,81_ships_ship_boat_sailors
82,"ballot, angrisani, tabled, simultaneous, refer",19,2022-01-02 17:45:36,82_ballot_tabled_simultaneous_refer
83,"police, officers, enforcement, penalties, authorities",29,2022-01-02 17:45:36,83_police_officers_enforcement_officer
84,"drugs, drug, addiction, abuse, addicts",87,2022-01-02 17:45:36,84_drugs_drug_addiction_abuse
85,"generals, disrespect, dream, generalis, southnesy",13,2022-01-02 17:45:36,85_generals_generalis_general_respect
86,"pipe, description, inside, clear, thank",1,2022-01-02 17:45:36,86_gas_russia_russian_dependence
87,"deadline, extended, application, extension, november",25,2022-01-02 17:45:36,87_deadline_extended_extension_2022
88,"respectable, president, dignified, mix, ideals",11,2022-01-02 17:45:36,88_respectable_president_dignified_yes
89,"prison, prisons, prisoners, prisoner, overcrowding",84,2022-01-02 17:45:36,89_prison_prisons_prisoners_prisoner
90,"suspend, sitting, suspension, resume, until",15,2022-01-02 17:45:36,90_suspend_sitting_resume_suspended
91,"directors, board, director, coordination, cooperation",19,2022-01-02 17:45:36,91_directors_director_board_management
92,"icelandic, food, production, agriculture, iceland",23,2022-01-02 17:45:36,92_food_icelandic_agriculture_production
93,"fireback, low, quirk, to20, increase",15,2022-01-02 17:45:36,93_percent_increase_ratio_60
94,"park, glaciers, parks, highlands, lake",13,2022-01-02 17:45:36,94_park_lake_parks_bay
95,"environmental, assessment, license, impact, fixering",13,2022-01-02 17:45:36,95_environmental_assessment_assessments_...
96,"forza, italia, moderately, favorable, belongs",3,2022-01-02 17:45:36,96_forza_italia_berlusconi_udc
97,"food, gainers, virtualness, initiating, impact",8,2022-01-02 17:45:36,97_food_production_security_covid
98,"ladder, democracy, top, direct, at",1,2022-01-02 17:45:36,98_democracy_democracies_dictatorships_d...
99,"alcohol, sleeping, arrangements, extensive, category",2,2022-01-02 17:45:36,99_alcohol_alcoholic_beer_liquor
100,"load, sardinia, fixed, say, way",1,2022-01-02 17:45:36,100_italy_energy_italian_gas
102,"measure, steps, measuring, idealessness, measures",13,2022-01-02 17:45:36,102_measure_measures_measuring_stress
103,"activation, whale, canyons, potent, options",6,2022-01-02 17:45:36,103_activation_activations_options_optio...
105,"sponsored, counter, thank, senator, em",9,2022-01-02 17:45:36,105_sponsored_counter_thank_senator
106,"security, social, system, 350, stigmas",17,2022-01-02 17:45:36,106_security_social_system_review
107,"thank, discussion, advocate, perturbing, you",26,2022-01-02 17:45:36,107_thank_discussion_want_you
108,"numbers, 800, recurrent, unaware, guarded",7,2022-01-02 17:45:36,108_numbers_statistics_average_number
109,"care, health, professionals, stress, medical",29,2022-01-02 17:45:36,109_care_health_professionals_doctors
110,"airport, flight, air, airports, unmanned",45,2022-01-02 17:45:36,110_airport_flight_air_airports
111,"marine, sea, inquirys, oceanographic, fictitious",5,2022-01-02 17:45:36,111_sea_marine_seabed_ocean
112,"changed, newer, counterclockwise, kaos, reinvented",23,2022-01-02 17:45:36,112_changed_gonna_turned_change
113,"draft, mas, dal, illustrated, ministries",4,2022-01-02 17:45:36,113_draft_law_deputies_consideration
114,"infrastructure, building, construction, brunning, eschar",12,2022-01-02 17:45:36,114_infrastructure_building_area_capital
115,"question, answers, questions, answer, answered",10,2022-01-02 17:45:36,115_question_answers_answer_questions
116,"child, authorities, unprepared, hospital, hallmarks",4,2022-01-02 17:45:36,116_child_welfare_protection_children
117,"waiting, list, lists, hospital, waitings",17,2022-01-02 17:45:36,117_waiting_list_lists_wait
118,"competitive, penniless, competition, venture, monopoly",6,2022-01-02 17:45:36,118_competition_consumers_market_interes...
119,"international, permit, protection, applying, applicants",6,2022-01-02 17:45:36,119_protection_international_candidates_...
120,"fish, fishing, stocks, coastal, updrafts",7,2022-01-02 17:45:36,120_fish_fishing_tuna_salmon
121,"absent, near, future, bees, honey",1,2022-01-02 17:45:36,121_bees_honey_beekeepers_beekeeping
122,"possible, ringlink, fix, picturing, option",18,2022-01-02 17:45:36,122_possible_done_easy_impossible
123,"abricultural, supplementation, supplements, carries, micro",2,2022-01-02 17:45:36,123_score_diet_nutri_labelling
124,"report, read, tips, reports, reviews",19,2022-01-02 17:45:36,124_report_reviews_reports_review
125,"tunnel, tunnels, bridge, sunway, spray",14,2022-01-02 17:45:36,125_tunnel_bridge_sunway_tunnels
126,"history, processes, lesson, learn, elaborations",6,2022-01-02 17:45:36,126_history_learn_lesson_lessons
127,"favour, voting, shall, motion, anywhere",5,2022-01-02 17:45:36,127_favour_vote_measure_resolution
128,"slittle, antithetical, plurality, bitch, beliefs",2,2022-01-02 17:45:36,128_politics_political_stress_blackmail
129,"restaurants, restaurant, opening, catering, restricted",79,2022-01-02 17:45:36,129_restaurants_restaurant_opening_cater...
130,"holesful, system, hopeless, patches, delighted",4,2022-01-02 17:45:36,130_system_systems_defective_wrong
131,"agendas, amendments, invite, proceed, examination",3,2022-01-02 17:45:36,131_examination_proceed_invite_represent...
133,"permission, says, president, withauthority, forbidden",17,2022-01-02 17:45:36,133_permission_says_president_withauthor...
134,"wind, ideal, power, kind, period",1,2022-01-02 17:45:36,134_wind_power_windmills_frame
135,"ffp2, wearer, masks, 98, wear",2,2022-01-02 17:45:36,135_masks_mask_ffp2_obligation
136,"marriage, divorce, married, businessman, wedding",73,2022-01-02 17:45:36,136_marriage_divorce_married_wedding
137,"amendment, withdrawal, withdraw, agenda, withdrawn",31,2022-01-02 17:45:36,137_withdraw_amendment_amendments_withdr...
138,"growth, unemployment, rearers, fruitless, groceries",11,2022-01-02 17:45:36,138_growth_unemployment_economic_rebound
139,"veterinary, medicinal, animals, animal, product",13,2022-01-02 17:45:36,139_animals_animal_veterinary_medicinal
140,"stewardess, painting, shift, bsrb, hours",3,2022-01-02 17:45:36,140_hours_rest_stress_shift
141,"interoperability, processes, telematic, reorder, renewal",2,2022-01-02 17:45:36,141_contracting_procurement_stations_con...
142,"responsibility, fare, meal, shoulder, shelters",4,2022-01-02 17:45:36,142_responsibility_responsible_responsib...
143,"penetrating, aggressors, prefecture, episodes, representing",2,2022-01-02 17:45:36,143_protesters_demonstrations_police_pro...
144,"illegally, purchased, various, user, obtained",3,2022-01-02 17:45:36,144_data_personal_information_storage
145,"violence, domestic, stress, abuse, sexual",23,2022-01-02 17:45:36,145_violence_abuse_sexual_domestic
146,"registered, santanché, speak, modena, bonino",3,2022-01-02 17:45:36,146_registered_speak_senator_modena
147,"epidemic, covid, euros, tourization, closing",3,2022-01-02 17:45:36,147_eur_euros_allocated_billion
148,"emergency, exceptional, intangibility, moloc, totem",16,2022-01-02 17:45:36,148_emergency_emergencies_exceptional_91...
150,"visitors, committee, comments, reviews, received",11,2022-01-02 17:45:36,150_visitors_guests_discussed_received
151,"investment, investments, arcadia, assets, suitable",9,2022-01-02 17:45:36,151_investment_investments_invest_invest...
152,"trust, smokeless, fingers, immense, spread",3,2022-01-02 17:45:36,152_trust_broken_rebuild_glue
153,"resumed, suspended, sitting, 12, at",10,2022-01-02 17:45:36,153_resumed_suspended_sitting_12
154,"insurance, companies, interaction, optional, disaster",22,2022-01-02 17:45:36,154_insurance_companies_company_pencils
155,"goals, ambition, reach, ambitious, reaching",9,2022-01-02 17:45:36,155_goals_ambitious_reach_goal
156,"reforms, stress, reform, breakthrough, keys",5,2022-01-02 17:45:36,156_reform_reforms_stress_majority
157,"g1, agenda, g4, stress, favour",9,2022-01-02 17:45:36,157_agenda_g1_favour_mr
158,"reminds, period, limited, minute, speech",14,2022-01-02 17:45:36,158_reminds_minute_speakers_speech
159,"nurses, hospital, doctors, graduation, stress",16,2022-01-02 17:45:36,159_nurses_hospital_stress_doctors
160,"hospital, insurance, health, disease, iceland",16,2022-01-02 17:45:36,160_insurance_hospital_health_iceland
161,"enlisted, speak, coltorti, he, mirabelli",5,2022-01-02 17:45:36,161_enlisted_speak_he_senator
162,"permit, patent, job, employment, license",25,2022-01-02 17:45:36,162_permit_employment_job_patent
163,"colleagues, unpleasant, postpone, adults, contact",5,2022-01-02 17:45:36,163_colleagues_silence_voice_volume
164,"challenges, challenge, manna, challenging, opportunities",10,2022-01-02 17:45:36,164_challenges_challenge_challenging_fac...
165,"rufa, enlisted, errani, wisdom, recognized",2,2022-01-02 17:45:36,165_enlisted_speak_senator_arrigoni
166,"rule, tracers, rules, ridiculous, updated",5,2022-01-02 17:45:36,166_rules_rule_regulations_purpose
167,"poorest, provinces, most, new, nigeria",1,2022-01-02 17:45:36,167_nigeria_africa_niger_city
168,"session, agenda, meet, tuesday, following",7,2022-01-02 17:45:36,168_session_agenda_meet_following
169,"help, spoon, knife, safely, fortunate",11,2022-01-02 17:45:36,169_help_spoon_knife_compassion
170,"gender, women, men, covariates, hicklu",7,2022-01-02 17:45:36,170_women_men_gender_sexes
171,"81, 5th, contrary, roll, angrisani",5,2022-01-02 17:45:36,171_81_5th_contrary_roll
172,"lustre, saturday, palace, seat, piece",2,2022-01-02 17:45:36,172_parma_regio_teatro_verdi
173,"agree, senator, legalizing, completely, understands",9,2022-01-02 17:45:36,173_agree_senator_completely_what
174,"better, lift, virtuous, completion, foundations",4,2022-01-02 17:45:36,174_better_do_we_need
175,"roll, tabled, simultaneous, granato, refer",18,2022-01-02 17:45:36,175_roll_tabled_simultaneous_call
177,"francis, árelíus, níelsson, priest, redemption",3,2022-01-02 17:45:36,177_francis_assisi_st_saint
178,"instill, immersed, solidarity, duty, lift",6,2022-01-02 17:45:36,178_solidarity_mediation_cohesion_togeth...
179,"council, parliamental, conceal, reassign, inform",6,2022-01-02 17:45:36,179_council_office_president_adjective
180,"commentors, bureau, reliable, passion, unite",6,2022-01-02 17:45:36,180_commission_stress_constructive_agree...
181,"cost, decompositions, costly, denial, explaining",5,2022-01-02 17:45:36,181_cost_expensive_costs_gonna
182,"frame, satisfying, award, submitted, plan",2,2022-01-02 17:45:36,182_frame_plan_stage_fourth
183,"closed, sitting, agenda, 04, 02",7,2022-01-02 17:45:36,183_closed_sitting_agenda_see
184,"organic, agrienvironment, schemes, certification, manufacturers",4,2022-01-02 17:45:36,184_organic_farming_fork_farm
185,"mafia, foggia, anti, province, mafias",39,2022-01-02 17:45:36,185_mafia_foggia_anti_mafias
186,"cartabia, professor, call, rapporteur, justice",1,2022-01-02 17:45:36,186_rapporteur_call_senator_alfonso
187,"documents, forwarded, questions, 34, motions",7,2022-01-02 17:45:36,187_documents_forwarded_questions_34
188,"presidency, authorizes, authorise, authorises, note",8,2022-01-02 17:45:36,188_presidency_authorizes_authorise_note
189,"uncertainty, solutions, bulletproof, dwells, solved",5,2022-01-02 17:45:36,189_uncertainty_solutions_solved_solutio...
190,"absent, assignment, communications, leave, published",7,2022-01-02 17:45:36,190_absent_assignment_communications_lea...
191,"pass, green, super, passes, infected",13,2022-01-02 17:45:36,191_pass_green_super_strengthened
192,"millions, billion, hundreds, 1231, maximal",6,2022-01-02 17:45:36,192_billion_millions_100_hundreds
193,"abstain, against, disagree, proposal, vote",6,2022-01-02 17:45:36,193_abstain_against_abstention_vote
194,"company, companies, steepness, scrutinizing, sleeps",10,2022-01-02 17:45:36,194_companies_company_epidemic_covid
195,"approve, annex, doesn, followed, senate",10,2022-01-02 17:45:36,195_approve_annex_doesn_followed
196,"hammamet, bettino, matteotti, forte, exile",3,2022-01-02 17:45:36,196_matteotti_giacomo_socialist_1924
197,"devour, corruption, scourge, undermine, constant",1,2022-01-02 17:45:36,197_corruption_bribes_bribe_bribery
198,"sec, way, supposed, just, longer",5,2022-01-02 17:45:36,198_way_supposed_happens_happening
199,"plan, plans, decomposition, publish, partial",6,2022-01-02 17:45:36,199_plan_plans_operation_fashioned
200,"g9, agendas, accepted, g4, agenda",7,2022-01-02 17:45:36,200_accepted_agenda_g9_having
201,"money, sthe, 371, cc, moviemakers",6,2022-01-02 17:45:36,201_money_funds_spent_guns
202,"maria, bashir, herat, luigi, grandmother",3,2022-01-02 17:45:36,202_romana_maria_gasperi_de
204,"wood, mila, woods, land, agrienvironments",8,2022-01-02 17:45:36,204_wood_land_shallow_forestry
207,"roll, simultaneous, tabled, refer, call",10,2022-01-02 17:45:36,207_roll_simultaneous_tabled_refer
208,"reykjavík, city, airport, cheflavour, capital",11,2022-01-02 17:45:36,208_reykjavík_city_airport_capital
209,"miss, limitations, policy, standard, poor",2,2022-01-02 17:45:36,209_policy_policies_plan_miss
210,"recommend, hereby, legalise, legalize, remuneration",8,2022-01-02 17:45:36,210_recommend_hereby_legalize_correct
211,"blood, transfusions, donate, transfusion, sexual",26,2022-01-02 17:45:36,211_blood_transfusion_transfusions_donat...
212,"billion, concentration, 4503, viewers, million",6,2022-01-02 17:45:36,212_billion_estimated_million_cost
213,"science, scientific, advice, indecision, advocat",11,2022-01-02 17:45:36,213_science_scientists_scientific_expert...
214,"oral, authorisation, carry, requested, rapporteur",6,2022-01-02 17:45:36,214_oral_carry_authorisation_requested
215,"language, languages, inner, screen, emphasis",2,2022-01-02 17:45:36,215_language_languages_english_linguists
216,"accepted, comments, request, made, were",6,2022-01-02 17:45:36,216_accepted_comments_request_made
217,"proceed, shall, amendment, vote, now",7,2022-01-02 17:45:36,217_proceed_shall_amendment_vote
218,"crisis, global, smiling, emerging, stick",4,2022-01-02 17:45:36,218_crisis_economic_crises_economy
219,"explain, minutes, three, question, covid",7,2022-01-02 17:45:36,219_explain_minutes_three_question
220,"swabs, amendment, rejected, amendments, tabled",10,2022-01-02 17:45:36,220_amendment_amendments_rejected_tabled
221,"comment, representative, agenda, rapporteur, call",2,2022-01-02 17:45:36,221_rapporteur_representative_comment_ag...
223,"approve, annex, doesn, followed, senate",13,2022-01-02 17:45:36,223_approve_annex_doesn_followed
224,"nuclear, weapons, disarmament, npt, powers",21,2022-01-02 17:45:36,224_nuclear_weapons_npt_disarmament
225,"gets, love, stopped, amazing, worst",4,2022-01-02 17:45:36,225_reality_fantasy_situation_face
227,"synonym, form, proposal, submitted, presidential",22,2022-01-02 17:45:36,227_synonym_proposed_form_proposal
228,"finishing, rule, vote, roll, simultaneous",2,2022-01-02 17:45:36,228_rule_roll_simultaneous_refer
229,"81, 5th, contrary, tabled, gave",10,2022-01-02 17:45:36,229_81_5th_contrary_requested
230,"biotechnology, trieste, genetic, engineering, advancement",1,2022-01-02 17:45:36,230_organic_agri_pantelleria_italy
231,"easy, simple, hospital, limiting, sudden",6,2022-01-02 17:45:36,231_easy_simple_stress_reconstruction
232,"invitation, vain, 15th, brussels, directors",2,2022-01-02 17:45:36,232_invitation_successful_invitations_cl...
234,"disasters, natural, disaster, insurance, epidemic",27,2022-01-02 17:45:36,234_disasters_natural_disaster_earthquak...
235,"presidents, 55, schedule, vice, proceedings",7,2022-01-02 17:45:36,235_presidents_proceedings_55_vice
237,"695, 615, updates, 64, 136",5,2022-01-02 17:45:36,237_000_no_2018_number
238,"rygúsavík, harbor, stadium, palaces, village",1,2022-01-02 17:45:36,238_reykjavík_apartments_housing_apartme...
239,"explanation, examples, explanatory, meaningful, explain",12,2022-01-02 17:45:36,239_examples_example_explanation_give
240,"justifying, costume, thank, pity, record",1,2022-01-02 17:45:36,240_thank_record_senator_answer
241,"113, pursuant, accepted, procedure, request",3,2022-01-02 17:45:36,241_pursuant_113_accepted_procedure
243,"changes, variant, originals, tilt, transforms",15,2022-01-02 17:45:36,243_changes_change_simplification_order
244,"freedom, free, unnegotiable, democratically, talent",11,2022-01-02 17:45:36,244_freedom_free_freedoms_obstacle
245,"priorities, meddle, priority, yourself, success",5,2022-01-02 17:45:36,245_priorities_priority_stress_setting
246,"ministers, minister, prime, affairs, marine",7,2022-01-02 17:45:36,246_ministers_minister_prime_answer
248,"foreigners, residence, applying, alien, change",5,2022-01-02 17:45:36,248_foreigners_immigrants_alien_laws
251,"speech, my, swerve, misdeeds, forgot",7,2022-01-02 17:45:36,251_speech_my_second_talk
252,"deleterious, children, kids, sample, child",3,2022-01-02 17:45:36,252_children_child_interests_kids
253,"dissent, explanation, speak, group, ask",3,2022-01-02 17:45:36,253_dissent_explanation_group_speak
254,"floor, note, give, take, move",3,2022-01-02 17:45:36,254_floor_note_give_take
255,"mental, hospital, iceland, health, wards",12,2022-01-02 17:45:36,255_mental_hospital_health_iceland
257,"2nd, suggest, business, referred, committee",12,2022-01-02 17:45:36,257_2nd_suggest_referred_business
258,"film, metabolic, music, press, suggestions",2,2022-01-02 17:45:36,258_film_filmmaking_movie_industry
259,"powerfully, innovation, solutions, remote, technology",4,2022-01-02 17:45:36,259_innovation_technology_solutions_rese...
260,"resignation, björn, workforce, letter, red",2,2022-01-02 17:45:36,260_letter_written_request_received
261,"steroids, factories, meat, production, expensive",1,2022-01-02 17:45:36,261_milk_meat_industry_dairy
262,"dobbles, song, mixer, tunes, spinning",5,2022-01-02 17:45:36,262_song_mellow_songs_lyrics
263,"concentrations, tequifer, penances, plead, bargain",7,2022-01-02 17:45:36,263_agreement_negotiations_conditions_ag...
265,"favour, am, amendment, wasting, 46",4,2022-01-02 17:45:36,265_text_favour_amendment_am
266,"debt, growth, collections, ratios, stop",3,2022-01-02 17:45:36,266_debt_2026_collection_stop
267,"sitting, minutes, secretary, giro, pisani",7,2022-01-02 17:45:36,267_minutes_sitting_secretary_giro
268,"dental, refuse, desperates, services, working",2,2022-01-02 17:45:36,268_dental_teeth_dentists_children
269,"caramel, peppermint, marzipan, flavors, while",1,2022-01-02 17:45:36,269_flavors_flavor_taste_fruit
270,"red, cross, contract, extended, extend",11,2022-01-02 17:45:36,270_red_cross_contract_hornbeam
271,"narcotics, eruptions, extraction, consume, dangers",6,2022-01-02 17:45:36,271_no_requirement_foreboding_kaläl
272,"cyp3a4, medicinal, authorised, monoclonals, ema",5,2022-01-02 17:45:36,272_bioavailability_cyp3a4_medicinal_pha...
273,"young, youth, rated, yearn, peers",6,2022-01-02 17:45:36,273_young_youths_youth_people
274,"eye, keep, entrenched, mind, deeply",8,2022-01-02 17:45:36,274_keep_mind_eye_impulsive
275,"rapporteur, call, therefore, working, rojc",6,2022-01-02 17:45:36,275_rapporteur_call_therefore_rojc
276,"prosecutor, diamond, mps, magistrates, bertini",16,2022-01-02 17:45:36,276_prosecutor_magistrates_court_rome
277,"list, normally, risk, left, asked",1,2022-01-02 17:45:36,277_list_lists_he_information
278,"rapporteur, agree, mr, president, with",7,2022-01-02 17:45:36,278_rapporteur_agree_mr_president
279,"verge, urgent, urgency, hence, adoption",4,2022-01-02 17:45:36,279_immediately_action_immediate_quickly
280,"currency, wish, maintain, maybe, free",2,2022-01-02 17:45:36,280_currency_euro_dollar_swinging
283,"islands, insularity, super, mainland, petitions",4,2022-01-02 17:45:36,283_islands_insularity_119_stress
284,"covid, epidemic, disease, virus, icelanders",11,2022-01-02 17:45:36,284_covid_epidemic_virus_disease
285,"mg, sr, mgr, 18th, par",5,2022-01-02 17:45:36,285_mg_uh_par_1st
286,"disease, prevention, preventive, combination, inseparable",10,2022-01-02 17:45:36,286_disease_prevention_focusing_prevent
287,"project, undo, projects, worth, solve",5,2022-01-02 17:45:36,287_project_projects_started_seaguard
288,"group, indiscriminately, groups, iv, suppose",6,2022-01-02 17:45:36,288_group_groups_stress_root
289,"epidemic, extremely, think, something, look",9,2022-01-02 17:45:36,289_important_think_fundamental_picture
290,"explanation, speak, ask, vote, you",1,2022-01-02 17:45:36,290_explanation_speak_ask_vote
293,"sitting, 113, star, electronic, inform",3,2022-01-02 17:45:36,293_sitting_113_star_electronic
295,"sassoli, david, condolence, disappearance, mourn",7,2022-01-02 17:45:36,295_basilicata_coviello_romualdo_carrara
296,"pools, swimming, runs, ten, closed",1,2022-01-02 17:45:36,296_beaches_beach_bathing_concessions
297,"worried, dana, screwed, mine, isn",5,2022-01-02 17:45:36,297_worried_worry_mine_problem
298,"icelandic, adaptability, 590, school, adultery",7,2022-01-02 17:45:36,298_icelandic_education_children_school
299,"tomorrow, exhausted, sitting, strengthened, decree",2,2022-01-02 17:45:36,299_item_tomorrow_document_decree
301,"answer, thank, much, very, minister",8,2022-01-02 17:45:36,301_answer_thank_much_very
302,"gonna, case, costing, decommissioned, hanging",5,2022-01-02 17:45:36,302_case_finish_gonna_finished
303,"welfare, institution, filled, looks, rich",2,2022-01-02 17:45:36,303_welfare_jobseekers_systems_system
304,"explanation, speak, ask, vote, you",4,2022-01-02 17:45:36,304_explanation_speak_ask_vote
306,"epidemic, projection, expected, cautious, 74",2,2022-01-02 17:45:36,306_gdp_growth_percent_nadef
307,"remaining, excluded, amendments, amendment, therefore",11,2022-01-02 17:45:36,307_excluded_remaining_amendment_amendme...
308,"wave, appreciated, nations, compared, countries",1,2022-01-02 17:45:36,308_nations_international_reactor_nation
311,"denmark, organizational, adjustments, efforts, sweden",1,2022-01-02 17:45:36,311_denmark_danish_refuge_prime
312,"inquiry, thank, senator, you, for",4,2022-01-02 17:45:36,312_inquiry_thank_senator_you
313,"approve, annex, doesn, followed, senate",4,2022-01-02 17:45:36,313_approve_annex_doesn_followed
314,"serious, younger, distress, words, very",4,2022-01-02 17:45:36,314_serious_disinformers_seriousness_ser...
316,"islands, island, consumes, japan, greek",2,2022-01-02 17:45:36,316_islands_island_western_beer
317,"treat, deserve, rights, cancer, greatest",3,2022-01-02 17:45:36,317_rights_enjoy_marchionne_šk
318,"vaccinate, italians, vaccinated, convince, medicine",2,2022-01-02 17:45:36,318_covid_vaccination_vaccinated_vaccine...
319,"institute, foreign, homepage, directs, individually",5,2022-01-02 17:45:36,319_institute_foreign_applications_homep...
320,"names, tray, confusing, pool, sun",5,2022-01-02 17:45:36,320_weren_names_name_chats
321,"appointed, industrial, tourism, inquiry, staff",1,2022-01-02 17:45:36,321_employees_staff_voting_representativ...
322,"service, enhances, diminished, render, services",4,2022-01-02 17:45:36,322_service_services_basic_user
323,"expenses, persists, spending, efforts, managed",4,2022-01-02 17:45:36,323_expenses_increase_increased_turnover
324,"covenant, progressed, fulfilled, publicly, apparently",4,2022-01-02 17:45:36,324_covenant_covenants_government_harmon...
326,"transparency, performance, accompanied, reforms, operation",2,2022-01-02 17:45:36,326_transparency_transparent_155_epidemi...
327,"approve, doesn, annex, followed, senate",14,2022-01-02 17:45:36,327_approve_doesn_annex_followed
328,"axis, hunting, hunt, counseling, estimate",2,2022-01-02 17:45:36,328_hunting_hunt_costs_raising
329,"amendments, am, against, mr, president",12,2022-01-02 17:45:36,329_am_against_amendments_mr
330,"explanation, speak, ask, vote, you",4,2022-01-02 17:45:36,330_explanation_speak_ask_vote
331,"family, intrafamily, enucleated, demonization, logic",6,2022-01-02 17:45:36,331_family_fundamental_roles_debased
332,"generals, institute, applications, foreign, civil",8,2022-01-02 17:45:36,332_institute_generals_applications_citi...
333,"happy, acquainted, celebrate, rejoice, career",5,2022-01-02 17:45:36,333_happy_joy_celebrate_celebrating
334,"amended, simultaneous, refer, text, roll",5,2022-01-02 17:45:36,334_amended_simultaneous_120_refer
336,"predictions, distorted, wishful, predicted, predictable",4,2022-01-02 17:45:36,336_predictions_nostradamus_future_predi...
337,"lamorgese, interior, reply, minutes, three",4,2022-01-02 17:45:36,337_reply_minutes_lamorgese_three
338,"ministro, report, permission, mrs, text",6,2022-01-02 17:45:36,338_report_permission_written_text
339,"rapporteur, opinion, assent, whistleblowing, favour",10,2022-01-02 17:45:36,339_rapporteur_opinion_assent_rapporteur...
340,"roll, ballot, simultaneous, refer, call",5,2022-01-02 17:45:36,340_roll_ballot_simultaneous_refer
341,"covid, epidemic, containment, 19, december",5,2022-01-02 17:45:36,341_covid_epidemic_19_decree
342,"proceed, shall, requested, having, vote",1,2022-01-02 17:45:36,342_proceed_shall_split_vote
343,"exploit, bottom, love, aside, differences",3,2022-01-02 17:45:36,343_thank_colleagues_thanks_sincere
344,"impact, expected, negligible, expenses, significant",5,2022-01-02 17:45:36,344_impact_expected_affect_bill
345,"raises, outset, protection, comparable, depend",2,2022-01-02 17:45:36,345_protection_surveillance_personal_pro...
347,"approve, annex, doesn, followed, senate",5,2022-01-02 17:45:36,347_approve_annex_doesn_followed
348,"mediums, filmmakers, forms, creating, convinced",1,2022-01-02 17:45:36,348_film_filmmaking_icelandic_movie
349,"item, draft, debate, 2342, 2341",3,2022-01-02 17:45:36,349_item_draft_debate_next
350,"councilmen, conference, reminds, respect, complain",4,2022-01-02 17:45:36,350_conference_councilmen_board_reminds
351,"zaffini, enlisted, minutes, possibly, hold",2,2022-01-02 17:45:36,351_floor_zanda_zaffini_nugnes
352,"north, submarines, northern, neighbors, states",5,2022-01-02 17:45:36,352_north_northern_countries_experience
353,"data, watches, disinfectant, night, database",8,2022-01-02 17:45:36,353_data_database_subtracts_hospital
355,"explanations, distribution, excluding, hours, 2463",3,2022-01-02 17:45:36,355_excluding_explanations_distribution_...
356,"techs, photographers, beats, prize, baseline",7,2022-01-02 17:45:36,356_work_unorthodox_environment_assistan...
357,"smes, sized, enterprises, medium, microinvestments",4,2022-01-02 17:45:36,357_sized_enterprises_medium_small
358,"explanation, speak, ask, vote, you",2,2022-01-02 17:45:36,358_explanation_speak_ask_vote
359,"income, loss, month, almanachs, 209600",6,2022-01-02 17:45:36,359_income_loss_loads_month
360,"loan, scholarship, students, student, loans",24,2022-01-02 17:45:36,360_student_loan_students_scholarship
361,"liked, schedule, meant, reducing, better",3,2022-01-02 17:45:36,361_liked_would_gotten_postamism
362,"permission, says, icellands, president, by",7,2022-01-02 17:45:36,362_permission_says_president_by
363,"councilmen, thank, beak, discussion, believing",10,2022-01-02 17:45:36,363_councilmen_thank_discussion_council
364,"approve, annex, doesn, followed, senate",3,2022-01-02 17:45:36,364_approve_annex_doesn_followed
365,"poverty, poorer, poor, wealthier, oxfam",7,2022-01-02 17:45:36,365_poverty_poor_poorer_refusing
366,"tyrrhenian, railway, road, genoa, tirrenica",6,2022-01-02 17:45:36,366_mezzogiorno_railway_jubilee_rome
367,"000, bucks, month, 52, 631",6,2022-01-02 17:45:36,367_000_bucks_month_pay
368,"involving, results, natural, interest, public",1,2022-01-02 17:45:36,368_nature_generations_protection_genera...
369,"speech, pretty, thank, senator, you",1,2022-01-02 17:45:36,369_speech_thank_senator_you
370,"loans, britain, unconvinced, credit, rid",4,2022-01-02 17:45:36,370_credit_loans_agent_creditors
371,"warrant, restricted, judges, exact, opinions",3,2022-01-02 17:45:36,371_warrant_frequency_permit_canceled
372,"leaders, conference, timetable, convened, tuesday",4,2022-01-02 17:45:36,372_leaders_conference_timetable_convene...
375,"staff, lack, shortage, finalizing, pollinate",8,2022-01-02 17:45:36,375_staff_lack_shortage_specialized
376,"storm, guarantees, influence, lose, examine",1,2022-01-02 17:45:36,376_geological_fire_sheets_mapping
378,"talking, exactly, re, what, about",4,2022-01-02 17:45:36,378_talking_re_what_about
379,"borist, letter, 7th, thordd, smoke",3,2022-01-02 17:45:36,379_borist_letter_smoke_near
381,"waiting, party, expanding, options, frame",2,2022-01-02 17:45:36,381_waiting_party_expand_expanding
382,"contortionor, forgotten, chance, remember, something",2,2022-01-02 17:45:36,382_forget_remember_memory_forgotten
383,"roll, ballot, simultaneous, tabled, toninelli",5,2022-01-02 17:45:36,383_roll_ballot_simultaneous_tabled
384,"roll, ballot, simultaneous, rule, refer",5,2022-01-02 17:45:36,384_roll_ballot_simultaneous_rule
385,"sardo, azione, partito, salvini, premier",5,2022-01-02 17:45:36,385_premier_salvini_sardo_azione
387,"ban, 1968, arrested, restricted, privacy",2,2022-01-02 17:45:36,387_ban_bans_banned_restricted
389,"crystallization, power, repressive, plurality, mood",4,2022-01-02 17:45:36,389_power_rulers_corrupts_torn
390,"majority, martian, lunar, born, heterogeneous",4,2022-01-02 17:45:36,390_majority_eighteen_born_hemicycle
391,"march, etrs, date, foreseeability, october",9,2022-01-02 17:45:36,391_march_dates_date_etrs
392,"suggestion, rating, lecture, rare, reflects",5,2022-01-02 17:45:36,392_suggestions_suggestion_proposal_öse
393,"approve, annex, doesn, followed, senate",7,2022-01-02 17:45:36,393_approve_annex_doesn_followed
394,"opened, sitting, 16, 11, 31",4,2022-01-02 17:45:36,394_opened_sitting_16_35
395,"open, sitting, 03, 33, 35",3,2022-01-02 17:45:36,395_sitting_open_31_32
396,"macrobizotic, theories, strongest, theory, age",1,2022-01-02 17:45:36,396_biodynamic_biodynamics_biological_or...
397,"fracture, bone, vary, breaks, fractures",2,2022-01-02 17:45:36,397_fracture_fractures_suspected_severit...
398,"doctor, admiration, regarded, nurse, medicines",3,2022-01-02 17:45:36,398_doctor_doctors_patient_patients
400,"approve, annex, doesn, followed, senate",6,2022-01-02 17:45:36,400_approve_annex_doesn_followed
401,"afghan, women, afghanistan, taliban, talents",7,2022-01-02 17:45:36,401_afghan_women_afghanistan_taliban
402,"music, artists, utoon, icelandic, receptors",5,2022-01-02 17:45:36,402_media_artists_icelandic_art
403,"stop, go, obliged, autumn, clean",2,2022-01-02 17:45:36,403_liked_would_crisp_improvement
404,"quickly, speed, receptions, helpers, fast",7,2022-01-02 17:45:36,404_quickly_speed_fast_faster
406,"kingdom, monarchs, merro, extinction, criticizing",4,2022-01-02 17:45:36,406_kingdom_treasure_commune_contended
409,"articles, consists, picked, chapters, directions",3,2022-01-02 17:45:36,409_articles_consists_article_chapters
411,"queues, amendments, deadline, pharmacies, swabs",2,2022-01-02 17:45:36,411_tabling_amendments_deadline_relation
413,"2022, 2026, 31, dated, 11th",5,2022-01-02 17:45:36,413_2026_2022_completed_schedule
415,"fiber, optics, hurrying, placing, milu",1,2022-01-02 17:45:36,415_fiber_optics_optic_opticization
417,"step, ahead, direction, steps, take",3,2022-01-02 17:45:36,417_step_bit_epochs_forward
419,"approve, annex, doesn, followed, senate",3,2022-01-02 17:45:36,419_approve_annex_doesn_followed
420,"approve, annex, doesn, followed, senate",6,2022-01-02 17:45:36,420_approve_annex_doesn_followed
422,"intend, speak, representative, members, general",6,2022-01-02 17:45:36,422_intend_speak_representative_members
423,"item, deputies, draft, approved, debate",3,2022-01-02 17:45:36,423_item_deputies_draft_approved
424,"gray, seysardir, areas, grey, inexplicability",3,2022-01-02 17:45:36,424_gray_areas_grey_qualify
425,"hate, hatred, speech, crimes, conducts",5,2022-01-02 17:45:36,425_hatred_hate_speech_expression
426,"thank, 276, bill, much, prime",7,2022-01-02 17:45:36,426_thank_bill_much_minister
427,"answer, thank, senator, you, roughly",4,2022-01-02 17:45:36,427_answer_thank_senator_you
428,"loan, million, paid, borrower, payments",16,2022-01-02 17:45:36,428_loan_million_loans_payments
429,"antipsychotics, antipsychotic, sedatives, homes, nursing",3,2022-01-02 17:45:36,429_antipsychotics_antipsychotic_drugs_m...
430,"telecommunications, administered, command, christmas, contain",1,2022-01-02 17:45:36,430_personal_protection_assessment_peron...
433,"timelines, summer, environment, briefly, cross",2,2022-01-02 17:45:36,433_environment_charter_cared_environmen...
434,"engage, effectively, expansion, rapidly, aside",1,2022-01-02 17:45:36,434_resilience_recovery_plan_national
436,"approve, annex, doesn, followed, senate",6,2022-01-02 17:45:36,436_approve_annex_doesn_followed
437,"nominal, ballot, simultaneous, refer, whole",3,2022-01-02 17:45:36,437_nominal_ballot_simultaneous_refer
438,"answers, ways, thank, much, clear",1,2022-01-02 17:45:36,438_answers_thank_much_very
439,"overall, books, induction, profits, society",1,2022-01-02 17:45:36,439_landowners_land_grid_reapers
440,"funds, specialized, regulation, operators, management",4,2022-01-02 17:45:36,440_funds_regulation_operators_investmen...
441,"davíðsdóttir, dögg, eva, investigated, constitution",2,2022-01-02 17:45:36,441_signed_constitution_investigated_ple...
443,"quality, control, monitoring, flexible, poke",7,2022-01-02 17:45:36,443_quality_monitoring_flexibility_contr...
445,"ndc, nc, misto, quegliariello, eu",3,2022-01-02 17:45:36,445_misto_nc_ndc_iac
446,"complicated, simple, nothing, more, rest",5,2022-01-02 17:45:36,446_complicated_nothing_than_simple
447,"roll, ballot, simultaneous, rule, refer",3,2022-01-02 17:45:36,447_roll_ballot_simultaneous_rule
448,"133, waiting, diagnostic, children, costly",3,2022-01-02 17:45:36,448_adhd_waiting_children_behavioral
449,"floor, minutes, pharaoh, respond, russa",2,2022-01-02 17:45:36,449_floor_minutes_respond_two
450,"dictates, quarterly, conference, longer, due",3,2022-01-02 17:45:36,450_meeting_length_10th_4th
452,"disease, prevention, communicative, infestation, intercept",7,2022-01-02 17:45:36,452_disease_prevention_epidemic_control
453,"approve, annex, doesn, followed, senate",7,2022-01-02 17:45:36,453_approve_annex_doesn_followed
454,"starving, subfundation, apocalyptic, overpowering, fed",6,2022-01-02 17:45:36,454_starving_food_noodles_hungry
455,"effect, already, comes, into, oxygen",5,2022-01-02 17:45:36,455_effect_already_comes_into
456,"roll, ballot, simultaneous, rule, refer",5,2022-01-02 17:45:36,456_roll_ballot_simultaneous_rule
457,"comments, minutes, approved, were, since",4,2022-01-02 17:45:36,457_comments_minutes_approved_were
459,"community, prison, service, rate, sentenced",31,2022-01-02 17:45:36,459_community_prison_service_rate
460,"consideration, heartfelt, question, senator, mind",4,2022-01-02 17:45:36,460_question_senator_thank_word
463,"representative, intend, reply, intervene, courtroom",4,2022-01-02 17:45:36,463_intend_representative_intervene_repl...
464,"answer, thank, senator, you, for",1,2022-01-02 17:45:36,464_answer_thank_senator_you
465,"innovation, handsomely, icelandic, innovations, basics",3,2022-01-02 17:45:36,465_innovation_epidemic_icelandic_icelan...
466,"word, dictionaries, hadn, contents, reasoning",4,2022-01-02 17:45:36,466_word_acronym_words_used
469,"intervention, shifting, boast, organic, strength",3,2022-01-02 17:45:36,469_interventions_intervention_tension_m...
470,"81, 5th, expressed, contrary, constitution",2,2022-01-02 17:45:36,470_5th_81_contrary_expressed
471,"inquiry, thank, senator, you, restoring",5,2022-01-02 17:45:36,471_inquiry_thank_senator_you
472,"decision, political, commend, criticize, secondary",6,2022-01-02 17:45:36,472_political_decision_politics_militari...
474,"jurisdiction, teach, constitution, model, doesn",1,2022-01-02 17:45:36,474_constitution_touching_charter_adapta...
476,"telecommunications, network, communications, brochure, reducing",3,2022-01-02 17:45:36,476_communications_telecommunications_te...
479,"education, suggest, general, committee, 2nd",11,2022-01-02 17:45:36,479_education_suggest_general_committee
480,"incompatibility, profiles, obligations, entered, toll",2,2022-01-02 17:45:36,480_profiles_incompatibility_obligations...
481,"against, am, mr, president, this",1,2022-01-02 17:45:36,481_against_am_mr_president
482,"emissions, 55, 2030, greenhouse, reduction",4,2022-01-02 17:45:36,482_emissions_55_2030_reduction
483,"explanation, speak, ask, vote, you",1,2022-01-02 17:45:36,483_explanation_speak_ask_vote
485,"unacceptable, acceptable, situation, bad, completely",3,2022-01-02 17:45:36,485_unacceptable_acceptable_situation_ok...
486,"conclude, balboni, invite, shall, mr",1,2022-01-02 17:45:36,486_conclude_shall_mr_president
489,"granting, harmonization, legalisation, 28th, feature",3,2022-01-02 17:45:36,489_iceland_bill_contract_regulations
490,"parties, party, job, themselves, remember",2,2022-01-02 17:45:36,490_party_parties_soliciting_dinner
491,"incineration, stick, choice, open, make",2,2022-01-02 17:45:36,491_choice_choices_decision_sealy
492,"soils, involves, creating, growth, economy",1,2022-01-02 17:45:36,492_soil_soils_nutrients_consumption
493,"north, side, 1st, 4th, agree",3,2022-01-02 17:45:36,493_north_side_4th_1st
494,"virus, covid, beset, 646, impresses",4,2022-01-02 17:45:36,494_virus_italy_pandemic_charter
495,"isolations, waits, children, readily, child",4,2022-01-02 17:45:36,495_child_children_waiting_wait
496,"text, simultaneous, tabled, refer, vote",1,2022-01-02 17:45:36,496_simultaneous_text_tabled_commissions
497,"farmers, electricity, gardening, electrical, products",7,2022-01-02 17:45:36,497_farmers_electricity_gardening_electr...
498,"text, tabled, simultaneous, refer, amendment",2,2022-01-02 17:45:36,498_tabled_commissions_simultaneous_text
503,"positive, contains, news, side, gonna",2,2022-01-02 17:45:36,503_positive_salami_diminish_wrongdoing
504,"nden, difference, thing, same, understand",4,2022-01-02 17:45:36,504_difference_indistinguishable_content...
505,"offers, follow, explanation, answer, gives",1,2022-01-02 17:45:36,505_answer_gives_second_answers
507,"changes, radio, workchange, bill, suggests",5,2022-01-02 17:45:36,507_changes_suggests_bill_intertranslati...
509,"scholars, collections, appreciation, committee, bodies",1,2022-01-02 17:45:36,509_committee_thank_job_welfare
510,"referred, diluting, affairs, terminated, propose",4,2022-01-02 17:45:36,510_propose_respected_referred_affairs
511,"norway, ambitious, denmark, exemplary, sweden",4,2022-01-02 17:45:36,511_norway_sweden_denmark_norwegians
512,"security, national, hasn, yourself, reiterate",3,2022-01-02 17:45:36,512_security_national_abused_unchangeabl...
513,"detriment, mussulvís, flattyrs, casualties, enclosed",2,2022-01-02 17:45:36,513_casualties_civilian_victims_deaths
514,"netherlands, urgland, intensify, defendants, ordered",2,2022-01-02 17:45:36,514_court_appealed_judgment_supreme
515,"explanations, allocated, hours, reports, previous",1,2022-01-02 17:45:36,515_minutes_explanations_five_allocated
516,"parking, outdoors, empty, weight, isn",1,2022-01-02 17:45:36,516_prosperity_developing_countries_popu...
517,"loneliness, isolation, coping, lift, shorten",4,2022-01-02 17:45:36,517_loneliness_isolation_lonely_cute
518,"response, minutes, cucca, speak, corrado",7,2022-01-02 17:45:36,518_response_minutes_cucca_speak
520,"reading, affects, generally, practical, prison",1,2022-01-02 17:45:36,520_reading_read_skills_children
521,"thought, complete, might, lot, list",3,2022-01-02 17:45:36,521_thought_lot_playsheet_abouttheclimat...
522,"cables, cord, ground, electrical, lines",16,2022-01-02 17:45:36,522_cables_cord_electrical_ground
523,"subheading, proportion, contributes, caught, greater",1,2022-01-02 17:45:36,523_contributes_proportion_approval_grea...
525,"approve, annex, doesn, followed, senate",3,2022-01-02 17:45:36,525_approve_annex_doesn_followed
526,"please, respond, thank, much, very",5,2022-01-02 17:45:36,526_please_respond_thank_much
527,"nominal, simultaneous, tabled, refer, amendment",3,2022-01-02 17:45:36,527_nominal_simultaneous_tabled_text
528,"phenomena, disturbing, authors, initially, located",2,2022-01-02 17:45:36,528_live_abroad_coercive_settle
529,"no, uh, well, really, huh",1,2022-01-02 17:45:36,529_uh_no_well_really
531,"151th, submitted, previously, 149, 151",4,2022-01-02 17:45:36,531_151th_submitted_succeed_previously
532,"blunder, letting, grow, mistakes, almost",1,2022-01-02 17:45:36,532_mistakes_mistake_learn_repeat
533,"enactment, 31, ended, ends, march",1,2022-01-02 17:45:36,533_emergency_covid_31_march
534,"thursday, reopening, interior, presence, mobility",2,2022-01-02 17:45:36,534_thursday_question_place_presence
535,"unchanged, consecrations, priests, submitted, reimbursed",3,2022-01-02 17:45:36,535_unchanged_submitted_remain_bill
536,"joke, humor, jokes, trix, disparaging",13,2022-01-02 17:45:36,536_joke_jokes_humor_laugh
538,"honor, 1890, valid, respect, story",2,2022-01-02 17:45:36,538_respect_honor_responds_disguised
539,"comments, minutes, approved, were, since",1,2022-01-02 17:45:36,539_comments_minutes_approved_were
540,"wagons, liliana, segre, concentration, camp",1,2022-01-02 17:45:36,540_auschwitz_nazi_concentration_memory
541,"remaining, amendment, amendments, relates, text",6,2022-01-02 17:45:36,541_remaining_amendments_foreclosed_set
543,"resources, necessities, sites, item, missing",4,2022-01-02 17:45:36,543_resources_enough_infinite_resource
545,"crown, classic, complaint, complicated, crowns",1,2022-01-02 17:45:36,545_crown_crowns_gang_liquid
547,"permission, says, review, governor, president",5,2022-01-02 17:45:36,547_permission_says_report_president
548,"hospital, paying, amounts, budgets, stay",1,2022-01-02 17:45:36,548_hospital_hospitals_growth_expected
550,"competitions, covid, tests, lawyering, 242",1,2022-01-02 17:45:36,550_competitions_rankings_competition_in...
551,"southnes, line, landsnet, southnesline, kv",19,2022-01-02 17:45:36,551_southnes_line_landsnet_kv
552,"resolutions, motions, representative, undertake, crystal",4,2022-01-02 17:45:36,552_representative_motions_resolutions_o...
554,"answer, thank, senator, you, for",1,2022-01-02 17:45:36,554_answer_thank_senator_you
557,"dissuade, option, necessarily, expect, full",1,2022-01-02 17:45:36,557_option_outset_lack_dissuade
558,"hospital, patient, patients, equipment, outstanding",5,2022-01-02 17:45:36,558_hospital_patients_patient_providers
559,"agendas, agenda, accepted, presenters, reconsider",6,2022-01-02 17:45:36,559_agendas_agenda_accepted_accepts
562,"approve, annex, doesn, followed, senate",3,2022-01-02 17:45:36,562_approve_annex_doesn_followed
563,"patches, counselors, wounds, identify, expected",2,2022-01-02 17:45:36,563_clear_avest_qa_really
564,"comment, rapporteur, amendments, call, representative",4,2022-01-02 17:45:36,564_comment_representative_rapporteur_am...
565,"pray, explain, senator, just, like",1,2022-01-02 17:45:36,565_pray_scallop_writing_want
566,"virus, ultrasound, variant, disease, epidemic",13,2022-01-02 17:45:36,566_virus_ultrasound_variant_disease
569,"warnings, harm, seven, ten, face",2,2022-01-02 17:45:36,569_caution_careful_slippage_cautionary
570,"pathologists, speech, suggestions, waiting, pathology",17,2022-01-02 17:45:36,570_pathologists_speech_roma_asl
571,"wrapped, box, inside, around, should",1,2022-01-02 17:45:36,571_box_sideds_stunning_frame
572,"akureyri, university, diplomats, landspians, hospitals",2,2022-01-02 17:45:36,572_akureyri_university_studies_technica...
573,"declare, open, general, discussion, special",1,2022-01-02 17:45:36,573_declare_open_discussion_general
574,"withdrawn, process, back, put, vote",1,2022-01-02 17:45:36,574_voted_favour_mistake_vote
576,"gardening, foreground, agriculture, initiative, happy",1,2022-01-02 17:45:36,576_agriculture_vallardi_colleagues_unan...
578,"nominal, tabled, granato, identical, paragone",15,2022-01-02 17:45:36,578_nominal_tabled_identical_granato
579,"straighten, extremely, course, out, important",1,2022-01-02 17:45:36,579_course_a4_straighten_tempered
580,"fesh, justice, claimed, served, judges",2,2022-01-02 17:45:36,580_justice_institute_law_refuses
582,"378, outlined, agreed, suggest, document",1,2022-01-02 17:45:36,582_suggests_agreed_changes_outlined
583,"normal, crazy, unnatural, watching, perfectly",4,2022-01-02 17:45:36,583_normal_unnatural_crazy_weird
584,"depart, earnest, idea, convenient, sounds",5,2022-01-02 17:45:36,584_idea_good_approach_think
585,"security, national, grounds, examine, duty",2,2022-01-02 17:45:36,585_security_2016_national_policy
587,"microenergy, age, pension, pensioners, biodegradation",8,2022-01-02 17:45:36,587_microenergy_pensioners_pension_age
589,"parliament, european, he, his, centrality",15,2022-01-02 17:45:36,589_parliament_european_he_his
590,"suicide, died, 47, suicides, silent",6,2022-01-02 17:45:36,590_suicide_suicides_disease_47
592,"story, thank, secretary, much, very",3,2022-01-02 17:45:36,592_story_thank_much_very
593,"cemetery, ashes, buried, deceased, dead",16,2022-01-02 17:45:36,593_cemetery_ashes_buried_dead
594,"addiction, facility, ended, mental, regarding",2,2022-01-02 17:45:36,594_mental_health_explode_bells
598,"forbidden, treatment, diagnosis, equally, applies",2,2022-01-02 17:45:36,598_treatment_forbidden_treatments_micro...
599,"stress, ease, screening, monocytes, shaving",2,2022-01-02 17:45:36,599_screening_stress_screenings_ease
600,"chairman, answer, thank, business, economic",1,2022-01-02 17:45:36,600_budget_chairman_secretary_thank
601,"binetti, registered, speak, senator, biti",1,2022-01-02 17:45:36,601_binetti_registered_speak_biti
603,"clean, goody, compares, outdoors, loyal",4,2022-01-02 17:45:36,603_compare_comparisons_comparison_clean
604,"enlisted, she, lonardo, gaudiano, speak",3,2022-01-02 17:45:36,604_enlisted_she_speak_pirro
605,"big, deal, permanent, missing, spoke",4,2022-01-02 17:45:36,605_big_deal_movie_town
606,"commitment, wording, arrived, defined, tried",3,2022-01-02 17:45:36,606_commitment_stress_uniquely_clear
609,"location, perplexing, stamp, locations, ring",3,2022-01-02 17:45:36,609_regions_stress_regional_lance
610,"efta, violating, reassigned, court, otherwise",1,2022-01-02 17:45:36,610_efta_court_logical_icesave
612,"legalize, bioavailable, illegal, hooked, drugs",9,2022-01-02 17:45:36,612_legalization_legalize_legalized_bioa...
613,"corrected, grammatically, correct, observations, hell",5,2022-01-02 17:45:36,613_corrected_correct_correction_grammat...
614,"culture, convinced, language, promote, nation",1,2022-01-02 17:45:36,614_culture_classical_christian_commerci...
615,"poverty, babies, genius, talent, rows",4,2022-01-02 17:45:36,615_poverty_children_poor_grandfather
616,"yes, answer, brief, pretty, question",4,2022-01-02 17:45:36,616_yes_answer_question_simple
618,"18, unequivocal, adults, exception, age",2,2022-01-02 17:45:36,618_chores_child_age_old
619,"marriage, marry, age, 18, married",12,2022-01-02 17:45:36,619_marriage_marry_age_18
620,"fulfils, tabled, simultaneous, refer, laid",1,2022-01-02 17:45:36,620_rapporteurs_tabled_roll_simultaneous
624,"afghanistan, taliban, afghans, unforgivable, shoes",4,2022-01-02 17:45:36,624_afghanistan_taliban_americans_oversp...
629,"conservative, whatever, state, wrong, went",2,2022-01-02 17:45:36,629_state_cartelisation_demonize_anymore
630,"proposal, forthiscommunicative, submitted, modest, successful",4,2022-01-02 17:45:36,630_proposal_engagement_submitted_forthi...
631,"substances, respiratory, irritation, chemicals, cord",3,2022-01-02 17:45:36,631_substances_harmful_hormone_respirato...
632,"amendments, against, am, mr, president",1,2022-01-02 17:45:36,632_amendments_against_am_mr
635,"russa, malan, la, roll, ballot",11,2022-01-02 17:45:36,635_russa_la_malan_roll
638,"sacrifice, nonsense, requires, simple, sacrifices",3,2022-01-02 17:45:36,638_sacrifice_sacrifices_repays_justifie...
639,"evolution, correspondent, denmark, examined, addition",1,2022-01-02 17:45:36,639_evolution_covid_correspondent_punish...
640,"importing, tremendously, necessities, raw, gone",1,2022-01-02 17:45:36,640_food_prices_groceries_sugar
642,"piarulli, follows, 10, 24, buccarella",1,2022-01-02 17:45:36,642_10_buccarella_follow_11
647,"hospital, parking, ring, facility, stands",1,2022-01-02 17:45:36,647_hospital_akureyri_backup_cornerstone
649,"kfuk, kfum, volunteer, shutdown, volunteers",4,2022-01-02 17:45:36,649_volunteers_volunteer_volunteering_ch...
650,"materials, buy, where, should, raw",1,2022-01-02 17:45:36,650_materials_raw_difficulty_inevitably
651,"comments, minutes, approved, were, since",2,2022-01-02 17:45:36,651_comments_minutes_approved_were
652,"globalization, corporations, rely, stronger, largest",1,2022-01-02 17:45:36,652_globalisation_globalization_phenomen...
653,"accidents, especially, such, if, safety",1,2022-01-02 17:45:36,653_safety_safe_safer_prevalent
656,"distributed, 5th, standing, presidency, published",5,2022-01-02 17:45:36,656_distributed_5th_standing_presidency
657,"violating, rights, human, registration, includes",1,2022-01-02 17:45:36,657_human_rights_violating_bathe
659,"consulted, wondering, appoint, wasn, understood",2,2022-01-02 17:45:36,659_stress_senator_minister_inquiring
661,"learn, lived, highest, upcoming, sermon",3,2022-01-02 17:45:36,661_highest_minister_learn_lawsuits
662,"cheating, šdisilgate, grillions, volleyball, rightfulness",2,2022-01-02 17:45:36,662_cheating_senator_aground_šdisilgate
666,"rafney, serve, magnúsdóttir, sjöfn, eva",1,2022-01-02 17:45:36,666_serve_invited_previously_assembly
668,"agree, completely, going, think, agrees",2,2022-01-02 17:45:36,668_agree_agrees_everybody_couldn
669,"criticize, criticism, institution, tried, bit",4,2022-01-02 17:45:36,669_criticism_criticize_criticist_rounda...
670,"departments, conduct, consumer, agency, read",3,2022-01-02 17:45:36,670_agency_checkbox_executing_naughty
671,"pay, suddenly, individuals, always, ve",2,2022-01-02 17:45:36,671_pay_preconceiving_pays_pledge
674,"pounds, kg, diet, exercise, woman",2,2022-01-02 17:45:36,674_weight_weights_pounds_lose
675,"disappearance, loved, his, persuasion, livia",6,2022-01-02 17:45:36,675_disappearance_rognoni_loved_his
676,"toolboxes, justifiable, measures, ashamed, experience",4,2022-01-02 17:45:36,676_measures_tailored_toolboxes_justifia...
677,"goals, achieved, accomplished, organisation, separate",4,2022-01-02 17:45:36,677_goals_achieved_merddis_successful
680,"tunnel, isafjörður, valleyshamar, dug, 1948",2,2022-01-02 17:45:36,680_tunnel_tunnels_bridge_reykjavík
681,"balance, avoided, finding, single, explain",4,2022-01-02 17:45:36,681_balance_imbalance_balanced_finding
684,"merit, proved, remuneration, fine, process",1,2022-01-02 17:45:36,684_improvisation_never_argues_hostiliti...
685,"garnet, enlisted, rauti, she, speak",2,2022-01-02 17:45:36,685_garnet_enlisted_rauti_she
686,"oil, search, norwegian, license, gas",3,2022-01-02 17:45:36,686_oil_search_jurisdiction_norwegian
687,"unsecured, lodgers, harrow, strangers, restaurant",4,2022-01-02 17:45:36,687_telephones_housekeeping_interiors_re...
688,"autonomy, sexual, legislation, labour, name",1,2022-01-02 17:45:36,688_sexual_autonomy_atypical_sexless
689,"answers, later, thank, senator, you",1,2022-01-02 17:45:36,689_answers_later_thank_senator
690,"authority, bad, main, questions, thought",1,2022-01-02 17:45:36,690_authority_tabernacle_authoritativene...
691,"persian, kári, persia, stefánsson, protection",2,2022-01-02 17:45:36,691_persian_protection_kári_persians
694,"induction, reassigned, vague, somewhat, process",2,2022-01-02 17:45:36,694_induction_happen_desk_takes
696,"facts, let, clear, make, us",1,2022-01-02 17:45:36,696_facts_dejected_eyes_chronicle
697,"permission, marlins, jesusko, raisins, comedy",3,2022-01-02 17:45:36,697_permission_jesusko_marlins_president
698,"81, 5th, expressed, contrary, 29",1,2022-01-02 17:45:36,698_81_5th_expressed_contrary
699,"exorcisms, cooperation, claimed, argue, consultation",1,2022-01-02 17:45:36,699_cooperation_flows_exorcisms_prosperi...
700,"prime, answer, thank, much, answers",5,2022-01-02 17:45:36,700_prime_thank_answers_answer
702,"yeah, listen, everyone, says, great",1,2022-01-02 17:45:36,702_deaf_listen_ears_imprudently
704,"community, beat, plays, wouldn, want",4,2022-01-02 17:45:36,704_community_stress_reevaluates_beware
705,"oil, combustion, spare, tanks, diesel",1,2022-01-02 17:45:36,705_oil_burned_diesel_tons
-1,"covid, hospital, disease, epidemic, stress",15384,2022-01-31 21:20:00,-1_hospital_covid_stress_disease
0,"europe, european, union, nato, defence",300,2022-01-31 21:20:00,0_european_europe_union_nato
1,"paritaprevir, son, ha, ingi, eyjólfur",290,2022-01-31 21:20:00,1_paritaprevir_son_ingi_daughter
2,"ukraine, russia, putin, russian, ukrainian",485,2022-01-31 21:20:00,2_ukraine_russia_russian_putin
3,"italy, brothers, italian, italians, viva",153,2022-01-31 21:20:00,3_italy_italians_italian_brothers
4,"iceland, icelandic, icelanders, international, national",253,2022-01-31 21:20:00,4_iceland_icelandic_icelanders_internati...
5,"epidemic, covid, virus, pandemic, disease",311,2022-01-31 21:20:00,5_epidemic_covid_virus_pandemic
6,"housing, rent, homes, apartment, apartments",195,2022-01-31 21:20:00,6_housing_rent_apartments_apartment
7,"energy, electricity, exchange, renewable, sources",358,2022-01-31 21:20:00,7_energy_electricity_exchange_renewable
8,"banks, bank, collapse, banking, customers",60,2022-01-31 21:20:00,8_bank_banks_banking_office
9,"fishing, fish, coastal, marine, farms",390,2022-01-31 21:20:00,9_fishing_fish_coastal_marine
10,"minister, ministers, ministry, highest, answer",151,2022-01-31 21:20:00,10_minister_ministers_ministry_highest
11,"school, students, education, study, student",103,2022-01-31 21:20:00,11_school_education_students_teachers
12,"bill, bills, think, step, articles",164,2022-01-31 21:20:00,12_bill_bills_articles_think
13,"financial, policy, budget, program, policies",206,2022-01-31 21:20:00,13_financial_budget_program_policy
14,"government, governments, does, responsibility, its",76,2022-01-31 21:20:00,14_government_governments_trust_does
15,"judiciary, court, judge, judges, judicial",100,2022-01-31 21:20:00,15_judiciary_magistrates_justice_judicia...
16,"telecommunications, communications, security, communication, internet",106,2022-01-31 21:20:00,16_telecommunications_internet_communica...
17,"sports, sport, handball, games, basketball",14,2022-01-31 21:20:00,17_sport_sports_activity_psychophysical
18,"senator, why, question, ask, what",138,2022-01-31 21:20:00,18_senator_why_ask_question
19,"approves, annex, followed, senate, see",45,2022-01-31 21:20:00,19_approves_annex_followed_senate
20,"water, acidification, irrigation, aquifers, drought",18,2022-01-31 21:20:00,20_water_drought_irrigation_outflow
21,"tax, taxes, income, taxation, pay",76,2022-01-31 21:20:00,21_tax_taxes_income_taxation
22,"bank, iceland, banks, icelandic, secret",41,2022-01-31 21:20:00,22_bank_iceland_banks_sales
23,"refugees, refugee, welcome, fleeing, asylum",106,2022-01-31 21:20:00,23_refugees_refugee_welcome_fleeing
24,"discussion, discuss, interesting, subject, talk",107,2022-01-31 21:20:00,24_discussion_discuss_conversation_inter...
25,"mental, health, epidemic, psychological, manic",13,2022-01-31 21:20:00,25_mental_health_hospital_services
26,"investors, sold, sale, buying, fresher",17,2022-01-31 21:20:00,26_investors_sale_qualified_sold
27,"artists, art, music, creative, entertainment",21,2022-01-31 21:20:00,27_artists_art_artist_musicians
28,"council, members, here, disrespect, councilmen",104,2022-01-31 21:20:00,28_council_here_members_hall
29,"nursing, older, elderly, home, age",64,2022-01-31 21:20:00,29_nursing_older_elderly_home
30,"thank, commission, undersecretary, rapporteur, mr",49,2022-01-31 21:20:00,30_thank_rapporteurs_commission_mr
31,"madam, mr, president, honorable, thank",69,2022-01-31 21:20:00,31_mr_madam_president_speech
32,"pension, fund, pensions, funds, pensioner",157,2022-01-31 21:20:00,32_pension_fund_pensions_funds
33,"rural, society, communities, areas, income",107,2022-01-31 21:20:00,33_rural_society_communities_areas
34,"women, violence, men, activists, channels",15,2022-01-31 21:20:00,34_women_violence_men_perpetrators
35,"election, elections, autumn, spring, fall",87,2022-01-31 21:20:00,35_election_elections_electoral_votes
36,"inflation, rising, growth, index, imported",104,2022-01-31 21:20:00,36_inflation_rising_growth_prices
37,"vaccine, vaccination, vaccinated, covid, virus",100,2022-01-31 21:20:00,37_vaccine_vaccination_covid_vaccines
38,"highest, minister, secretary, epidemic, finance",68,2022-01-31 21:20:00,38_highest_minister_secretary_finance
39,"explanation, speak, ask, vote, you",65,2022-01-31 21:20:00,39_explanation_speak_ask_vote
40,"disabled, disability, persons, impairment, rights",81,2022-01-31 21:20:00,40_disabled_disability_persons_impairmen...
41,"she, her, ll, contestant, nico",80,2022-01-31 21:20:00,41_she_her_herself_ll
42,"farmers, agriculture, agricultural, vegetables, production",178,2022-01-31 21:20:00,42_farmers_agriculture_agricultural_prod...
43,"law, laws, epidemic, violated, resist",60,2022-01-31 21:20:00,43_laws_law_these_breaking
44,"cars, vehicles, car, electric, automobiles",36,2022-01-31 21:20:00,44_cars_electric_vehicles_car
45,"thank, senator, inquiry, want, you",69,2022-01-31 21:20:00,45_thank_senator_you_want
46,"draghi, president, professor, fora, determined",40,2022-01-31 21:20:00,46_draghi_president_your_mario
47,"hospital, land, ring, miles, hospitals",24,2022-01-31 21:20:00,47_hospital_land_hospitals_management
48,"parliament, parliamentary, stress, prerogatives, centrality",75,2022-01-31 21:20:00,48_parliament_parliamentary_parliamentar...
49,"climate, change, goals, epidemic, climates",92,2022-01-31 21:20:00,49_climate_change_goals_climates
50,"independence, party, left, greens, green",57,2022-01-31 21:20:00,50_independence_party_left_green
51,"movimento, star, stars, movement, favour",36,2022-01-31 21:20:00,51_movimento_stars_star_movement
52,"municipalities, metropolitan, confers, authorities, 117",10,2022-01-31 21:20:00,52_municipalities_mayors_mayor_local
53,"health, disease, minister, highest, hospital",67,2022-01-31 21:20:00,53_health_disease_minister_highest
54,"transportation, road, transport, roads, traffic",131,2022-01-31 21:20:00,54_transport_road_transportation_roads
55,"labour, unions, labor, jobs, workers",53,2022-01-31 21:20:00,55_labour_unions_labor_workers
56,"iceland, energy, emissions, climate, fossil",85,2022-01-31 21:20:00,56_iceland_energy_climate_emissions
57,"decree, conversion, law, convert, notices",17,2022-01-31 21:20:00,57_decree_law_conversion_aid
58,"finance, secretary, financial, no, highest",32,2022-01-31 21:20:00,58_finance_secretary_financial_highest
59,"finland, sweden, nato, entry, elder",5,2022-01-31 21:20:00,59_sweden_finland_nato_atlantic
60,"accountant, accounting, internal, institutions, state",22,2022-01-31 21:20:00,60_accountant_accounting_state_research
61,"tourism, tourists, travel, tourist, companies",77,2022-01-31 21:20:00,61_tourism_tourists_tourist_travel
62,"pnrr, grounding, notices, agreements, destiny",5,2022-01-31 21:20:00,62_pnrr_reform_reforms_objectives
63,"pigs, cared, swine, fever, confirmations",6,2022-01-31 21:20:00,63_virus_wild_swine_fever
64,"committee, discussed, opinion, matter, encourage",49,2022-01-31 21:20:00,64_committee_committees_study_opinion
65,"tobacco, nicotine, smoking, products, pads",7,2022-01-31 21:20:00,65_nicotine_pads_smoking_products
66,"queer, stalked, sex, gay, insulted",4,2022-01-31 21:20:00,66_queer_gay_people_rights
67,"cancer, oncology, epidemic, covid, operable",13,2022-01-31 21:20:00,67_cancer_oncology_disease_screening
68,"media, journalists, radio, press, status",47,2022-01-31 21:20:00,68_media_radio_journalists_press
69,"transport, environment, committee, environmental, committees",52,2022-01-31 21:20:00,69_transport_environment_committee_envir...
70,"hv, senator, asks, disease, mentioned",50,2022-01-31 21:20:00,70_hv_senator_asks_disease
71,"pay, remuneration, wage, minimum, salary",24,2022-01-31 21:20:00,71_wage_salary_pay_remuneration
72,"refugees, ukraine, ukrainian, reception, ukrainians",32,2022-01-31 21:20:00,72_refugees_ukraine_ukrainian_reception
73,"withdrawn, amendments, amendment, 17, 16",32,2022-01-31 21:20:00,73_withdrawn_amendments_amendment_17
74,"discrimination, racial, race, κethnic, origiin",11,2022-01-31 21:20:00,74_discrimination_race_ethnic_equal
75,"his, he, passionate, him, man",32,2022-01-31 21:20:00,75_his_he_him_man
76,"contracts, operator, contract, period, calendar",16,2022-01-31 21:20:00,76_contracts_172_contract_pay
77,"closed, debate, fdi, m5s, president",21,2022-01-31 21:20:00,77_closed_debate_fdi_president
78,"welfare, committee, suggest, opposers, mothers",31,2022-01-31 21:20:00,78_welfare_committee_suggest_referred
79,"thank, minister, thanking, start, highest",27,2022-01-31 21:20:00,79_thank_thanking_minister_prime
80,"peace, diplomacy, bombs, diplomatic, dialogue",57,2022-01-31 21:20:00,80_peace_diplomacy_diplomatic_war
81,"ships, boats, ship, boat, navigation",54,2022-01-31 21:20:00,81_ships_ship_boat_sailors
82,"ballot, tabled, simultaneous, lorefice, refer",21,2022-01-31 21:20:00,82_ballot_tabled_simultaneous_refer
83,"police, officers, cameras, policeman, investigators",49,2022-01-31 21:20:00,83_police_officers_enforcement_officer
84,"drugs, compulsive, gambling, substances, addiction",7,2022-01-31 21:20:00,84_drugs_drug_addiction_abuse
85,"generals, surveillance, generalis, general, agencies",31,2022-01-31 21:20:00,85_generals_generalis_general_respect
86,"gas, russia, russian, supplies, dependent",23,2022-01-31 21:20:00,86_gas_russia_russian_dependence
87,"extended, 2022, march, deadline, 2021",24,2022-01-31 21:20:00,87_deadline_extended_extension_2022
88,"respectable, president, dignified, virus, epidemic",49,2022-01-31 21:20:00,88_respectable_president_dignified_yes
89,"prison, inmates, prisoners, cafe, sexy",11,2022-01-31 21:20:00,89_prison_prisons_prisoners_prisoner
90,"suspend, sitting, resume, suspension, suspended",27,2022-01-31 21:20:00,90_suspend_sitting_resume_suspended
91,"directors, board, director, scourging, dal",7,2022-01-31 21:20:00,91_directors_director_board_management
92,"icelandic, food, agriculture, agricultural, iceland",59,2022-01-31 21:20:00,92_food_icelandic_agriculture_production
93,"percent, ratio, actual, epidemic, increase",28,2022-01-31 21:20:00,93_percent_increase_ratio_60
94,"breafjörður, park, brefjörður, baldur, birthday",14,2022-01-31 21:20:00,94_park_lake_parks_bay
95,"environmental, assessment, 71rd, evaluation, matching",7,2022-01-31 21:20:00,95_environmental_assessment_assessments_...
96,"forza, italia, berlusconi, udc, group",14,2022-01-31 21:20:00,96_forza_italia_berlusconi_udc
97,"food, production, covid, domestic, epidemic",38,2022-01-31 21:20:00,97_food_production_security_covid
98,"democracy, democracies, liberal, dictatorships, democratic",24,2022-01-31 21:20:00,98_democracy_democracies_dictatorships_d...
99,"alcohol, beer, bottle, beverage, entwined",10,2022-01-31 21:20:00,99_alcohol_alcoholic_beer_liquor
100,"cubic, gas, italy, meters, reverberated",10,2022-01-31 21:20:00,100_italy_energy_italian_gas
101,"cab, taxi, drivers, uber, driver",74,2022-01-31 21:20:00,101_cab_taxi_drivers_driver
102,"measure, measures, implications, eur, measuring",27,2022-01-31 21:20:00,102_measure_measures_measuring_stress
103,"activation, activations, options, waiting, option",39,2022-01-31 21:20:00,103_activation_activations_options_optio...
104,"battlefields, alpines, september, taken, most",1,2022-01-31 21:20:00,104_alpine_alps_alpines_corps
105,"sponsored, counter, thank, senator, you",35,2022-01-31 21:20:00,105_sponsored_counter_thank_senator
106,"security, social, system, experts, overall",32,2022-01-31 21:20:00,106_security_social_system_review
107,"thank, discussion, want, you, your",41,2022-01-31 21:20:00,107_thank_discussion_want_you
108,"numbers, averages, average, zero, miscalculationed",28,2022-01-31 21:20:00,108_numbers_statistics_average_number
109,"care, health, precursors, gunnauts, southnesian",13,2022-01-31 21:20:00,109_care_health_professionals_doctors
110,"airport, flight, air, airports, unworthy",31,2022-01-31 21:20:00,110_airport_flight_air_airports
111,"sea, marine, seabed, oceanographic, resource",48,2022-01-31 21:20:00,111_sea_marine_seabed_ocean
112,"changed, reinvented, 1969, things, years",24,2022-01-31 21:20:00,112_changed_gonna_turned_change
113,"draft, deputies, law, transmitted, consideration",15,2022-01-31 21:20:00,113_draft_law_deputies_consideration
114,"infrastructure, building, infrastructures, area, capital",26,2022-01-31 21:20:00,114_infrastructure_building_area_capital
115,"question, answer, answers, answered, questions",24,2022-01-31 21:20:00,115_question_answers_answer_questions
116,"child, children, protection, fragments, welfare",13,2022-01-31 21:20:00,116_child_welfare_protection_children
117,"waiting, list, lists, hospital, wait",20,2022-01-31 21:20:00,117_waiting_list_lists_wait
118,"competition, consumers, interests, competitive, market",37,2022-01-31 21:20:00,118_competition_consumers_market_interes...
119,"candidates, international, protection, inhibitions, pacing",6,2022-01-31 21:20:00,119_protection_international_candidates_...
120,"fishing, fish, salmon, iceland, cod",32,2022-01-31 21:20:00,120_fish_fishing_tuna_salmon
121,"flies, climates, blow, hit, sometimes",1,2022-01-31 21:20:00,121_bees_honey_beekeepers_beekeeping
122,"possible, byrgis, enumerate, done, bug",28,2022-01-31 21:20:00,122_possible_done_easy_impossible
123,"score, diet, nutri, labelling, nourishing",115,2022-01-31 21:20:00,123_score_diet_nutri_labelling
124,"report, reviews, handy, review, lots",11,2022-01-31 21:20:00,124_report_reviews_reports_review
125,"bridge, tunnel, sunway, tunnels, sunday",88,2022-01-31 21:20:00,125_tunnel_bridge_sunway_tunnels
126,"history, learn, lesson, lianas, memory",32,2022-01-31 21:20:00,126_history_learn_lesson_lessons
127,"favour, vote, measure, motion, resolution",18,2022-01-31 21:20:00,127_favour_vote_measure_resolution
128,"politics, stress, political, fearful, sometimes",25,2022-01-31 21:20:00,128_politics_political_stress_blackmail
129,"restaurants, restaurant, opening, operators, caterers",26,2022-01-31 21:20:00,129_restaurants_restaurant_opening_cater...
130,"system, defective, wrong, sacred, dumb",43,2022-01-31 21:20:00,130_system_systems_defective_wrong
131,"invite, proceed, examination, representative, intended",17,2022-01-31 21:20:00,131_examination_proceed_invite_represent...
132,"superbonus, 110, bonus, fraud, percent",17,2022-01-31 21:20:00,132_superbonus_110_bonuses_bonus
133,"permission, says, president, magisterium, rhymes",14,2022-01-31 21:20:00,133_permission_says_president_withauthor...
134,"wind, power, frame, windmills, installed",48,2022-01-31 21:20:00,134_wind_power_windmills_frame
135,"masks, ffp2, mask, producers, obligation",35,2022-01-31 21:20:00,135_masks_mask_ffp2_obligation
136,"divorce, marriage, divorcing, married, divorces",8,2022-01-31 21:20:00,136_marriage_divorce_married_wedding
137,"1500, withdraw, agenda, amendment, turn",10,2022-01-31 21:20:00,137_withdraw_amendment_amendments_withdr...
138,"growth, unemployment, economic, economy, prosperity",32,2022-01-31 21:20:00,138_growth_unemployment_economic_rebound
139,"animals, animal, veterinary, disease, sentient",28,2022-01-31 21:20:00,139_animals_animal_veterinary_medicinal
140,"shortening, hours, week, familyized, worktime",7,2022-01-31 21:20:00,140_hours_rest_stress_shift
141,"ifrs, ppp, negligible, pronunciation, exporting",3,2022-01-31 21:20:00,141_contracting_procurement_stations_con...
142,"responsibility, responsible, ethical, responsibilities, dimension",17,2022-01-31 21:20:00,142_responsibility_responsible_responsib...
143,"demonstrations, protesters, demonstrators, police, square",73,2022-01-31 21:20:00,143_protesters_demonstrations_police_pro...
144,"personal, information, sensitive, data, informed",14,2022-01-31 21:20:00,144_data_personal_information_storage
145,"abuse, sexual, violence, domestic, child",33,2022-01-31 21:20:00,145_violence_abuse_sexual_domestic
146,"registered, speak, castellone, fattori, senator",11,2022-01-31 21:20:00,146_registered_speak_senator_modena
147,"euros, allocated, metropolitan, million, eur",4,2022-01-31 21:20:00,147_eur_euros_allocated_billion
148,"emergency, 911, thrill, receivers, egls",13,2022-01-31 21:20:00,148_emergency_emergencies_exceptional_91...
149,"italy, ukrainian, ukraine, italian, zelensky",36,2022-01-31 21:20:00,149_italy_ukrainian_ukraine_italian
150,"contacted, visitors, discussed, committee, reviews",8,2022-01-31 21:20:00,150_visitors_guests_discussed_received
151,"investment, investments, investing, lucrative, invest",35,2022-01-31 21:20:00,151_investment_investments_invest_invest...
152,"trust, relaxation, forwards, vaccinations, stake",4,2022-01-31 21:20:00,152_trust_broken_rebuild_glue
153,"resumed, suspended, sitting, 12, 21",10,2022-01-31 21:20:00,153_resumed_suspended_sitting_12
154,"insurance, company, companies, damage, accident",24,2022-01-31 21:20:00,154_insurance_companies_company_pencils
155,"goals, reach, ambitious, ambition, achieved",16,2022-01-31 21:20:00,155_goals_ambitious_reach_goal
156,"reform, reforms, seriously, extra, accept",2,2022-01-31 21:20:00,156_reform_reforms_stress_majority
157,"agenda, favour, favourable, commitment, g12",17,2022-01-31 21:20:00,157_agenda_g1_favour_mr
158,"reminds, minute, speakers, limited, speaking",18,2022-01-31 21:20:00,158_reminds_minute_speakers_speech
159,"nurses, thumb, january, provider, waiting",3,2022-01-31 21:20:00,159_nurses_hospital_stress_doctors
160,"insurance, clinical, disease, medical, iceland",12,2022-01-31 21:20:00,160_insurance_hospital_health_iceland
161,"enlisted, speak, he, crucioli, senator",15,2022-01-31 21:20:00,161_enlisted_speak_he_senator
162,"permit, workaholics, holder, websites, temporary",4,2022-01-31 21:20:00,162_permit_employment_job_patent
163,"colleagues, voice, silence, volume, colleague",18,2022-01-31 21:20:00,163_colleagues_silence_voice_volume
164,"challenges, challenge, julks, excels, challenging",15,2022-01-31 21:20:00,164_challenges_challenge_challenging_fac...
165,"enlisted, speak, gasparri, alfieri, nencini",9,2022-01-31 21:20:00,165_enlisted_speak_senator_arrigoni
166,"rule, rules, explorement, game, skip",15,2022-01-31 21:20:00,166_rules_rule_regulations_purpose
168,"session, meet, agenda, following, tomorrow",15,2022-01-31 21:20:00,168_session_agenda_meet_following
169,"help, spoon, festering, spoons, knife",16,2022-01-31 21:20:00,169_help_spoon_knife_compassion
170,"women, men, females, populous, imagination",3,2022-01-31 21:20:00,170_women_men_gender_sexes
171,"81, 5th, contrary, requested, roll",1,2022-01-31 21:20:00,171_81_5th_contrary_roll
173,"agree, senator, completely, what, totally",18,2022-01-31 21:20:00,173_agree_senator_completely_what
174,"better, wanderers, abandoning, concreteness, done",10,2022-01-31 21:20:00,174_better_do_we_need
175,"roll, simultaneous, tabled, refer, call",11,2022-01-31 21:20:00,175_roll_tabled_simultaneous_call
176,"cinemas, return, stronger, theaters, concerts",1,2022-01-31 21:20:00,176_cinemas_cinema_platforms_films
177,"vatican, prayer, holy, diplomacy, relief",1,2022-01-31 21:20:00,177_francis_assisi_st_saint
178,"solidarity, cohesion, chatty, strengthen, succeed",14,2022-01-31 21:20:00,178_solidarity_mediation_cohesion_togeth...
179,"council, office, president, sacrifices, windy",12,2022-01-31 21:20:00,179_council_office_president_adjective
180,"stress, streetlight, congressmen, glad, commission",12,2022-01-31 21:20:00,180_commission_stress_constructive_agree...
181,"cost, cheaper, huge, unrealistic, persistent",9,2022-01-31 21:20:00,181_cost_expensive_costs_gonna
182,"frame, plan, stage, fourth, nine",23,2022-01-31 21:20:00,182_frame_plan_stage_fourth
183,"closed, sitting, agenda, see, 02",14,2022-01-31 21:20:00,183_closed_sitting_agenda_see
184,"fork, organic, farm, strategy, farming",18,2022-01-31 21:20:00,184_organic_farming_fork_farm
185,"mafia, infiltrations, mobsters, coverts, illogical",4,2022-01-31 21:20:00,185_mafia_foggia_anti_mafias
186,"calderoli, call, rapporteur, luciana, vallardi",4,2022-01-31 21:20:00,186_rapporteur_call_senator_alfonso
187,"documents, forwarded, questions, 34, motions",12,2022-01-31 21:20:00,187_documents_forwarded_questions_34
188,"presidency, authorizes, authorise, note, takes",8,2022-01-31 21:20:00,188_presidency_authorizes_authorise_note
189,"uncertainty, solutions, solution, solved, outage",17,2022-01-31 21:20:00,189_uncertainty_solutions_solved_solutio...
190,"absent, assignment, communications, leave, published",12,2022-01-31 21:20:00,190_absent_assignment_communications_lea...
191,"pass, green, super, vaccination, strengthened",28,2022-01-31 21:20:00,191_pass_green_super_strengthened
192,"billion, 100, angle, total, 200",26,2022-01-31 21:20:00,192_billion_millions_100_hundreds
193,"uguali, declare, liberi, against, ecosolidali",9,2022-01-31 21:20:00,193_abstain_against_abstention_vote
194,"companies, company, epidemic, covid, lock",27,2022-01-31 21:20:00,194_companies_company_epidemic_covid
195,"approve, annex, doesn, followed, senate",4,2022-01-31 21:20:00,195_approve_annex_doesn_followed
196,"matteotti, luzi, nella, clings, poem",3,2022-01-31 21:20:00,196_matteotti_giacomo_socialist_1924
197,"corruption, bribe, bribes, bribery, offenses",42,2022-01-31 21:20:00,197_corruption_bribes_bribe_bribery
198,"way, supposed, maybe, happens, exactly",15,2022-01-31 21:20:00,198_way_supposed_happens_happening
199,"plan, plans, old, fashioned, decomposition",13,2022-01-31 21:20:00,199_plan_plans_operation_fashioned
200,"accepted, agenda, having, g2, agendas",19,2022-01-31 21:20:00,200_accepted_agenda_g9_having
201,"money, misspelled, lump, samaritan, stomach",14,2022-01-31 21:20:00,201_money_funds_spent_guns
202,"sorresa, hospital, mesoraca, jesus, crotone",1,2022-01-31 21:20:00,202_romana_maria_gasperi_de
203,"giovanardi, renzi, 68, giarrusso, immunities",54,2022-01-31 21:20:00,203_giovanardi_renzi_68_giarrusso
204,"wood, land, practical, forestry, alert",18,2022-01-31 21:20:00,204_wood_land_shallow_forestry
207,"roll, simultaneous, refer, tabled, call",5,2022-01-31 21:20:00,207_roll_simultaneous_tabled_refer
208,"reykjavík, city, airport, reykjavíkurburg, transportation",21,2022-01-31 21:20:00,208_reykjavík_city_airport_capital
209,"policy, displayed, plan, gonna, overtime",20,2022-01-31 21:20:00,209_policy_policies_plan_miss
210,"recommend, hereby, correct, legalize, laws",12,2022-01-31 21:20:00,210_recommend_hereby_legalize_correct
211,"blood, transfusion, bloodletting, litres, mares",11,2022-01-31 21:20:00,211_blood_transfusion_transfusions_donat...
212,"billion, estimated, cost, audiences, palace",13,2022-01-31 21:20:00,212_billion_estimated_million_cost
213,"science, scientists, scientific, experts, listen",24,2022-01-31 21:20:00,213_science_scientists_scientific_expert...
214,"oral, authorisation, carry, requested, rapporteur",5,2022-01-31 21:20:00,214_oral_carry_authorisation_requested
215,"language, languages, welsh, timamoths, mula",6,2022-01-31 21:20:00,215_language_languages_english_linguists
216,"accepted, request, comments, made, rejected",6,2022-01-31 21:20:00,216_accepted_comments_request_made
217,"proceed, shall, 500, amendment, vote",8,2022-01-31 21:20:00,217_proceed_shall_amendment_vote
218,"crisis, economic, entrench, þorbergsson, benjamín",16,2022-01-31 21:20:00,218_crisis_economic_crises_economy
219,"explain, minutes, three, question, right",6,2022-01-31 21:20:00,219_explain_minutes_three_question
220,"ffp2, amendment, downgraded, meritorious, priority",3,2022-01-31 21:20:00,220_amendment_amendments_rejected_tabled
221,"rapporteur, representative, wishes, comment, supplement",19,2022-01-31 21:20:00,221_rapporteur_representative_comment_ag...
222,"rosary, leví, gunnarsson, björn, me",2,2022-01-31 21:20:00,222_rosary_back_me_put
223,"approve, annex, doesn, followed, senate",10,2022-01-31 21:20:00,223_approve_annex_doesn_followed
224,"nuclear, weapons, npt, powers, blade",7,2022-01-31 21:20:00,224_nuclear_weapons_npt_disarmament
225,"reality, fantasy, situation, surpasses, happen",19,2022-01-31 21:20:00,225_reality_fantasy_situation_face
227,"synonym, friðjón, egls, cousin, form",11,2022-01-31 21:20:00,227_synonym_proposed_form_proposal
228,"rule, simultaneous, refer, vote, roll",1,2022-01-31 21:20:00,228_rule_roll_simultaneous_refer
229,"81, 5th, contrary, requested, gave",7,2022-01-31 21:20:00,229_81_5th_contrary_requested
230,"agri, italy, food, organic, italian",22,2022-01-31 21:20:00,230_organic_agri_pantelleria_italy
231,"stress, easy, straightforward, neither, complicated",10,2022-01-31 21:20:00,231_easy_simple_stress_reconstruction
232,"invitation, covid, kristinasdótttir, organizers, orange",3,2022-01-31 21:20:00,232_invitation_successful_invitations_cl...
233,"sanctions, oligarchs, russia, repercussions, proportionate",37,2022-01-31 21:20:00,233_sanctions_russia_oligarchs_against
234,"disasters, natural, forest, catchs, screams",4,2022-01-31 21:20:00,234_disasters_natural_disaster_earthquak...
235,"presidents, 55, vice, proceedings, conference",7,2022-01-31 21:20:00,235_presidents_proceedings_55_vice
236,"sheet, gas, levels, cover, increases",1,2022-01-31 21:20:00,236_gas_ttf_price_dutch
237,"871, 411, 000, 2018, 484",11,2022-01-31 21:20:00,237_000_no_2018_number
238,"reykjavík, housing, quickness, lowest, rent",7,2022-01-31 21:20:00,238_reykjavík_apartments_housing_apartme...
239,"example, weren, textbook, explanation, paying",9,2022-01-31 21:20:00,239_examples_example_explanation_give
240,"thank, senator, record, hers, answer",13,2022-01-31 21:20:00,240_thank_record_senator_answer
241,"113, pursuant, accepted, procedure, rule",8,2022-01-31 21:20:00,241_pursuant_113_accepted_procedure
242,"fines, competition, happy, picture, gone",1,2022-01-31 21:20:00,242_competition_draft_law_pnrr
243,"productive, replacements, fear, odd, changes",8,2022-01-31 21:20:00,243_changes_change_simplification_order
244,"freedom, weakest, fromm, erich, free",15,2022-01-31 21:20:00,244_freedom_free_freedoms_obstacle
245,"priorities, priority, imitate, pathetic, halla",10,2022-01-31 21:20:00,245_priorities_priority_stress_setting
246,"ministers, minister, industrial, university, answer",16,2022-01-31 21:20:00,246_ministers_minister_prime_answer
248,"immigrants, foreigners, embargo, suggests, concert",4,2022-01-31 21:20:00,248_foreigners_immigrants_alien_laws
251,"speech, encouragement, my, punctually, earlier",10,2022-01-31 21:20:00,251_speech_my_second_talk
252,"disease, child, children, parents, guided",6,2022-01-31 21:20:00,252_children_child_interests_kids
253,"dissent, explanation, group, speak, ask",12,2022-01-31 21:20:00,253_dissent_explanation_group_speak
254,"floor, note, give, take, leftover",11,2022-01-31 21:20:00,254_floor_note_give_take
256,"interceptions, seizure, correspondence, interception, seized",20,2022-01-31 21:20:00,256_interceptions_siri_seizure_intercept...
257,"2nd, suggest, andwhat, referred, promissary",7,2022-01-31 21:20:00,257_2nd_suggest_referred_business
258,"initiating, films, growing, started, budget",1,2022-01-31 21:20:00,258_film_filmmaking_movie_industry
259,"innovation, technology, radarsell, mysu, creative",18,2022-01-31 21:20:00,259_innovation_technology_solutions_rese...
260,"letter, written, request, query, received",14,2022-01-31 21:20:00,260_letter_written_request_received
261,"milk, meat, industry, products, production",37,2022-01-31 21:20:00,261_milk_meat_industry_dairy
262,"song, songs, lyrics, mellow, chorus",9,2022-01-31 21:20:00,262_song_mellow_songs_lyrics
263,"agreement, temporary, agreements, negotiations, quatane",13,2022-01-31 21:20:00,263_agreement_negotiations_conditions_ag...
264,"greece, physical, undergo, testing, streets",2,2022-01-31 21:20:00,264_greece_greek_refugees_circumstances
265,"amendment, favour, text, am, mr",14,2022-01-31 21:20:00,265_text_favour_amendment_am
266,"debt, 2026, collection, off, stop",29,2022-01-31 21:20:00,266_debt_2026_collection_stop
267,"minutes, sitting, secretary, read, giro",8,2022-01-31 21:20:00,267_minutes_sitting_secretary_giro
268,"dentists, dental, defects, dentistry, insurance",4,2022-01-31 21:20:00,268_dental_teeth_dentists_children
270,"red, cross, reported, contract, abundance",6,2022-01-31 21:20:00,270_red_cross_contract_hornbeam
271,"foreboding, popu, drying, workload, publishing",15,2022-01-31 21:20:00,271_no_requirement_foreboding_kaläl
272,"bioavailability, disease, dose, medicinal, nutritional",14,2022-01-31 21:20:00,272_bioavailability_cyp3a4_medicinal_pha...
273,"young, educate, campaigns, scatter, participate",8,2022-01-31 21:20:00,273_young_youths_youth_people
274,"mind, keep, eye, lunar, appearing",14,2022-01-31 21:20:00,274_keep_mind_eye_impulsive
275,"rapporteur, call, therefore, rojc, fenu",5,2022-01-31 21:20:00,275_rapporteur_call_therefore_rojc
276,"cassazione, florentine, vail, sociali, pierced",4,2022-01-31 21:20:00,276_prosecutor_magistrates_court_rome
277,"list, lists, assert, formation, youth",5,2022-01-31 21:20:00,277_list_lists_he_information
278,"rapporteur, agree, mr, president, with",17,2022-01-31 21:20:00,278_rapporteur_agree_mr_president
279,"action, tougher, brefjord, immediate, proportionate",9,2022-01-31 21:20:00,279_immediately_action_immediate_quickly
280,"currency, euro, unmoved, constant, swinging",13,2022-01-31 21:20:00,280_currency_euro_dollar_swinging
282,"notice, foretold, independence, interpretation, proposal",1,2022-01-31 21:20:00,282_procedure_rules_reform_constitutiona...
283,"islands, insularity, minor, amendment, allowing",5,2022-01-31 21:20:00,283_islands_insularity_119_stress
284,"covid, epidemic, virus, disease, icelandic",16,2022-01-31 21:20:00,284_covid_epidemic_virus_disease
285,"mg, uh, par, 1st, twenty",18,2022-01-31 21:20:00,285_mg_uh_par_1st
286,"disease, prevention, preventions, preventing, endeavoring",7,2022-01-31 21:20:00,286_disease_prevention_focusing_prevent
287,"project, projects, roastland, beantin, started",25,2022-01-31 21:20:00,287_project_projects_started_seaguard
288,"stress, groups, group, headlines, hanging",6,2022-01-31 21:20:00,288_group_groups_stress_root
289,"ridiculously, important, rethink, picture, nevertheless",8,2022-01-31 21:20:00,289_important_think_fundamental_picture
290,"explanation, speak, ask, vote, you",6,2022-01-31 21:20:00,290_explanation_speak_ask_vote
291,"waste, disposal, recycling, garbage, tech",26,2022-01-31 21:20:00,291_waste_disposal_recycling_garbage
292,"hostpower, property, theft, odd, possession",5,2022-01-31 21:20:00,292_possession_property_ownership_distri...
293,"sitting, 113, star, electronic, inform",7,2022-01-31 21:20:00,293_sitting_113_star_electronic
294,"losing, consciences, child, school, examine",1,2022-01-31 21:20:00,294_grieving_abortion_pregnancy_child
295,"basilicata, coviello, romualdo, carrara, valerio",33,2022-01-31 21:20:00,295_basilicata_coviello_romualdo_carrara
296,"beach, weather, unemployment, apply, freedom",1,2022-01-31 21:20:00,296_beaches_beach_bathing_concessions
297,"worried, worry, mine, problem, friendship",10,2022-01-31 21:20:00,297_worried_worry_mine_problem
298,"commended, icelandic, education, children, motherhood",7,2022-01-31 21:20:00,298_icelandic_education_children_school
299,"item, document, iv, tomorrow, next",14,2022-01-31 21:20:00,299_item_tomorrow_document_decree
300,"ferry, cruises, bought, passengers, british",38,2022-01-31 21:20:00,300_ferry_cruises_bought_passengers
301,"answer, thank, much, very, minister",9,2022-01-31 21:20:00,301_answer_thank_much_very
302,"case, finished, finish, gonna, soup",15,2022-01-31 21:20:00,302_case_finish_gonna_finished
303,"welfare, systems, underneath, revenues, fit",14,2022-01-31 21:20:00,303_welfare_jobseekers_systems_system
304,"explanation, speak, ask, vote, you",2,2022-01-31 21:20:00,304_explanation_speak_ask_vote
305,"west, condemned, defence, policy, american",14,2022-01-31 21:20:00,305_policy_defence_foreign_common
306,"gdp, growth, guy26, actual, miscalculation",4,2022-01-31 21:20:00,306_gdp_growth_percent_nadef
307,"precluded, amendment, remaining, amended, excluded",6,2022-01-31 21:20:00,307_excluded_remaining_amendment_amendme...
308,"nations, coagulates, unites, immense, fulfill",7,2022-01-31 21:20:00,308_nations_international_reactor_nation
310,"junta, indictment, passages, parajurisdictional, 134",13,2022-01-31 21:20:00,310_junta_juntas_configuration_parajuris...
311,"denmark, separated, danish, ees, leaveover",7,2022-01-31 21:20:00,311_denmark_danish_refuge_prime
312,"inquiry, thank, senator, you, ambiguous",13,2022-01-31 21:20:00,312_inquiry_thank_senator_you
313,"approve, annex, doesn, followed, senate",5,2022-01-31 21:20:00,313_approve_annex_doesn_followed
314,"serious, improbable, pretend, seriously, continuing",7,2022-01-31 21:20:00,314_serious_disinformers_seriousness_ser...
315,"democratic, party, favour, sends, ambiguity",4,2022-01-31 21:20:00,315_democratic_favour_party_announce
316,"islands, island, harvests, surrounded, sea",5,2022-01-31 21:20:00,316_islands_island_western_beer
317,"rights, šk, outsmart, wealthy, generosity",7,2022-01-31 21:20:00,317_rights_enjoy_marchionne_šk
318,"covid, vaccinated, italy, vaccinate, vaccination",11,2022-01-31 21:20:00,318_covid_vaccination_vaccinated_vaccine...
319,"institute, foreign, furthermore, needleeye, hand",13,2022-01-31 21:20:00,319_institute_foreign_applications_homep...
320,"name, grave, chose, investigated, wondered",4,2022-01-31 21:20:00,320_weren_names_name_chats
321,"employees, opposers, trades, sets, interpret",3,2022-01-31 21:20:00,321_employees_staff_voting_representativ...
322,"service, selephos, entirety, consists, impaired",5,2022-01-31 21:20:00,322_service_services_basic_user
323,"expenses, increased, psur, 522, billion",16,2022-01-31 21:20:00,323_expenses_increase_increased_turnover
324,"covenant, government, harmony, mosaic, frame",12,2022-01-31 21:20:00,324_covenant_covenants_government_harmon...
325,"energy, bills, reverberates, hit, price",7,2022-01-31 21:20:00,325_energy_prices_price_gas
326,"transparency, transparent, epidemic, flagshipd, palpable",11,2022-01-31 21:20:00,326_transparency_transparent_155_epidemi...
327,"approve, doesn, followed, annex, senate",4,2022-01-31 21:20:00,327_approve_doesn_annex_followed
328,"hunting, hunt, costs, fee, price",22,2022-01-31 21:20:00,328_hunting_hunt_costs_raising
329,"am, against, amendments, mr, 500",11,2022-01-31 21:20:00,329_am_against_amendments_mr
330,"explanation, speak, ask, vote, you",8,2022-01-31 21:20:00,330_explanation_speak_ask_vote
332,"generals, citizenship, institute, applications, applicant",13,2022-01-31 21:20:00,332_institute_generals_applications_citi...
333,"happy, joy, job, celebrate, decommissioning",8,2022-01-31 21:20:00,333_happy_joy_celebrate_celebrating
334,"amended, simultaneous, roll, text, refer",5,2022-01-31 21:20:00,334_amended_simultaneous_120_refer
335,"rollout, revenue, operating, negative, compared",1,2022-01-31 21:20:00,335_balances_improvement_net_billion
336,"nostradamus, predictions, predict, future, prediction",24,2022-01-31 21:20:00,336_predictions_nostradamus_future_predi...
337,"giorgetti, minutes, floor, three, reply",4,2022-01-31 21:20:00,337_reply_minutes_lamorgese_three
338,"report, permission, written, procratian, president",12,2022-01-31 21:20:00,338_report_permission_written_text
339,"rapporteur, opinion, prerogative, unassailability, indistinguishability",6,2022-01-31 21:20:00,339_rapporteur_opinion_assent_rapporteur...
340,"roll, ballot, simultaneous, refer, call",2,2022-01-31 21:20:00,340_roll_ballot_simultaneous_refer
341,"covid, epidemic, epidemiological, containment, december",13,2022-01-31 21:20:00,341_covid_epidemic_19_decree
342,"proceed, shall, split, vote, 102",5,2022-01-31 21:20:00,342_proceed_shall_split_vote
343,"compressor, thank, apple, acc, express",6,2022-01-31 21:20:00,343_thank_colleagues_thanks_sincere
344,"expected, effect, significant, partnerships, impact",4,2022-01-31 21:20:00,344_impact_expected_affect_bill
345,"surveillance, protection, perlon, patrolrs, stern",12,2022-01-31 21:20:00,345_protection_surveillance_personal_pro...
346,"vat, directly, conversation, natural, saying",1,2022-01-31 21:20:00,346_vat_necessities_invoice_matches
347,"approve, annex, doesn, followed, senate",3,2022-01-31 21:20:00,347_approve_annex_doesn_followed
349,"item, draft, debate, next, 2390",4,2022-01-31 21:20:00,349_item_draft_debate_next
350,"reminds, councilmen, deadlines, platform, watch",2,2022-01-31 21:20:00,350_conference_councilmen_board_reminds
351,"zanda, zaffini, enlisted, nugnes, speak",5,2022-01-31 21:20:00,351_floor_zanda_zaffini_nugnes
352,"north, northern, countries, experience, scandrina",14,2022-01-31 21:20:00,352_north_northern_countries_experience
353,"data, hospital, rigs, extensively, sample",11,2022-01-31 21:20:00,353_data_database_subtracts_hospital
354,"punishment, ll, consumption, taxes, take",1,2022-01-31 21:20:00,354_excise_duties_fuels_vat
355,"excluding, explanations, distribution, 228, hours",9,2022-01-31 21:20:00,355_excluding_explanations_distribution_...
356,"thorsson, andri, type, snooze, guys",6,2022-01-31 21:20:00,356_work_unorthodox_environment_assistan...
357,"spine, sized, cleaning, medium, enterprises",1,2022-01-31 21:20:00,357_sized_enterprises_medium_small
358,"explanation, speak, ask, vote, you",7,2022-01-31 21:20:00,358_explanation_speak_ask_vote
359,"income, loss, business, spouse, payers",12,2022-01-31 21:20:00,359_income_loss_loads_month
360,"student, students, loan, loans, scholarship",14,2022-01-31 21:20:00,360_student_loan_students_scholarship
361,"walked, instructions, wouldn, differently, appeared",5,2022-01-31 21:20:00,361_liked_would_gotten_postamism
362,"permission, says, president, asi, letter",6,2022-01-31 21:20:00,362_permission_says_president_by
363,"councilmen, thank, discussion, spoke, complain",7,2022-01-31 21:20:00,363_councilmen_thank_discussion_council
364,"approve, annex, doesn, followed, senate",3,2022-01-31 21:20:00,364_approve_annex_doesn_followed
365,"poverty, poor, live, poorer, alimony",10,2022-01-31 21:20:00,365_poverty_poor_poorer_refusing
366,"mezzogiorno, emphasising, redistribution, illustrating, illegality",3,2022-01-31 21:20:00,366_mezzogiorno_railway_jubilee_rome
367,"000, month, bucks, million, pay",11,2022-01-31 21:20:00,367_000_bucks_month_pay
369,"speech, thank, senator, you, transport",4,2022-01-31 21:20:00,369_speech_thank_senator_you
370,"credit, agent, loans, tractors, bitten",11,2022-01-31 21:20:00,370_credit_loans_agent_creditors
371,"warrant, spells, landowners, removal, permit",4,2022-01-31 21:20:00,371_warrant_frequency_permit_canceled
372,"leaders, conference, timetable, convened, timetables",4,2022-01-31 21:20:00,372_leaders_conference_timetable_convene...
373,"exams, asl, directing, booth, coordinate",2,2022-01-31 21:20:00,373_test_tests_students_consistent
374,"shower, introduction, absolutely, bathing, concessions",1,2022-01-31 21:20:00,374_bathing_concessions_bolkestein_direc...
375,"seekers, insufficiently, overlooking, invitations, volunteers",3,2022-01-31 21:20:00,375_staff_lack_shortage_specialized
376,"fire, oderzo, fined, storms, spark",4,2022-01-31 21:20:00,376_geological_fire_sheets_mapping
377,"2536, conversion, 228, deputies, approval",2,2022-01-31 21:20:00,377_conversion_posed_approval_trust
378,"talking, punch, about, re, what",7,2022-01-31 21:20:00,378_talking_re_what_about
379,"borist, letter, near, chairman, smoke",9,2022-01-31 21:20:00,379_borist_letter_smoke_near
381,"waiting, party, expand, sigurnsson, expanding",19,2022-01-31 21:20:00,381_waiting_party_expand_expanding
382,"memory, forget, forgotten, enclosing, enlightens",12,2022-01-31 21:20:00,382_forget_remember_memory_forgotten
383,"roll, ballot, simultaneous, tabled, motion",5,2022-01-31 21:20:00,383_roll_ballot_simultaneous_tabled
384,"roll, ballot, simultaneous, rule, refer",3,2022-01-31 21:20:00,384_roll_ballot_simultaneous_rule
385,"sardo, azione, salvini, premier, partito",4,2022-01-31 21:20:00,385_premier_salvini_sardo_azione
386,"roll, ballot, simultaneous, rule, refer",2,2022-01-31 21:20:00,386_roll_ballot_simultaneous_rule
387,"ban, appendages, incongruity, joys, exploratory",6,2022-01-31 21:20:00,387_ban_bans_banned_restricted
388,"bagnai, renzi, bonis, de, enlisted",4,2022-01-31 21:20:00,388_bertoldi_de_enlisted_speak
389,"power, valves, torn, amazed, demanded",8,2022-01-31 21:20:00,389_power_rulers_corrupts_torn
391,"march, covid, august, 1st, signal",7,2022-01-31 21:20:00,391_march_dates_date_etrs
392,"suggestion, suggestions, tickets, hitting, stone",8,2022-01-31 21:20:00,392_suggestions_suggestion_proposal_öse
393,"approve, annex, doesn, followed, senate",4,2022-01-31 21:20:00,393_approve_annex_doesn_followed
394,"opened, sitting, 16, 35, 41",6,2022-01-31 21:20:00,394_opened_sitting_16_35
395,"sitting, open, 34, 06, 32",6,2022-01-31 21:20:00,395_sitting_open_31_32
397,"fracture, fractures, virus, 145, covid",20,2022-01-31 21:20:00,397_fracture_fractures_suspected_severit...
398,"physiologist, surgical, hell, surgeon, advice",3,2022-01-31 21:20:00,398_doctor_doctors_patient_patients
399,"halved, allocated, indeed, defence, various",1,2022-01-31 21:20:00,399_expenditure_savings_budget_million
400,"approve, annex, doesn, followed, senate",6,2022-01-31 21:20:00,400_approve_annex_doesn_followed
401,"women, afghan, afghanistan, taliban, relay",15,2022-01-31 21:20:00,401_afghan_women_afghanistan_taliban
402,"icelandic, artists, 16th, culture, music",3,2022-01-31 21:20:00,402_media_artists_icelandic_art
403,"extraction, yours, 48, publication, would",5,2022-01-31 21:20:00,403_liked_would_crisp_improvement
404,"fast, faster, quickly, switching, maps",8,2022-01-31 21:20:00,404_quickly_speed_fast_faster
405,"demagogy, citizenship, income, financially, tell",2,2022-01-31 21:20:00,405_citizenship_income_demagogy_poverty
406,"kingdom, treasure, advertised, expanding, buildings",3,2022-01-31 21:20:00,406_kingdom_treasure_commune_contended
408,"mauton, m5s, concrete, simple, pc",1,2022-01-31 21:20:00,408_pc_upc_ai_idv
409,"articles, article, attracts, phrases, 24",5,2022-01-31 21:20:00,409_articles_consists_article_chapters
410,"jakobsdóttir, katrín, daughter, gate, presumptuous",5,2022-01-31 21:20:00,410_jakobsdóttir_katrín_daughter_governm...
411,"tabling, deadline, 228, amendments, relation",5,2022-01-31 21:20:00,411_tabling_amendments_deadline_relation
412,"back, elathan, mr, house, am",4,2022-01-31 21:20:00,412_back_house_am_mr
413,"completed, 2026, 2022, conclusive, swim",8,2022-01-31 21:20:00,413_2026_2022_completed_schedule
414,"registered, she, testor, speak, piarulli",4,2022-01-31 21:20:00,414_registered_she_speak_cantù
415,"fiber, optic, optics, opticization, linking",9,2022-01-31 21:20:00,415_fiber_optics_optic_opticization
416,"ecological, transition, climate, forcefully, destroying",3,2022-01-31 21:20:00,416_ecological_transition_climate_sustai...
417,"step, fraught, belittle, giant, bit",6,2022-01-31 21:20:00,417_step_bit_epochs_forward
419,"approve, annex, doesn, followed, senate",2,2022-01-31 21:20:00,419_approve_annex_doesn_followed
420,"approve, annex, doesn, followed, senate",1,2022-01-31 21:20:00,420_approve_annex_doesn_followed
421,"treaty, puts, 52019, munich, treaties",4,2022-01-31 21:20:00,421_treaty_treaties_puts_signing
422,"debate, speak, members, general, no",1,2022-01-31 21:20:00,422_intend_speak_representative_members
423,"item, deputies, 1201, draft, 2536",2,2022-01-31 21:20:00,423_item_deputies_draft_approved
425,"hatred, hate, speech, expression, racial",14,2022-01-31 21:20:00,425_hatred_hate_speech_expression
426,"bill, thank, compliments, prehistoric, minister",9,2022-01-31 21:20:00,426_thank_bill_much_minister
427,"answer, thank, senator, second, you",10,2022-01-31 21:20:00,427_answer_thank_senator_you
428,"loan, million, 213, steering, interest",3,2022-01-31 21:20:00,428_loan_million_loans_payments
430,"personal, perone, protection, distinguish, trustees",2,2022-01-31 21:20:00,430_personal_protection_assessment_peron...
431,"wood, axi, feet, across, react",2,2022-01-31 21:20:00,431_wood_apology_highest_apologized
433,"environment, dealing, precautionary, ecosystems, encouraging",5,2022-01-31 21:20:00,433_environment_charter_cared_environmen...
435,"enlisted, carlo, de, la, russa",2,2022-01-31 21:20:00,435_enlisted_carlo_speak_pesco
436,"approve, annex, doesn, followed, senate",1,2022-01-31 21:20:00,436_approve_annex_doesn_followed
437,"nominal, ballot, simultaneous, refer, whole",1,2022-01-31 21:20:00,437_nominal_ballot_simultaneous_refer
438,"answers, thank, much, disquisition, very",6,2022-01-31 21:20:00,438_answers_thank_much_very
439,"landowners, land, grid, reapers, primarily",15,2022-01-31 21:20:00,439_landowners_land_grid_reapers
440,"fund, regulation, competitive, stated, goals",1,2022-01-31 21:20:00,440_funds_regulation_operators_investmen...
441,"investigated, constitution, signed, pledge, letter",10,2022-01-31 21:20:00,441_signed_constitution_investigated_ple...
442,"crimes, khojaly, committed, atrocities, assessing",1,2022-01-31 21:20:00,442_crimes_criminal_international_court
443,"hagroom, gears, automonitoring, quality, flexibility",7,2022-01-31 21:20:00,443_quality_monitoring_flexibility_contr...
444,"voice, draghi, loud, reactions, mattarella",2,2022-01-31 21:20:00,444_draghi_italy_president_voice
445,"misto, ndc, nc, quegliariello, eu",6,2022-01-31 21:20:00,445_misto_nc_ndc_iac
446,"complicated, nothing, complications, stuff, simple",7,2022-01-31 21:20:00,446_complicated_nothing_than_simple
447,"roll, ballot, simultaneous, rule, refer",2,2022-01-31 21:20:00,447_roll_ballot_simultaneous_rule
448,"children, transgroup, unwell, waited, waiting",4,2022-01-31 21:20:00,448_adhd_waiting_children_behavioral
449,"floor, minutes, respond, two, give",4,2022-01-31 21:20:00,449_floor_minutes_respond_two
451,"book, green, bookwork, started, energy",14,2022-01-31 21:20:00,451_book_green_bookwork_energy
452,"disease, epidemic, prevention, theprecaution, counterbiological",10,2022-01-31 21:20:00,452_disease_prevention_epidemic_control
453,"approve, annex, doesn, followed, senate",4,2022-01-31 21:20:00,453_approve_annex_doesn_followed
454,"noodles, infuses, toast, starving, starve",4,2022-01-31 21:20:00,454_starving_food_noodles_hungry
455,"effect, already, comes, into, reads",19,2022-01-31 21:20:00,455_effect_already_comes_into
456,"roll, ballot, simultaneous, rule, refer",2,2022-01-31 21:20:00,456_roll_ballot_simultaneous_rule
457,"comments, minutes, approved, were, since",2,2022-01-31 21:20:00,457_comments_minutes_approved_were
458,"stress, day, lift, holiday, credibility",3,2022-01-31 21:20:00,458_day_stress_homophobia_celebrated
460,"question, thank, vice, senator, yes",3,2022-01-31 21:20:00,460_question_senator_thank_word
462,"debt, gdp, 2026, 49, increase",13,2022-01-31 21:20:00,462_debt_gdp_2026_net
463,"intend, intervene, representative, reply, does",2,2022-01-31 21:20:00,463_intend_representative_intervene_repl...
464,"answer, thank, senator, you, for",5,2022-01-31 21:20:00,464_answer_thank_senator_you
465,"innovation, icelandic, pioneers, pascal, yurgurt",9,2022-01-31 21:20:00,465_innovation_epidemic_icelandic_icelan...
466,"acronym, locker, contestants, cacophonic, word",3,2022-01-31 21:20:00,466_word_acronym_words_used
468,"resolving, disputes, war, triggers, wars",5,2022-01-31 21:20:00,468_war_warfare_wars_shelter
469,"interventions, weightiest, intervention, matching, developing",3,2022-01-31 21:20:00,469_interventions_intervention_tension_m...
470,"81, 5th, lorefice, expressed, contrary",3,2022-01-31 21:20:00,470_5th_81_contrary_expressed
471,"inquiry, thank, senator, narrative, curious",10,2022-01-31 21:20:00,471_inquiry_thank_senator_you
472,"political, reaction, interdependence, decision, politics",6,2022-01-31 21:20:00,472_political_decision_politics_militari...
473,"thank, answer, answers, excellent, senator",3,2022-01-31 21:20:00,473_answer_thank_answers_senator
474,"constitution, deliveries, betting, bet, sacred",3,2022-01-31 21:20:00,474_constitution_touching_charter_adapta...
475,"hot, charge, water, resources, why",1,2022-01-31 21:20:00,475_hot_water_cold_warm
476,"communications, telecommunications, telephone, network, internet",8,2022-01-31 21:20:00,476_communications_telecommunications_te...
477,"murder, nautical, injuries, road, navigation",27,2022-01-31 21:20:00,477_murder_nautical_injuries_road
478,"wetlands, forbid, deposit, damaged, carbon",1,2022-01-31 21:20:00,478_wetlands_recovery_carbon_emissions
479,"suggest, classes, admits, education, 2nd",4,2022-01-31 21:20:00,479_education_suggest_general_committee
480,"profiles, incompatibility, spreading, sole, obligations",3,2022-01-31 21:20:00,480_profiles_incompatibility_obligations...
481,"against, am, mr, president, this",1,2022-01-31 21:20:00,481_against_am_mr_president
482,"emissions, 55, 2030, greenhouse, reduction",6,2022-01-31 21:20:00,482_emissions_55_2030_reduction
483,"explanation, speak, ask, vote, you",2,2022-01-31 21:20:00,483_explanation_speak_ask_vote
484,"enlisted, speak, iannone, bishops, trentacoste",4,2022-01-31 21:20:00,484_enlisted_speak_iannone_he
485,"unacceptable, intolerable, acceptable, situation, course",4,2022-01-31 21:20:00,485_unacceptable_acceptable_situation_ok...
486,"conclude, shall, mr, invite, connection",4,2022-01-31 21:20:00,486_conclude_shall_mr_president
487,"distributing, 5th, opinions, inform, standing",3,2022-01-31 21:20:00,487_5th_opinions_standing_1st
489,"validating, dg, strengthening, expose, payoffs",4,2022-01-31 21:20:00,489_iceland_bill_contract_regulations
490,"party, novelty, partyes, parties, freak",9,2022-01-31 21:20:00,490_party_parties_soliciting_dinner
491,"sealy, sealier, choice, distressed, deepest",7,2022-01-31 21:20:00,491_choice_choices_decision_sealy
492,"soil, 99, reject, forest, broken",2,2022-01-31 21:20:00,492_soil_soils_nutrients_consumption
493,"tenth, north, side, hv, 4th",1,2022-01-31 21:20:00,493_north_side_4th_1st
494,"intervened, java, computer, italy, researcher",4,2022-01-31 21:20:00,494_virus_italy_pandemic_charter
495,"children, psychologist, age, incredibly, wait",3,2022-01-31 21:20:00,495_child_children_waiting_wait
496,"text, simultaneous, tabled, refer, vote",4,2022-01-31 21:20:00,496_simultaneous_text_tabled_commissions
497,"gardening, farmers, electricity, electrical, products",12,2022-01-31 21:20:00,497_farmers_electricity_gardening_electr...
500,"dragon, regasifiers, remember, dragons, party",1,2022-01-31 21:20:00,500_dragons_dragon_disease_centrists
501,"recovery, energy, fund, mechanism, transiting",7,2022-01-31 21:20:00,501_recovery_energy_fund_autonomy
502,"covid, golden, fields, extended, maintenance",1,2022-01-31 21:20:00,502_golden_power_discipline_extended
503,"positive, tolerate, somewhat, merely, every",3,2022-01-31 21:20:00,503_positive_salami_diminish_wrongdoing
504,"cling, indistinguishable, pure, completely, different",3,2022-01-31 21:20:00,504_difference_indistinguishable_content...
505,"migraine, repetitive, answer, sale, details",1,2022-01-31 21:20:00,505_answer_gives_second_answers
507,"intertranslation, changes, locality, bill, 160",7,2022-01-31 21:20:00,507_changes_suggests_bill_intertranslati...
509,"committee, gaming, thank, unfavourable, job",6,2022-01-31 21:20:00,509_committee_thank_job_welfare
510,"prarkic, bonary, reopened, arisen, wants",5,2022-01-31 21:20:00,510_propose_respected_referred_affairs
511,"norwegians, norway, riksintresse, swedes, sweden",4,2022-01-31 21:20:00,511_norway_sweden_denmark_norwegians
512,"security, abused, national, purposeful, superpower",9,2022-01-31 21:20:00,512_security_national_abused_unchangeabl...
513,"civilian, casualties, victims, 096, targeting",9,2022-01-31 21:20:00,513_casualties_civilian_victims_deaths
514,"judgment, court, supreme, acquitted, district",4,2022-01-31 21:20:00,514_court_appealed_judgment_supreme
515,"minutes, renounces, ten, 93, allocated",3,2022-01-31 21:20:00,515_minutes_explanations_five_allocated
516,"decreasing, stages, increased, showed, town",3,2022-01-31 21:20:00,516_prosperity_developing_countries_popu...
517,"alone, loneliness, acknowledge, inadequacy, arrangements",1,2022-01-31 21:20:00,517_loneliness_isolation_lonely_cute
518,"response, minutes, cucca, corrado, tosato",3,2022-01-31 21:20:00,518_response_minutes_cucca_speak
519,"weather, swing, relied, eruptions, occurring",4,2022-01-31 21:20:00,519_weather_winter_snow_wintertime
521,"abouttheclimatics, thought, lot, bit, convenient",9,2022-01-31 21:20:00,521_thought_lot_playsheet_abouttheclimat...
522,"cables, cord, cable, migraine, negligible",2,2022-01-31 21:20:00,522_cables_cord_electrical_ground
523,"proportion, approval, contributes, percentages, greater",2,2022-01-31 21:20:00,523_contributes_proportion_approval_grea...
524,"smokers, recycling, undertaken, caution, marine",1,2022-01-31 21:20:00,524_waste_collection_accidentally_sea
525,"approve, annex, doesn, followed, senate",2,2022-01-31 21:20:00,525_approve_annex_doesn_followed
526,"please, respond, thank, much, realizes",7,2022-01-31 21:20:00,526_please_respond_thank_much
527,"nominal, simultaneous, tabled, text, refer",2,2022-01-31 21:20:00,527_nominal_simultaneous_tabled_text
528,"imagination, burdensome, wondering, drawn, wondered",3,2022-01-31 21:20:00,528_live_abroad_coercive_settle
529,"uh, no, well, brother, really",4,2022-01-31 21:20:00,529_uh_no_well_really
530,"68, article, constitution, queued, freedom",16,2022-01-31 21:20:00,530_68_constitution_article_applicabilit...
531,"151th, submitted, succeed, legislature, 151st",13,2022-01-31 21:20:00,531_151th_submitted_succeed_previously
532,"mistakes, fault, learn, repeat, mistake",2,2022-01-31 21:20:00,532_mistakes_mistake_learn_repeat
533,"covid, 31, cts, emergency, march",3,2022-01-31 21:20:00,533_emergency_covid_31_march
534,"thursday, pm, 24th, question, place",4,2022-01-31 21:20:00,534_thursday_question_place_presence
535,"unchanged, submitted, bill, now, agreeing",11,2022-01-31 21:20:00,535_unchanged_submitted_remain_bill
536,"littleness, laugh, joke, diplomacy, moments",1,2022-01-31 21:20:00,536_joke_jokes_humor_laugh
538,"honor, oxnadal, ancestor, reprehensible, contempt",2,2022-01-31 21:20:00,538_respect_honor_responds_disguised
539,"comments, minutes, approved, were, since",4,2022-01-31 21:20:00,539_comments_minutes_approved_were
540,"auschwitz, concentration, camps, memory, nazi",19,2022-01-31 21:20:00,540_auschwitz_nazi_concentration_memory
541,"remaining, amendments, lorefice, ffp2, wider",3,2022-01-31 21:20:00,541_remaining_amendments_foreclosed_set
542,"multicultural, counseling, facility, reception, site",9,2022-01-31 21:20:00,542_multicultural_reception_facility_cou...
543,"resources, question, big, always, get",2,2022-01-31 21:20:00,543_resources_enough_infinite_resource
545,"crown, crowns, liquid, bracelet, gang",8,2022-01-31 21:20:00,545_crown_crowns_gang_liquid
546,"camps, concentration, alika, died, jews",14,2022-01-31 21:20:00,546_camps_alika_died_concentration
547,"permission, says, disapproval, report, antibody",4,2022-01-31 21:20:00,547_permission_says_report_president
548,"hospital, growth, demographic, analyze, transferred",3,2022-01-31 21:20:00,548_hospital_hospitals_growth_expected
551,"cruces, line, southnes, holasannd, excitedly",3,2022-01-31 21:20:00,551_southnes_line_landsnet_kv
552,"representative, resolutions, motions, opinion, ask",4,2022-01-31 21:20:00,552_representative_motions_resolutions_o...
554,"answer, thank, senator, you, for",7,2022-01-31 21:20:00,554_answer_thank_senator_you
555,"refugees, climb, inhumane, torn, syria",5,2022-01-31 21:20:00,555_refugees_senator_reservation_derided
556,"murder, road, code, 589, guilt",22,2022-01-31 21:20:00,556_murder_road_code_589
557,"option, lack, compelled, analysis, statistical",6,2022-01-31 21:20:00,557_option_outset_lack_dissuade
558,"referral, functions, applies, sensitive, range",2,2022-01-31 21:20:00,558_hospital_patients_patient_providers
559,"directive, section, resource, agreed, accept",1,2022-01-31 21:20:00,559_agendas_agenda_accepted_accepts
560,"monument, impressive, entrance, drive, type",1,2022-01-31 21:20:00,560_monument_declaration_monuments_cultu...
562,"approve, annex, doesn, followed, senate",3,2022-01-31 21:20:00,562_approve_annex_doesn_followed
563,"declarations, argument, permit, critical, clear",3,2022-01-31 21:20:00,563_clear_avest_qa_really
564,"comment, representative, rapporteur, call, amendments",3,2022-01-31 21:20:00,564_comment_representative_rapporteur_am...
565,"pray, praying, payers, scallop, rock",3,2022-01-31 21:20:00,565_pray_scallop_writing_want
566,"ultrasound, virus, variant, disease, epidemic",9,2022-01-31 21:20:00,566_virus_ultrasound_variant_disease
567,"speech, thank, fine, senator, him",3,2022-01-31 21:20:00,567_speech_thank_senator_excellent
568,"league, profile, replacement, attentive, spain",4,2022-01-31 21:20:00,568_league_impediment_concessionaire_pro...
569,"caution, cautionary, countrymen, advised, movements",4,2022-01-31 21:20:00,569_caution_careful_slippage_cautionary
571,"box, sideds, stunning, liked, frame",10,2022-01-31 21:20:00,571_box_sideds_stunning_frame
572,"akureyri, university, responding, expand, studies",1,2022-01-31 21:20:00,572_akureyri_university_studies_technica...
573,"declare, open, general, discussion, special",1,2022-01-31 21:20:00,573_declare_open_discussion_general
574,"giarrusso, correction, tells, note, wrong",1,2022-01-31 21:20:00,574_voted_favour_mistake_vote
576,"agriculture, vallardi, colleagues, agri, firmly",8,2022-01-31 21:20:00,576_agriculture_vallardi_colleagues_unan...
577,"china, politologist, thucydides, alison, viatico",6,2022-01-31 21:20:00,577_china_chinese_aggressive_covid
578,"tabled, nominal, granato, identical, paragone",2,2022-01-31 21:20:00,578_nominal_tabled_identical_granato
579,"a4, tailor, discourages, course, remote",5,2022-01-31 21:20:00,579_course_a4_straighten_tempered
580,"justice, reassuring, accused, false, responded",3,2022-01-31 21:20:00,580_justice_institute_law_refuses
581,"registered, petris, she, de, speak",4,2022-01-31 21:20:00,581_registered_she_faggi_speak
582,"suggest, changes, agreed, gone, approved",2,2022-01-31 21:20:00,582_suggests_agreed_changes_outlined
583,"cake, normal, unusual, growing, nothing",2,2022-01-31 21:20:00,583_normal_unnatural_crazy_weird
584,"pop, good, ideas, turn, think",3,2022-01-31 21:20:00,584_idea_good_approach_think
585,"2016, security, national, coverages, magazines",4,2022-01-31 21:20:00,585_security_2016_national_policy
587,"microenergy, pensioner, pensioners, pensions, donors",3,2022-01-31 21:20:00,587_microenergy_pensioners_pension_age
590,"suicide, suicides, envision, kill, journey",3,2022-01-31 21:20:00,590_suicide_suicides_disease_47
592,"story, thank, much, secretary, boys",5,2022-01-31 21:20:00,592_story_thank_much_very
593,"sq, cemetery, square, feet, perhaps",1,2022-01-31 21:20:00,593_cemetery_ashes_buried_dead
594,"suicides, couldn, regardless, mental, close",1,2022-01-31 21:20:00,594_mental_health_explode_bells
595,"price, prices, rise, forwards, foresee",4,2022-01-31 21:20:00,595_price_prices_rises_bet
598,"treatments, treatment, therapies, specialist, postponed",5,2022-01-31 21:20:00,598_treatment_forbidden_treatments_micro...
599,"disease, screening, cancer, detection, unequal",2,2022-01-31 21:20:00,599_screening_stress_screenings_ease
600,"budget, chairman, secretary, thank, board",8,2022-01-31 21:20:00,600_budget_chairman_secretary_thank
601,"registered, binetti, biti, iwobi, speak",4,2022-01-31 21:20:00,601_binetti_registered_speak_biti
602,"declare, closed, debate, willingness, whom",4,2022-01-31 21:20:00,602_declare_closed_debate_willingness
603,"compare, spain, britain, elsewhere, germany",1,2022-01-31 21:20:00,603_compare_comparisons_comparison_clean
604,"enlisted, brollini, leo, she, moronese",3,2022-01-31 21:20:00,604_enlisted_she_speak_pirro
605,"big, deal, movie, platform, career",6,2022-01-31 21:20:00,605_big_deal_movie_town
606,"stress, mattarella, commitment, kept, extend",3,2022-01-31 21:20:00,606_commitment_stress_uniquely_clear
607,"meeting, night, means, lot, last",2,2022-01-31 21:20:00,607_meeting_eastfield_board_saturday
609,"regional, voyages, productive, stretching, geographically",5,2022-01-31 21:20:00,609_regions_stress_regional_lance
610,"efta, logical, court, esa, violates",2,2022-01-31 21:20:00,610_efta_court_logical_icesave
611,"decisively, modified, profoundly, amending, containing",1,2022-01-31 21:20:00,611_text_modified_amending_amendments
612,"legalization, instinct, migraine, heartfelt, ultimate",2,2022-01-31 21:20:00,612_legalization_legalize_legalized_bioa...
613,"corrected, speculi, correct, someone, eating",5,2022-01-31 21:20:00,613_corrected_correct_correction_grammat...
614,"hindered, encouraged, culture, access, always",1,2022-01-31 21:20:00,614_culture_classical_christian_commerci...
615,"poverty, grandfather, children, poor, grandmother",5,2022-01-31 21:20:00,615_poverty_children_poor_grandfather
616,"answer, yes, simple, repeat, short",4,2022-01-31 21:20:00,616_yes_answer_question_simple
617,"kazakhstan, bought, potatoes, fertile, cultures",3,2022-01-31 21:20:00,617_grain_ukraine_wheat_russia
618,"age, 26, education, parents, 18",1,2022-01-31 21:20:00,618_chores_child_age_old
620,"500, tabled, simultaneous, refer, rapporteur",1,2022-01-31 21:20:00,620_rapporteurs_tabled_roll_simultaneous
621,"winding, meetings, conference, obvious, rest",2,2022-01-31 21:20:00,621_conference_meetings_meeting_longer
622,"simplify, watch, company, open, try",1,2022-01-31 21:20:00,622_executives_managers_agents_managemen...
623,"described, proceed, examination, shall, amendments",1,2022-01-31 21:20:00,623_examination_described_proceed_shall
624,"afghanistan, taliban, evacuated, disordered, wretched",6,2022-01-31 21:20:00,624_afghanistan_taliban_americans_oversp...
625,"representative, call, government, stewards, texts",1,2022-01-31 21:20:00,625_representative_call_government_stewa...
626,"1st, 2nd, transport, suggest, environment",4,2022-01-31 21:20:00,626_1st_2nd_suggest_pointed
629,"cartelisation, state, fix, begin, started",3,2022-01-31 21:20:00,629_state_cartelisation_demonize_anymore
630,"proposal, synopsis, desirable, indicated, introduction",2,2022-01-31 21:20:00,630_proposal_engagement_submitted_forthi...
631,"substances, anaben, hormone, shadowy, organism",5,2022-01-31 21:20:00,631_substances_harmful_hormone_respirato...
633,"declaring, senators, quaestors, rare, her",2,2022-01-31 21:20:00,633_senators_opposing_abstain_accordingl...
635,"russa, malan, la, roll, ballot",6,2022-01-31 21:20:00,635_russa_la_malan_roll
636,"appeal, floridia, pisani, invite, secretary",2,2022-01-31 21:20:00,636_appeal_invite_secretary_proceed
637,"quint, formats, france, germany, italy",1,2022-01-31 21:20:00,637_france_french_italy_germany
638,"sacrifices, sacrifice, distinction, recognize, resilience",5,2022-01-31 21:20:00,638_sacrifice_sacrifices_repays_justifie...
639,"evolution, optimistic, indeed, today, how",1,2022-01-31 21:20:00,639_evolution_covid_correspondent_punish...
640,"prices, food, basket, toll, exceptions",3,2022-01-31 21:20:00,640_food_prices_groceries_sugar
642,"mantovani, 47, 10, following, buccarella",1,2022-01-31 21:20:00,642_10_buccarella_follow_11
643,"ecosolidal, announce, mixed, component, equal",3,2022-01-31 21:20:00,643_ecosolidal_announce_mixed_component
644,"coverage, require, suggests, technical, special",1,2022-01-31 21:20:00,644_require_minor_coverage_adjustments
646,"stress, fragile, abandoned, workers, category",2,2022-01-31 21:20:00,646_fragile_workers_extend_protection
647,"hospital, shapps, crimson, fleas, axi",1,2022-01-31 21:20:00,647_hospital_akureyri_backup_cornerstone
648,"pellegrini, sp, emanuele, az, psd",4,2022-01-31 21:20:00,648_pellegrini_emanuele_sp_az
651,"comments, minutes, approved, were, since",6,2022-01-31 21:20:00,651_comments_minutes_approved_were
653,"safe, safety, ambulances, passenger, realized",5,2022-01-31 21:20:00,653_safety_safe_safer_prevalent
655,"brakes, report, scores, ratings, groups",5,2022-01-31 21:20:00,655_report_ignored_review_professional
656,"distributed, 5th, standing, presidency, published",1,2022-01-31 21:20:00,656_distributed_5th_standing_presidency
657,"human, rights, faithful, backup, tears",4,2022-01-31 21:20:00,657_human_rights_violating_bathe
658,"parental, sensibilities, maternity, leave, discomfort",2,2022-01-31 21:20:00,658_parental_leave_paternity_employed
659,"vast, collaborative, overall, collaborators, guess",3,2022-01-31 21:20:00,659_stress_senator_minister_inquiring
660,"uv, patt, aut, svp, unterberger",2,2022-01-31 21:20:00,660_patt_uv_aut_svp
661,"predecessors, beating, copy, stone, settle",1,2022-01-31 21:20:00,661_highest_minister_learn_lawsuits
662,"aground, solve, alone, ran, spring",3,2022-01-31 21:20:00,662_cheating_senator_aground_šdisilgate
663,"roll, ballot, simultaneous, rule, refer",2,2022-01-31 21:20:00,663_roll_ballot_simultaneous_rule
664,"urine, smell, insecticides, preschoolers, insecticide",7,2022-01-31 21:20:00,664_smell_urine_insecticides_preschooler...
665,"ramburd, stuff, bicycle, scraping, scratch",7,2022-01-31 21:20:00,665_scratch_underneath_ramburd_crevice
666,"invited, serve, previously, she, assembly",2,2022-01-31 21:20:00,666_serve_invited_previously_assembly
667,"mourning, victims, proclaim, closeness, oversee",3,2022-01-31 21:20:00,667_victims_mourning_closeness_pain
668,"agree, agrees, greatly, totally, completely",6,2022-01-31 21:20:00,668_agree_agrees_everybody_couldn
669,"criticism, roundabout, quite, totally, idea",2,2022-01-31 21:20:00,669_criticism_criticize_criticist_rounda...
670,"linked, agency, works, together, management",1,2022-01-31 21:20:00,670_agency_checkbox_executing_naughty
671,"pay, pledge, pays, eat, receives",7,2022-01-31 21:20:00,671_pay_preconceiving_pays_pledge
674,"weight, lose, enduring, pounds, overweight",6,2022-01-31 21:20:00,674_weight_weights_pounds_lose
675,"disappearance, fermano, urano, lenoci, monte",4,2022-01-31 21:20:00,675_disappearance_rognoni_loved_his
676,"tailored, meanings, measures, specialized, generally",4,2022-01-31 21:20:00,676_measures_tailored_toolboxes_justifia...
678,"durnwalder, reading, gave, minutes, sitting",2,2022-01-31 21:20:00,678_durnwalder_reading_gave_minutes
680,"tunnel, tunnels, bridge, reykjavík, grafarvogi",14,2022-01-31 21:20:00,680_tunnel_tunnels_bridge_reykjavík
681,"balance, normal, back, matters, get",2,2022-01-31 21:20:00,681_balance_imbalance_balanced_finding
683,"rai, television, live, explanations, reply",2,2022-01-31 21:20:00,683_rai_television_spa_broadcasting
684,"improvisation, hostilities, defect, variation, trustees",2,2022-01-31 21:20:00,684_improvisation_never_argues_hostiliti...
685,"garnet, enlisted, she, speak, rauti",1,2022-01-31 21:20:00,685_garnet_enlisted_rauti_she
686,"oil, norwegian, jurisdiction, search, issued",6,2022-01-31 21:20:00,686_oil_search_jurisdiction_norwegian
687,"telephones, housekeeping, interiors, cafeteria, computer",2,2022-01-31 21:20:00,687_telephones_housekeeping_interiors_re...
688,"genitals, gonadal, chromosomes, gland, sexual",1,2022-01-31 21:20:00,688_sexual_autonomy_atypical_sexless
689,"answers, later, thank, senator, deposit",6,2022-01-31 21:20:00,689_answers_later_thank_senator
690,"authority, tabernacle, stolen, powder, phones",6,2022-01-31 21:20:00,690_authority_tabernacle_authoritativene...
691,"persian, affidavit, kári, guardians, dated",3,2022-01-31 21:20:00,691_persian_protection_kári_persians
693,"trident, destabilizing, visitor, depressed, torn",4,2022-01-31 21:20:00,693_trident_stubbornness_covid_decountin...
694,"induction, inevitably, reaction, delay, seeing",3,2022-01-31 21:20:00,694_induction_happen_desk_takes
697,"permission, goes, says, president, so",2,2022-01-31 21:20:00,697_permission_jesusko_marlins_president
698,"5th, 81, expressed, contrary, commission",5,2022-01-31 21:20:00,698_81_5th_expressed_contrary
699,"demonstrated, cooperation, strength, clearly, small",1,2022-01-31 21:20:00,699_cooperation_flows_exorcisms_prosperi...
700,"prime, morandi, 43, honour, thank",2,2022-01-31 21:20:00,700_prime_thank_answers_answer
701,"project, grades, management, groups, appointing",6,2022-01-31 21:20:00,701_project_management_grades_profession...
702,"predisposition, deaf, barely, blind, sensitivity",3,2022-01-31 21:20:00,702_deaf_listen_ears_imprudently
704,"reevaluates, community, constantly, recognize, sadly",4,2022-01-31 21:20:00,704_community_stress_reevaluates_beware
705,"oil, burned, factory, quarts, tons",7,2022-01-31 21:20:00,705_oil_burned_diesel_tons
-1,"hospital, covid, it, we, this",19529,2022-03-01 18:40:00,-1_hospital_covid_stress_disease
0,"european, union, europe, nato, defence",636,2022-03-01 18:40:00,0_european_europe_union_nato
1,"paritaprevir, daughter, son, ingi, helgadóttir",449,2022-03-01 18:40:00,1_paritaprevir_son_ingi_daughter
2,"ukraine, russia, russian, ukrainian, invasion",554,2022-03-01 18:40:00,2_ukraine_russia_russian_putin
3,"italy, italians, italian, brothers, europe",218,2022-03-01 18:40:00,3_italy_italians_italian_brothers
4,"iceland, icelandic, icelanders, involvement, international",435,2022-03-01 18:40:00,4_iceland_icelandic_icelanders_internati...
5,"epidemic, covid, virus, pandemic, disease",276,2022-03-01 18:40:00,5_epidemic_covid_virus_pandemic
6,"housing, apartments, rent, apartment, prices",401,2022-03-01 18:40:00,6_housing_rent_apartments_apartment
7,"energy, electricity, exchange, renewables, renewable",226,2022-03-01 18:40:00,7_energy_electricity_exchange_renewable
8,"bank, banks, banking, office, sale",247,2022-03-01 18:40:00,8_bank_banks_banking_office
9,"fishing, fish, coastal, beach, hook",186,2022-03-01 18:40:00,9_fishing_fish_coastal_marine
10,"minister, ministers, ministry, highest, answer",229,2022-03-01 18:40:00,10_minister_ministers_ministry_highest
11,"school, education, university, students, study",106,2022-03-01 18:40:00,11_school_education_students_teachers
12,"bill, bills, articles, think, this",213,2022-03-01 18:40:00,12_bill_bills_articles_think
13,"budget, financial, program, budgets, policy",131,2022-03-01 18:40:00,13_financial_budget_program_policy
14,"government, governments, responsibility, responsible, does",159,2022-03-01 18:40:00,14_government_governments_trust_does
15,"justice, judiciary, guilty, principles, defendant",26,2022-03-01 18:40:00,15_judiciary_magistrates_justice_judicia...
16,"telecommunications, internet, communications, security, network",374,2022-03-01 18:40:00,16_telecommunications_internet_communica...
17,"sport, sports, activity, psychophysical, sporting",298,2022-03-01 18:40:00,17_sport_sports_activity_psychophysical
18,"senator, why, ask, question, what",175,2022-03-01 18:40:00,18_senator_why_ask_question
19,"approves, annex, followed, senate, see",40,2022-03-01 18:40:00,19_approves_annex_followed_senate
20,"water, drought, irpino, calore, gesesa",31,2022-03-01 18:40:00,20_water_drought_irrigation_outflow
21,"tax, taxes, income, taxation, credits",63,2022-03-01 18:40:00,21_tax_taxes_income_taxation
22,"bank, iceland, banks, sales, icelandic",176,2022-03-01 18:40:00,22_bank_iceland_banks_sales
23,"refugees, refugee, reception, welcome, flee",100,2022-03-01 18:40:00,23_refugees_refugee_welcome_fleeing
24,"discussion, conversation, discuss, talk, interesting",151,2022-03-01 18:40:00,24_discussion_discuss_conversation_inter...
25,"mental, health, hospital, psychological, services",76,2022-03-01 18:40:00,25_mental_health_hospital_services
26,"investors, sale, qualified, professional, sold",151,2022-03-01 18:40:00,26_investors_sale_qualified_sold
27,"artists, art, artist, musicians, music",243,2022-03-01 18:40:00,27_artists_art_artist_musicians
28,"council, here, members, case, hall",166,2022-03-01 18:40:00,28_council_here_members_hall
29,"nursing, older, elderly, home, hospital",187,2022-03-01 18:40:00,29_nursing_older_elderly_home
30,"thank, rapporteurs, commission, mr, undersecretary",96,2022-03-01 18:40:00,30_thank_rapporteurs_commission_mr
31,"mr, president, madam, speech, ladies",109,2022-03-01 18:40:00,31_mr_madam_president_speech
32,"pension, pensioner, fund, pensions, pensioners",74,2022-03-01 18:40:00,32_pension_fund_pensions_funds
33,"rural, society, communities, areas, income",96,2022-03-01 18:40:00,33_rural_society_communities_areas
34,"women, violence, woman, men, girls",48,2022-03-01 18:40:00,34_women_violence_men_perpetrators
35,"election, elections, votes, voter, district",228,2022-03-01 18:40:00,35_election_elections_electoral_votes
36,"inflation, rising, covid, growth, harshest",132,2022-03-01 18:40:00,36_inflation_rising_growth_prices
37,"covid, vaccines, vaccine, vaccination, vaccinated",122,2022-03-01 18:40:00,37_vaccine_vaccination_covid_vaccines
38,"highest, minister, secretary, ministers, finance",113,2022-03-01 18:40:00,38_highest_minister_secretary_finance
39,"explanation, speak, ask, vote, you",60,2022-03-01 18:40:00,39_explanation_speak_ask_vote
40,"disabled, disability, persons, crutches, impairment",52,2022-03-01 18:40:00,40_disabled_disability_persons_impairmen...
41,"she, her, herself, ll, epidemic",105,2022-03-01 18:40:00,41_she_her_herself_ll
42,"farmers, agriculture, agricultural, farm, production",102,2022-03-01 18:40:00,42_farmers_agriculture_agricultural_prod...
43,"laws, law, code, favorite, think",100,2022-03-01 18:40:00,43_laws_law_these_breaking
44,"cars, car, vehicles, electric, buy",35,2022-03-01 18:40:00,44_cars_electric_vehicles_car
45,"thank, senator, you, want, inquiry",87,2022-03-01 18:40:00,45_thank_senator_you_want
46,"draghi, president, your, mr, laces",42,2022-03-01 18:40:00,46_draghi_president_your_mario
47,"hospital, land, management, hospitals, director",169,2022-03-01 18:40:00,47_hospital_land_hospitals_management
48,"parliament, parliamentary, delegate, stress, members",46,2022-03-01 18:40:00,48_parliament_parliamentary_parliamentar...
49,"climate, goals, change, climates, stress",53,2022-03-01 18:40:00,49_climate_change_goals_climates
50,"independence, party, left, green, forwarding",84,2022-03-01 18:40:00,50_independence_party_left_green
51,"movimento, stars, star, movement, favour",48,2022-03-01 18:40:00,51_movimento_stars_star_movement
52,"municipalities, secretaries, municipal, mayors, mayor",36,2022-03-01 18:40:00,52_municipalities_mayors_mayor_local
53,"health, minister, highest, disease, hospital",99,2022-03-01 18:40:00,53_health_disease_minister_highest
54,"road, transport, roads, transportation, traffic",37,2022-03-01 18:40:00,54_transport_road_transportation_roads
55,"labour, labor, workers, movement, unions",27,2022-03-01 18:40:00,55_labour_unions_labor_workers
56,"energy, iceland, climate, fossil, 2040",53,2022-03-01 18:40:00,56_iceland_energy_climate_emissions
57,"decree, conversion, law, decrees, convert",72,2022-03-01 18:40:00,57_decree_law_conversion_aid
58,"finance, secretary, financial, highest, ministry",52,2022-03-01 18:40:00,58_finance_secretary_financial_highest
59,"sweden, finland, nato, arctic, baltic",30,2022-03-01 18:40:00,59_sweden_finland_nato_atlantic
60,"accountant, internal, accounting, findings, burkraa",10,2022-03-01 18:40:00,60_accountant_accounting_state_research
61,"tourism, tourists, tourist, travel, flight",32,2022-03-01 18:40:00,61_tourism_tourists_tourist_travel
62,"pnrr, reform, crucial, reforms, implementation",35,2022-03-01 18:40:00,62_pnrr_reform_reforms_objectives
63,"virus, wild, swine, fever, disease",230,2022-03-01 18:40:00,63_virus_wild_swine_fever
64,"committee, committees, consider, hospital, hope",35,2022-03-01 18:40:00,64_committee_committees_study_opinion
65,"nicotine, pads, smoking, products, cigarettes",196,2022-03-01 18:40:00,65_nicotine_pads_smoking_products
66,"queer, gay, people, rights, sexual",122,2022-03-01 18:40:00,66_queer_gay_people_rights
67,"cancer, disease, screening, oncology, breast",49,2022-03-01 18:40:00,67_cancer_oncology_disease_screening
68,"media, radio, journalists, commercial, press",109,2022-03-01 18:40:00,68_media_radio_journalists_press
69,"transport, environment, committee, environmental, committees",49,2022-03-01 18:40:00,69_transport_environment_committee_envir...
70,"hv, senator, mentions, spoke, asks",49,2022-03-01 18:40:00,70_hv_senator_asks_disease
71,"salary, pay, remuneration, wage, lowest",35,2022-03-01 18:40:00,71_wage_salary_pay_remuneration
72,"refugees, ukraine, ukrainian, fled, reception",80,2022-03-01 18:40:00,72_refugees_ukraine_ukrainian_reception
73,"withdrawn, amendments, amendment, been, 17",33,2022-03-01 18:40:00,73_withdrawn_amendments_amendment_17
74,"discrimination, equal, regardless, equality, unchanging",14,2022-03-01 18:40:00,74_discrimination_race_ethnic_equal
75,"his, he, him, man, marked",16,2022-03-01 18:40:00,75_his_he_him_man
76,"contracts, contract, lots, works, 172",26,2022-03-01 18:40:00,76_contracts_172_contract_pay
77,"closed, debate, president, fdi, sp",31,2022-03-01 18:40:00,77_closed_debate_fdi_president
78,"welfare, committee, suggest, hope, matter",44,2022-03-01 18:40:00,78_welfare_committee_suggest_referred
79,"thank, thanking, minister, prime, start",53,2022-03-01 18:40:00,79_thank_thanking_minister_prime
80,"peace, diplomacy, peaceful, war, diplomatic",45,2022-03-01 18:40:00,80_peace_diplomacy_diplomatic_war
81,"rolls, boat, ship, ships, boats",33,2022-03-01 18:40:00,81_ships_ship_boat_sailors
82,"ballot, tabled, simultaneous, refer, senators",15,2022-03-01 18:40:00,82_ballot_tabled_simultaneous_refer
83,"police, officers, enforcement, punishment, cameras",44,2022-03-01 18:40:00,83_police_officers_enforcement_officer
84,"drugs, drug, addiction, addicts, abuse",48,2022-03-01 18:40:00,84_drugs_drug_addiction_abuse
85,"generals, generalis, respect, agent, general",63,2022-03-01 18:40:00,85_generals_generalis_general_respect
86,"gas, russia, russian, pipeline, dependence",69,2022-03-01 18:40:00,86_gas_russia_russian_dependence
87,"months, extended, extension, 12, six",43,2022-03-01 18:40:00,87_deadline_extended_extension_2022
88,"respectable, president, dignified, technic, icon",43,2022-03-01 18:40:00,88_respectable_president_dignified_yes
89,"prison, prisons, prisoners, guards, prisoner",37,2022-03-01 18:40:00,89_prison_prisons_prisoners_prisoner
90,"suspend, sitting, until, suspended, resume",28,2022-03-01 18:40:00,90_suspend_sitting_resume_suspended
91,"director, directors, board, responsible, management",98,2022-03-01 18:40:00,91_directors_director_board_management
92,"food, icelandic, agriculture, production, iceland",40,2022-03-01 18:40:00,92_food_icelandic_agriculture_production
93,"percent, stress, increase, percentages, 99",26,2022-03-01 18:40:00,93_percent_increase_ratio_60
94,"park, brefjordur, parks, brefjörður, searides",5,2022-03-01 18:40:00,94_park_lake_parks_bay
95,"environmental, digrification, soil, condent, assessment",4,2022-03-01 18:40:00,95_environmental_assessment_assessments_...
96,"forza, italia, berlusconi, afar, favour",20,2022-03-01 18:40:00,96_forza_italia_berlusconi_udc
97,"food, security, covid, production, domestic",55,2022-03-01 18:40:00,97_food_production_security_covid
98,"democracy, democracies, democratic, dictatorships, autocratic",42,2022-03-01 18:40:00,98_democracy_democracies_dictatorships_d...
99,"alcohol, beer, store, liquor, alcoholic",40,2022-03-01 18:40:00,99_alcohol_alcoholic_beer_liquor
100,"italian, italy, energy, gas, electricity",43,2022-03-01 18:40:00,100_italy_energy_italian_gas
101,"regressive, car, taxi, cab, covid",6,2022-03-01 18:40:00,101_cab_taxi_drivers_driver
102,"measure, measures, measuring, covid, insufficient",34,2022-03-01 18:40:00,102_measure_measures_measuring_stress
103,"activations, activation, preemptives, accelerator, mws",6,2022-03-01 18:40:00,103_activation_activations_options_optio...
104,"enforcation, skiing, regiment, sunday, gísli",3,2022-03-01 18:40:00,104_alpine_alps_alpines_corps
105,"sponsored, counter, thank, senator, you",38,2022-03-01 18:40:00,105_sponsored_counter_thank_senator
106,"security, social, system, trap, poverty",32,2022-03-01 18:40:00,106_security_social_system_review
107,"thank, discussion, want, advocate, you",41,2022-03-01 18:40:00,107_thank_discussion_want_you
108,"numbers, statistics, number, 112, averages",34,2022-03-01 18:40:00,108_numbers_statistics_average_number
109,"care, health, professionals, doctors, medical",36,2022-03-01 18:40:00,109_care_health_professionals_doctors
110,"airport, flight, niceair, airfields, cheflavour",7,2022-03-01 18:40:00,110_airport_flight_air_airports
111,"sea, seabed, ocean, oceanographers, snorkel",10,2022-03-01 18:40:00,111_sea_marine_seabed_ocean
112,"changed, turned, eyes, illusion, change",33,2022-03-01 18:40:00,112_changed_gonna_turned_change
113,"draft, deputies, law, chamber, consideration",15,2022-03-01 18:40:00,113_draft_law_deputies_consideration
114,"infrastructure, building, infrastructures, capital, area",31,2022-03-01 18:40:00,114_infrastructure_building_area_capital
115,"question, answer, answers, don, answered",41,2022-03-01 18:40:00,115_question_answers_answer_questions
116,"child, educated, helpline, transgroup, scope",6,2022-03-01 18:40:00,116_child_welfare_protection_children
117,"waiting, list, lists, wait, covid",21,2022-03-01 18:40:00,117_waiting_list_lists_wait
118,"competition, consumers, interests, monopoly, consumer",31,2022-03-01 18:40:00,118_competition_consumers_market_interes...
119,"protection, aside, international, embrace, chooses",6,2022-03-01 18:40:00,119_protection_international_candidates_...
120,"salmon, fishing, fish, farms, iceland",21,2022-03-01 18:40:00,120_fish_fishing_tuna_salmon
121,"grasshoppers, aliens, absent, near, missing",2,2022-03-01 18:40:00,121_bees_honey_beekeepers_beekeeping
122,"possible, pacifist, done, wouldn, rods",33,2022-03-01 18:40:00,122_possible_done_easy_impossible
123,"nouri, model, score, food, label",3,2022-03-01 18:40:00,123_score_diet_nutri_labelling
124,"report, scrawl, read, reviews, posting",28,2022-03-01 18:40:00,124_report_reviews_reports_review
125,"tunnel, bridge, sunway, bridges, vg",12,2022-03-01 18:40:00,125_tunnel_bridge_sunway_tunnels
126,"history, learn, lessons, lesson, preserving",34,2022-03-01 18:40:00,126_history_learn_lesson_lessons
127,"favour, measure, vote, resolution, propulsive",15,2022-03-01 18:40:00,127_favour_vote_measure_resolution
128,"politics, don, know, derogating, knocks",11,2022-03-01 18:40:00,128_politics_political_stress_blackmail
129,"restaurants, communities, secondary, throughout, powerful",1,2022-03-01 18:40:00,129_restaurants_restaurant_opening_cater...
130,"system, installed, piecesy, frankenstein, faulty",21,2022-03-01 18:40:00,130_system_systems_defective_wrong
131,"invite, proceed, examination, shall, intended",6,2022-03-01 18:40:00,131_examination_proceed_invite_represent...
132,"superbonus, 110, bonuses, bonus, fraud",27,2022-03-01 18:40:00,132_superbonus_110_bonuses_bonus
133,"permission, says, president, withauthority, healthtech",26,2022-03-01 18:40:00,133_permission_says_president_withauthor...
134,"wind, windmills, turbin, sandstorm, airflow",8,2022-03-01 18:40:00,134_wind_power_windmills_frame
135,"masks, ffp2, mask, disease, asbestos",7,2022-03-01 18:40:00,135_masks_mask_ffp2_obligation
136,"divorce, fifth, marriage, instituted, release",5,2022-03-01 18:40:00,136_marriage_divorce_married_wedding
137,"amendment, withdraw, withdrawal, amendments, opposed",17,2022-03-01 18:40:00,137_withdraw_amendment_amendments_withdr...
138,"growth, cake, bigger, speculative, unemployment",24,2022-03-01 18:40:00,138_growth_unemployment_economic_rebound
139,"animals, animal, veterinary, veterinarian, welfare",38,2022-03-01 18:40:00,139_animals_animal_veterinary_medicinal
140,"hours, 24, irregular, shift, laboratory",5,2022-03-01 18:40:00,140_hours_rest_stress_shift
141,"contracting, stations, contracts, procurement, code",57,2022-03-01 18:40:00,141_contracting_procurement_stations_con...
142,"responsibility, responsible, responsibilities, blame, thumbs",29,2022-03-01 18:40:00,142_responsibility_responsible_responsib...
143,"protested, protests, casapound, activism, militants",9,2022-03-01 18:40:00,143_protesters_demonstrations_police_pro...
144,"data, storage, personal, communications, information",49,2022-03-01 18:40:00,144_data_personal_information_storage
145,"sexual, abuse, violence, domestic, victims",19,2022-03-01 18:40:00,145_violence_abuse_sexual_domestic
146,"registered, speak, senator, boldrini, gallone",27,2022-03-01 18:40:00,146_registered_speak_senator_modena
147,"euros, eur, million, billion, allocated",25,2022-03-01 18:40:00,147_eur_euros_allocated_billion
148,"emergency, 911, supplies, emergencies, folder",24,2022-03-01 18:40:00,148_emergency_emergencies_exceptional_91...
149,"ukraine, ukrainian, italy, zelensky, italian",19,2022-03-01 18:40:00,149_italy_ukrainian_ukraine_italian
150,"meeting, audited, guests, reviews, visitors",6,2022-03-01 18:40:00,150_visitors_guests_discussed_received
151,"investment, investments, investing, crusty, reinvestmenting",12,2022-03-01 18:40:00,151_investment_investments_invest_invest...
152,"trust, straightforward, placed, trustworthy, mistrust",14,2022-03-01 18:40:00,152_trust_broken_rebuild_glue
153,"resumed, suspended, sitting, 12, at",15,2022-03-01 18:40:00,153_resumed_suspended_sitting_12
154,"insurance, scandal, insurances, covers, surveyor",17,2022-03-01 18:40:00,154_insurance_companies_company_pencils
155,"goals, goal, se, ambitious, lofty",18,2022-03-01 18:40:00,155_goals_ambitious_reach_goal
156,"reforms, reform, reliefs, paradigm, judged",4,2022-03-01 18:40:00,156_reform_reforms_stress_majority
157,"g1, agenda, favour, 102, 101",9,2022-03-01 18:40:00,157_agenda_g1_favour_mr
158,"minute, reminds, speakers, speaking, speech",23,2022-03-01 18:40:00,158_reminds_minute_speakers_speech
159,"nurses, hospital, stress, facility, 000",22,2022-03-01 18:40:00,159_nurses_hospital_stress_doctors
160,"hospital, insurance, health, iceland, care",25,2022-03-01 18:40:00,160_insurance_hospital_health_iceland
161,"enlisted, speak, he, senator, perosino",17,2022-03-01 18:40:00,161_enlisted_speak_he_senator
162,"permit, job, licenses, employment, humanitarian",8,2022-03-01 18:40:00,162_permit_employment_job_patent
163,"colleagues, earphones, silence, voice, gracefully",11,2022-03-01 18:40:00,163_colleagues_silence_voice_volume
164,"challenge, challenges, appropriately, challenging, tools",10,2022-03-01 18:40:00,164_challenges_challenge_challenging_fac...
165,"enlisted, speak, senator, arrigoni, gasparri",21,2022-03-01 18:40:00,165_enlisted_speak_senator_arrigoni
166,"rules, rule, purpose, regulations, follow",23,2022-03-01 18:40:00,166_rules_rule_regulations_purpose
167,"africa, nigeria, ethiopia, sudan, yemen",13,2022-03-01 18:40:00,167_nigeria_africa_niger_city
168,"session, meet, agenda, following, wednesday",13,2022-03-01 18:40:00,168_session_agenda_meet_following
169,"help, disease, spoon, knife, weakest",18,2022-03-01 18:40:00,169_help_spoon_knife_compassion
170,"women, gender, men, innovation, variable",15,2022-03-01 18:40:00,170_women_men_gender_sexes
171,"81, 5th, contrary, roll, requested",18,2022-03-01 18:40:00,171_81_5th_contrary_roll
172,"architectural, roman, testimony, grandeur, magnificence",4,2022-03-01 18:40:00,172_parma_regio_teatro_verdi
173,"agree, senator, what, multiethnic, with",22,2022-03-01 18:40:00,173_agree_senator_completely_what
174,"better, do, berchidda, doing, pistoia",23,2022-03-01 18:40:00,174_better_do_we_need
175,"roll, call, simultaneous, tabled, refer",5,2022-03-01 18:40:00,175_roll_tabled_simultaneous_call
177,"pope, francis, action, today, assisi",1,2022-03-01 18:40:00,177_francis_assisi_st_saint
178,"mediation, proudly, values, consciously, beauties",9,2022-03-01 18:40:00,178_solidarity_mediation_cohesion_togeth...
179,"council, president, office, members, chairmanship",21,2022-03-01 18:40:00,179_council_office_president_adjective
180,"commission, contemporanator, worked, lowest, contentious",19,2022-03-01 18:40:00,180_commission_stress_constructive_agree...
181,"cost, costs, transmitter, money, sledgehammer",17,2022-03-01 18:40:00,181_cost_expensive_costs_gonna
182,"frame, plan, tightening, separately, complete",6,2022-03-01 18:40:00,182_frame_plan_stage_fourth
183,"closed, sitting, agenda, 18, closing",11,2022-03-01 18:40:00,183_closed_sitting_agenda_see
184,"organic, farming, agriculture, farm, production",35,2022-03-01 18:40:00,184_organic_farming_fork_farm
185,"mafia, appetites, stress, illicit, organised",5,2022-03-01 18:40:00,185_mafia_foggia_anti_mafias
186,"rapporteur, call, senator, cioffi, damiani",17,2022-03-01 18:40:00,186_rapporteur_call_senator_alfonso
187,"documents, forwarded, questions, 34, motions",10,2022-03-01 18:40:00,187_documents_forwarded_questions_34
188,"presidency, note, authorizes, takes, authorise",20,2022-03-01 18:40:00,188_presidency_authorizes_authorise_note
189,"uncertainty, solution, solutions, solved, guessing",12,2022-03-01 18:40:00,189_uncertainty_solutions_solved_solutio...
190,"absent, assignment, communications, leave, published",10,2022-03-01 18:40:00,190_absent_assignment_communications_lea...
191,"pass, green, super, strengthened, vaccination",24,2022-03-01 18:40:00,191_pass_green_super_strengthened
192,"billion, remembers, paintings, millions, 2035",11,2022-03-01 18:40:00,192_billion_millions_100_hundreds
193,"against, uguali, abstain, reasons, voting",7,2022-03-01 18:40:00,193_abstain_against_abstention_vote
194,"nvidia, companies, company, unable, chips",9,2022-03-01 18:40:00,194_companies_company_epidemic_covid
195,"approve, annex, doesn, followed, senate",7,2022-03-01 18:40:00,195_approve_annex_doesn_followed
196,"matteotti, bartali, politica, proposta, deserves",6,2022-03-01 18:40:00,196_matteotti_giacomo_socialist_1924
197,"corruption, corrupt, transparency, grandfather, anxious",3,2022-03-01 18:40:00,197_corruption_bribes_bribe_bribery
198,"way, supposed, happening, doesn, sucks",27,2022-03-01 18:40:00,198_way_supposed_happens_happening
199,"plan, operation, plans, ambitious, epoch",20,2022-03-01 18:40:00,199_plan_plans_operation_fashioned
200,"g1, accepted, agenda, having, text",10,2022-03-01 18:40:00,200_accepted_agenda_g9_having
201,"money, smoketown, patting, funds, helicopters",21,2022-03-01 18:40:00,201_money_funds_spent_guns
202,"romana, gasperi, maria, de, alcide",46,2022-03-01 18:40:00,202_romana_maria_gasperi_de
203,"trapani, transmitted, giovanardi, antimafia, rome",7,2022-03-01 18:40:00,203_giovanardi_renzi_68_giarrusso
204,"wood, land, shallow, cretic, rushing",14,2022-03-01 18:40:00,204_wood_land_shallow_forestry
205,"arch, trajan, benevento, traiano, monument",68,2022-03-01 18:40:00,205_arch_trajan_benevento_traiano
206,"quarter, gas, credit, incurred, electricity",19,2022-03-01 18:40:00,206_quarter_credit_gas_incurred
207,"roll, simultaneous, tabled, refer, commissions",7,2022-03-01 18:40:00,207_roll_simultaneous_tabled_refer
208,"reykjavík, city, reykjavíkurburg, move, capital",15,2022-03-01 18:40:00,208_reykjavík_city_airport_capital
209,"policy, develop, ruined, strategy, gold",10,2022-03-01 18:40:00,209_policy_policies_plan_miss
210,"recommend, hereby, legalize, correct, laws",9,2022-03-01 18:40:00,210_recommend_hereby_legalize_correct
211,"blood, transfusion, transfusions, donate, thalassemics",5,2022-03-01 18:40:00,211_blood_transfusion_transfusions_donat...
212,"billion, estimated, million, 185, 400",14,2022-03-01 18:40:00,212_billion_estimated_million_cost
213,"science, experts, biological, nested, tendentious",8,2022-03-01 18:40:00,213_science_scientists_scientific_expert...
214,"oral, carry, requested, authorisation, rapporteur",9,2022-03-01 18:40:00,214_oral_carry_authorisation_requested
215,"language, languages, fourfold, geologic, worlds",12,2022-03-01 18:40:00,215_language_languages_english_linguists
216,"accepted, comments, request, made, were",9,2022-03-01 18:40:00,216_accepted_comments_request_made
217,"amendment, proceed, shall, reworded, 37",3,2022-03-01 18:40:00,217_proceed_shall_amendment_vote
218,"crisis, recession, economic, penalise, midst",9,2022-03-01 18:40:00,218_crisis_economic_crises_economy
219,"explain, minutes, three, question, falco",9,2022-03-01 18:40:00,219_explain_minutes_three_question
220,"amendment, amendments, rejected, tabled, salivary",11,2022-03-01 18:40:00,220_amendment_amendments_rejected_tabled
221,"rapporteur, agenda, representative, comment, rapporteurs",9,2022-03-01 18:40:00,221_rapporteur_representative_comment_ag...
222,"rosary, pagans, back, andrés, members",3,2022-03-01 18:40:00,222_rosary_back_me_put
223,"approve, annex, doesn, followed, senate",5,2022-03-01 18:40:00,223_approve_annex_doesn_followed
224,"nuclear, weapons, npt, disarmament, powers",29,2022-03-01 18:40:00,224_nuclear_weapons_npt_disarmament
225,"reality, cartoon, situation, imagination, face",17,2022-03-01 18:40:00,225_reality_fantasy_situation_face
226,"ciriani, split, requested, balboni, ballot",1,2022-03-01 18:40:00,226_balboni_ciriani_ballot_simultaneous
227,"synonym, proposed, consenting, contraception, apheresis",14,2022-03-01 18:40:00,227_synonym_proposed_form_proposal
228,"rule, 31, roll, simultaneous, refer",3,2022-03-01 18:40:00,228_rule_roll_simultaneous_refer
229,"81, 5th, contrary, requested, tabled",4,2022-03-01 18:40:00,229_81_5th_contrary_requested
230,"organic, pantelleria, agri, italian, italy",36,2022-03-01 18:40:00,230_organic_agri_pantelleria_italy
231,"easy, simple, digging, lacked, inexpensive",13,2022-03-01 18:40:00,231_easy_simple_stress_reconstruction
232,"invitation, successful, invitations, proponents, postwar",18,2022-03-01 18:40:00,232_invitation_successful_invitations_cl...
233,"sanctions, russia, against, insist, oligarchs",16,2022-03-01 18:40:00,233_sanctions_russia_oligarchs_against
234,"disasters, earthquake, shock, symmetric, irpinia",6,2022-03-01 18:40:00,234_disasters_natural_disaster_earthquak...
235,"presidents, proceedings, 55, schedule, vice",12,2022-03-01 18:40:00,235_presidents_proceedings_55_vice
236,"ttf, gas, price, futures, dutch",21,2022-03-01 18:40:00,236_gas_ttf_price_dutch
237,"267, organists, million, locations, 58",9,2022-03-01 18:40:00,237_000_no_2018_number
238,"apartments, reykjavík, housing, apartment, prices",41,2022-03-01 18:40:00,238_reykjavík_apartments_housing_apartme...
239,"example, explanation, guesswork, frank, examples",10,2022-03-01 18:40:00,239_examples_example_explanation_give
240,"record, thank, senator, answer, touchy",20,2022-03-01 18:40:00,240_thank_record_senator_answer
241,"pursuant, 113, rule, procedure, accepted",9,2022-03-01 18:40:00,241_pursuant_113_accepted_procedure
242,"retabled, understands, accepts, competition, draft",1,2022-03-01 18:40:00,242_competition_draft_law_pnrr
243,"ters, rearrange, cc, leaked, rationalise",6,2022-03-01 18:40:00,243_changes_change_simplification_order
244,"freedom, tomovedoutthesubject, thoughtlessness, freedoms, enjoy",15,2022-03-01 18:40:00,244_freedom_free_freedoms_obstacle
245,"priorities, priority, primacy, risky, set",16,2022-03-01 18:40:00,245_priorities_priority_stress_setting
246,"ministers, minister, answer, industrial, culture",16,2022-03-01 18:40:00,246_ministers_minister_prime_answer
248,"foreigners, míla, repugnant, migratory, laws",3,2022-03-01 18:40:00,248_foreigners_immigrants_alien_laws
249,"armed, forces, rearming, mortifying, capabilities",6,2022-03-01 18:40:00,249_armed_forces_military_tasks
251,"speech, my, second, talk, points",14,2022-03-01 18:40:00,251_speech_my_second_talk
252,"children, sturdles, interests, heed, child",8,2022-03-01 18:40:00,252_children_child_interests_kids
253,"dissent, explanation, speak, group, ask",11,2022-03-01 18:40:00,253_dissent_explanation_group_speak
254,"floor, note, give, take, you",11,2022-03-01 18:40:00,254_floor_note_give_take
255,"mental, garðatown, breiðholti, distressing, psychological",3,2022-03-01 18:40:00,255_mental_hospital_health_iceland
256,"interceptions, siri, conversations, random, interception",27,2022-03-01 18:40:00,256_interceptions_siri_seizure_intercept...
257,"2nd, suggest, referred, business, andwhat",11,2022-03-01 18:40:00,257_2nd_suggest_referred_business
258,"film, covid, eistar, movie, parade",5,2022-03-01 18:40:00,258_film_filmmaking_movie_industry
259,"innovation, resourceful, orient, technology, invent",11,2022-03-01 18:40:00,259_innovation_technology_solutions_rese...
260,"letter, written, request, query, þórsdóttir",18,2022-03-01 18:40:00,260_letter_written_request_received
261,"milk, meat, dairy, livestock, products",7,2022-03-01 18:40:00,261_milk_meat_industry_dairy
262,"song, songs, lyrics, mellow, beat",12,2022-03-01 18:40:00,262_song_mellow_songs_lyrics
263,"negotiations, agreement, bgret, beehive, dump",9,2022-03-01 18:40:00,263_agreement_negotiations_conditions_ag...
265,"text, amendment, favour, 3000, reword",5,2022-03-01 18:40:00,265_text_favour_amendment_am
266,"privileges, debt, paying, reduce, could",2,2022-03-01 18:40:00,266_debt_2026_collection_stop
267,"minutes, sitting, secretary, read, giro",8,2022-03-01 18:40:00,267_minutes_sitting_secretary_giro
268,"dental, teeth, dentists, children, treatment",45,2022-03-01 18:40:00,268_dental_teeth_dentists_children
269,"flavors, flavor, taste, fruit, candy",50,2022-03-01 18:40:00,269_flavors_flavor_taste_fruit
270,"red, cross, hornbeam, spokesmen, shoot",4,2022-03-01 18:40:00,270_red_cross_contract_hornbeam
271,"nullifying, oblige, affiliated, pilots, no",13,2022-03-01 18:40:00,271_no_requirement_foreboding_kaläl
272,"cyp3a4, dosing, contra, inhibition, iter",5,2022-03-01 18:40:00,272_bioavailability_cyp3a4_medicinal_pha...
273,"young, girl, dancer, youths, vocabulary",9,2022-03-01 18:40:00,273_young_youths_youth_people
274,"mind, banism, keep, bear, ponder",13,2022-03-01 18:40:00,274_keep_mind_eye_impulsive
275,"rapporteur, call, therefore, knows, activity",6,2022-03-01 18:40:00,275_rapporteur_call_therefore_rojc
276,"caizzone, antitrust, prosecutor, federconsumeri, gatti",4,2022-03-01 18:40:00,276_prosecutor_magistrates_court_rome
277,"list, lists, information, inquire, he",17,2022-03-01 18:40:00,277_list_lists_he_information
278,"rapporteur, agree, mr, president, with",1,2022-03-01 18:40:00,278_rapporteur_agree_mr_president
279,"immediately, action, quickly, act, immediate",17,2022-03-01 18:40:00,279_immediately_action_immediate_quickly
280,"currency, euro, placid, stable, stampa",16,2022-03-01 18:40:00,280_currency_euro_dollar_swinging
282,"desegretate, marilotti, denounced, undoubtedly, execution",1,2022-03-01 18:40:00,282_procedure_rules_reform_constitutiona...
284,"covid, epidemic, virus, disease, iceland",16,2022-03-01 18:40:00,284_covid_epidemic_virus_disease
285,"mg, uh, par, 000, frequency",15,2022-03-01 18:40:00,285_mg_uh_par_1st
286,"disease, prevention, functioned, enforcement, selfishly",15,2022-03-01 18:40:00,286_disease_prevention_focusing_prevent
287,"projects, project, expedition, procrastination, started",6,2022-03-01 18:40:00,287_project_projects_started_seaguard
288,"group, groups, ide, helgaóttir, writers",17,2022-03-01 18:40:00,288_group_groups_stress_root
289,"important, reconsider, fundamental, think, depth",12,2022-03-01 18:40:00,289_important_think_fundamental_picture
290,"explanation, speak, ask, vote, you",9,2022-03-01 18:40:00,290_explanation_speak_ask_vote
291,"waste, reused, historic, facilities, perspective",2,2022-03-01 18:40:00,291_waste_disposal_recycling_garbage
292,"possession, property, ownership, distribution, frequency",19,2022-03-01 18:40:00,292_possession_property_ownership_distri...
293,"sitting, 113, star, electronic, inform",7,2022-03-01 18:40:00,293_sitting_113_star_electronic
297,"worried, worry, realize, unknown, behind",9,2022-03-01 18:40:00,297_worried_worry_mine_problem
298,"icelandic, reading, schools, hobbies, children",4,2022-03-01 18:40:00,298_icelandic_education_children_school
299,"writing, item, tomorrow, covid, document",9,2022-03-01 18:40:00,299_item_tomorrow_document_decree
300,"ferry, grima, sail, ship, dalíkík",8,2022-03-01 18:40:00,300_ferry_cruises_bought_passengers
301,"answer, thank, much, very, minister",12,2022-03-01 18:40:00,301_answer_thank_much_very
302,"case, finish, knot, provoking, consulting",14,2022-03-01 18:40:00,302_case_finish_gonna_finished
303,"welfare, 1960, conducting, odds, popular",4,2022-03-01 18:40:00,303_welfare_jobseekers_systems_system
304,"explanation, speak, ask, vote, you",1,2022-03-01 18:40:00,304_explanation_speak_ask_vote
305,"policy, defence, foreign, empires, common",17,2022-03-01 18:40:00,305_policy_defence_foreign_common
306,"gdp, growth, below, typically, percent",4,2022-03-01 18:40:00,306_gdp_growth_percent_nadef
307,"excluded, amendments, remaining, amendment, therefore",8,2022-03-01 18:40:00,307_excluded_remaining_amendment_amendme...
308,"nations, nation, defenses, sovereign, treaties",13,2022-03-01 18:40:00,308_nations_international_reactor_nation
309,"spending, military, defence, billion, expenditure",29,2022-03-01 18:40:00,309_spending_military_defence_billion
310,"junta, implausible, configuration, occasional, 2018",2,2022-03-01 18:40:00,310_junta_juntas_configuration_parajuris...
311,"denmark, danish, comparable, model, arrangements",4,2022-03-01 18:40:00,311_denmark_danish_refuge_prime
312,"inquiry, thank, senator, you, related",10,2022-03-01 18:40:00,312_inquiry_thank_senator_you
313,"approve, annex, doesn, followed, senate",3,2022-03-01 18:40:00,313_approve_annex_doesn_followed
314,"serious, underscore, gravely, innocence, seriousness",7,2022-03-01 18:40:00,314_serious_disinformers_seriousness_ser...
315,"democratic, favour, reasons, party, announce",4,2022-03-01 18:40:00,315_democratic_favour_party_announce
316,"island, islands, western, grimites, sea",11,2022-03-01 18:40:00,316_islands_island_western_beer
317,"rights, scare, endure, enjoy, encouraging",11,2022-03-01 18:40:00,317_rights_enjoy_marchionne_šk
318,"covid, vaccination, vaccinated, vaccines, italians",16,2022-03-01 18:40:00,318_covid_vaccination_vaccinated_vaccine...
319,"institute, foreign, applications, noncommunications, homepage",14,2022-03-01 18:40:00,319_institute_foreign_applications_homep...
320,"chats, name, neythal, telegram, names",13,2022-03-01 18:40:00,320_weren_names_name_chats
321,"employees, staff, voting, hospital, representatives",36,2022-03-01 18:40:00,321_employees_staff_voting_representativ...
322,"service, debater, services, class, arguing",7,2022-03-01 18:40:00,322_service_services_basic_user
323,"turnover, expenses, brim, billion, 142",7,2022-03-01 18:40:00,323_expenses_increase_increased_turnover
324,"covenant, covenants, preeminents, vague, government",11,2022-03-01 18:40:00,324_covenant_covenants_government_harmon...
325,"energy, price, gas, prices, rises",20,2022-03-01 18:40:00,325_energy_prices_price_gas
326,"transparency, folding, cousinry, transparent, 155",7,2022-03-01 18:40:00,326_transparency_transparent_155_epidemi...
327,"approve, doesn, annex, followed, senate",7,2022-03-01 18:40:00,327_approve_doesn_annex_followed
328,"hunting, hunt, raising, idiotic, costs",12,2022-03-01 18:40:00,328_hunting_hunt_costs_raising
329,"am, remaining, amendments, opposed, against",2,2022-03-01 18:40:00,329_am_against_amendments_mr
330,"explanation, speak, ask, vote, you",3,2022-03-01 18:40:00,330_explanation_speak_ask_vote
331,"family, oriented, divide, unit, friendly",3,2022-03-01 18:40:00,331_family_fundamental_roles_debased
332,"generals, institute, application, applications, civil",6,2022-03-01 18:40:00,332_institute_generals_applications_citi...
333,"joy, photograph, belittle, job, satisfaction",5,2022-03-01 18:40:00,333_happy_joy_celebrate_celebrating
334,"amended, simultaneous, ballot, 120, refer",4,2022-03-01 18:40:00,334_amended_simultaneous_120_refer
336,"teller, fortune, first, predictions, nostradamus",1,2022-03-01 18:40:00,336_predictions_nostradamus_future_predi...
337,"reply, lamorgese, minutes, interior, three",7,2022-03-01 18:40:00,337_reply_minutes_lamorgese_three
338,"report, appended, caliguri, nite, annexed",6,2022-03-01 18:40:00,338_report_permission_written_text
339,"opinion, rapporteur, line, mr, president",1,2022-03-01 18:40:00,339_rapporteur_opinion_assent_rapporteur...
340,"roll, ballot, simultaneous, refer, call",6,2022-03-01 18:40:00,340_roll_ballot_simultaneous_refer
341,"covid, 19, decree, epidemic, issued",8,2022-03-01 18:40:00,341_covid_epidemic_19_decree
342,"split, proceed, shall, vote, dissenting",6,2022-03-01 18:40:00,342_proceed_shall_split_vote
343,"toughest, thank, punctually, certificates, esteem",5,2022-03-01 18:40:00,343_thank_colleagues_thanks_sincere
344,"haven, impact, accessing, moratorium, profiles",4,2022-03-01 18:40:00,344_impact_expected_affect_bill
345,"personal, protection, oppress, surveillance, protected",10,2022-03-01 18:40:00,345_protection_surveillance_personal_pro...
346,"vat, energetic, equipment, extraject, extrajective",7,2022-03-01 18:40:00,346_vat_necessities_invoice_matches
347,"approve, annex, doesn, followed, senate",2,2022-03-01 18:40:00,347_approve_annex_doesn_followed
348,"movie, comprehensive, picture, media, icelandic",1,2022-03-01 18:40:00,348_film_filmmaking_icelandic_movie
349,"item, draft, debate, next, drawing",10,2022-03-01 18:40:00,349_item_draft_debate_next
350,"conference, councilmen, board, president, respect",23,2022-03-01 18:40:00,350_conference_councilmen_board_reminds
351,"zanda, zaffini, floor, enlisted, nugnes",9,2022-03-01 18:40:00,351_floor_zanda_zaffini_nugnes
352,"north, northern, countries, polish, entrance",13,2022-03-01 18:40:00,352_north_northern_countries_experience
353,"data, subtracts, pits, database, pulling",8,2022-03-01 18:40:00,353_data_database_subtracts_hospital
354,"excise, duties, vat, mobile, duty",15,2022-03-01 18:40:00,354_excise_duties_fuels_vat
355,"excluding, explanations, distribution, hours, 2505",7,2022-03-01 18:40:00,355_excluding_explanations_distribution_...
356,"monographs, enforcing, laboratory, versa, rare",6,2022-03-01 18:40:00,356_work_unorthodox_environment_assistan...
357,"sized, enterprises, medium, small, micro",8,2022-03-01 18:40:00,357_sized_enterprises_medium_small
358,"explanation, speak, ask, vote, you",3,2022-03-01 18:40:00,358_explanation_speak_ask_vote
359,"loads, monitors, income, diagnostic, young",4,2022-03-01 18:40:00,359_income_loss_loads_month
360,"frozen, college, financing, stopped, model",1,2022-03-01 18:40:00,360_student_loan_students_scholarship
361,"gotten, liked, hadn, introducing, milan",7,2022-03-01 18:40:00,361_liked_would_gotten_postamism
362,"permission, says, president, hf, vodafone",9,2022-03-01 18:40:00,362_permission_says_president_by
363,"councilmen, blinky, leader, thank, molding",8,2022-03-01 18:40:00,363_councilmen_thank_discussion_council
364,"approve, annex, doesn, followed, senate",4,2022-03-01 18:40:00,364_approve_annex_doesn_followed
365,"poverty, refusing, poor, soloist, hungry",9,2022-03-01 18:40:00,365_poverty_poor_poorer_refusing
366,"railway, targa, florio, doubling, scarred",3,2022-03-01 18:40:00,366_mezzogiorno_railway_jubilee_rome
367,"000, bucks, month, 900, 450",5,2022-03-01 18:40:00,367_000_bucks_month_pay
368,"nature, guard, duty, generations, planet",4,2022-03-01 18:40:00,368_nature_generations_protection_genera...
369,"speech, thank, senator, you, interrupt",17,2022-03-01 18:40:00,369_speech_thank_senator_you
370,"credit, loans, creditors, loan, lend",19,2022-03-01 18:40:00,370_credit_loans_agent_creditors
371,"warrant, frequency, ad, miniurdour, permit",8,2022-03-01 18:40:00,371_warrant_frequency_permit_canceled
372,"timetable, leaders, conference, approved, until",5,2022-03-01 18:40:00,372_leaders_conference_timetable_convene...
373,"investigating, tests, study, regularly, suggest",1,2022-03-01 18:40:00,373_test_tests_students_consistent
374,"bathing, concessions, sexless, swimming, locations",2,2022-03-01 18:40:00,374_bathing_concessions_bolkestein_direc...
375,"staff, shepherds, dining, oer, copenhagen",7,2022-03-01 18:40:00,375_staff_lack_shortage_specialized
376,"fire, trap, pains, hellish, oath",5,2022-03-01 18:40:00,376_geological_fire_sheets_mapping
377,"conversion, replacing, 9000, approval, entirely",8,2022-03-01 18:40:00,377_conversion_posed_approval_trust
378,"talking, re, what, about, making",7,2022-03-01 18:40:00,378_talking_re_what_about
379,"borist, letter, near, smoke, received",12,2022-03-01 18:40:00,379_borist_letter_smoke_near
382,"memories, stored, active, forget, anniversary",4,2022-03-01 18:40:00,382_forget_remember_memory_forgotten
383,"roll, motion, ballot, resolution, simultaneous",6,2022-03-01 18:40:00,383_roll_ballot_simultaneous_tabled
384,"roll, ballot, simultaneous, rule, refer",3,2022-03-01 18:40:00,384_roll_ballot_simultaneous_rule
385,"sardo, azione, salvini, premier, partito",5,2022-03-01 18:40:00,385_premier_salvini_sardo_azione
386,"roll, ballot, simultaneous, 21, rule",1,2022-03-01 18:40:00,386_roll_ballot_simultaneous_rule
387,"ban, bans, banned, thursdays, restricted",18,2022-03-01 18:40:00,387_ban_bans_banned_restricted
388,"bertoldi, enlisted, de, speak, mollame",7,2022-03-01 18:40:00,388_bertoldi_de_enlisted_speak
389,"rulers, power, torn, unlimited, grip",9,2022-03-01 18:40:00,389_power_rulers_corrupts_torn
390,"tries, play, majority, part, agenda",1,2022-03-01 18:40:00,390_majority_eighteen_born_hemicycle
391,"dates, march, 22rd, december, date",10,2022-03-01 18:40:00,391_march_dates_date_etrs
392,"suggestions, vega, complaining, installation, crossed",8,2022-03-01 18:40:00,392_suggestions_suggestion_proposal_öse
393,"approve, annex, doesn, followed, senate",6,2022-03-01 18:40:00,393_approve_annex_doesn_followed
394,"opened, sitting, 16, 33, 35",5,2022-03-01 18:40:00,394_opened_sitting_16_35
395,"open, sitting, 01, 32, 31",5,2022-03-01 18:40:00,395_sitting_open_31_32
396,"biodynamic, biodynamics, biological, equivalence, organic",33,2022-03-01 18:40:00,396_biodynamic_biodynamics_biological_or...
397,"fractures, fracture, suspected, 219, month",6,2022-03-01 18:40:00,397_fracture_fractures_suspected_severit...
398,"doctors, doctor, patients, hospital, patient",18,2022-03-01 18:40:00,398_doctor_doctors_patient_patients
400,"approve, annex, doesn, followed, senate",1,2022-03-01 18:40:00,400_approve_annex_doesn_followed
401,"afghan, women, afghanistan, relay, promoted",5,2022-03-01 18:40:00,401_afghan_women_afghanistan_taliban
402,"media, artists, icelandic, impairs, freedom",20,2022-03-01 18:40:00,402_media_artists_icelandic_art
403,"sleepless, stopped, hitler, nights, would",6,2022-03-01 18:40:00,403_liked_would_crisp_improvement
404,"quickly, timely, speed, jumping, farther",8,2022-03-01 18:40:00,404_quickly_speed_fast_faster
405,"citizenship, dissipating, unproductive, income, subsidies",1,2022-03-01 18:40:00,405_citizenship_income_demagogy_poverty
406,"kingdom, demons, injuring, renaissance, arabia",9,2022-03-01 18:40:00,406_kingdom_treasure_commune_contended
409,"articles, article, blink, consists, journal",12,2022-03-01 18:40:00,409_articles_consists_article_chapters
410,"jakobsdóttir, katrín, daughter, decade, catherine",7,2022-03-01 18:40:00,410_jakobsdóttir_katrín_daughter_governm...
411,"tabling, amendments, deadline, 2330, relation",7,2022-03-01 18:40:00,411_tabling_amendments_deadline_relation
413,"2022, families2023, 22s, schedule, july",8,2022-03-01 18:40:00,413_2026_2022_completed_schedule
414,"registered, she, cantù, speak, testor",6,2022-03-01 18:40:00,414_registered_she_speak_cantù
415,"fiber, optics, optic, opticization, iasak",6,2022-03-01 18:40:00,415_fiber_optics_optic_opticization
416,"ecological, transition, fashionable, accelerate, certified",7,2022-03-01 18:40:00,416_ecological_transition_climate_sustai...
417,"step, epochs, downs, soldiers, right",8,2022-03-01 18:40:00,417_step_bit_epochs_forward
418,"festival, blues, pistoia, music, jazz",33,2022-03-01 18:40:00,418_festival_blues_pistoia_music
419,"approve, annex, doesn, followed, senate",3,2022-03-01 18:40:00,419_approve_annex_doesn_followed
420,"approve, annex, doesn, followed, senate",3,2022-03-01 18:40:00,420_approve_annex_doesn_followed
421,"totheencourage, treaty, enjoyed, pleasure, hearing",2,2022-03-01 18:40:00,421_treaty_treaties_puts_signing
422,"representative, intend, speak, understudys, intention",7,2022-03-01 18:40:00,422_intend_speak_representative_members
423,"item, deputies, draft, approved, 2542",2,2022-03-01 18:40:00,423_item_deputies_draft_approved
424,"grey, areas, reduce, present, gray",1,2022-03-01 18:40:00,424_gray_areas_grey_qualify
425,"hate, hatred, crime, minorities, speech",5,2022-03-01 18:40:00,425_hatred_hate_speech_expression
426,"yeh, 666, congratulations, eager, bill",4,2022-03-01 18:40:00,426_thank_bill_much_minister
427,"answer, thank, roughly, senator, unsurpassed",8,2022-03-01 18:40:00,427_answer_thank_senator_you
428,"000, loan, lends, 60, unfavourable",2,2022-03-01 18:40:00,428_loan_million_loans_payments
429,"antipsychotics, antipsychotic, medicinal, drugs, antidepressants",16,2022-03-01 18:40:00,429_antipsychotics_antipsychotic_drugs_m...
430,"personal, protection, evaluation, conclusions, hence",3,2022-03-01 18:40:00,430_personal_protection_assessment_peron...
431,"wood, 290, perfunctory, mountains, highest",4,2022-03-01 18:40:00,431_wood_apology_highest_apologized
432,"gardening, school, southland, university, smoke",12,2022-03-01 18:40:00,432_gardening_school_university_southlan...
433,"environment, worst, charter, changing, poorest",6,2022-03-01 18:40:00,433_environment_charter_cared_environmen...
434,"recovery, resilience, plan, combines, capacity",5,2022-03-01 18:40:00,434_resilience_recovery_plan_national
435,"enlisted, speak, carlo, pesco, pepe",7,2022-03-01 18:40:00,435_enlisted_carlo_speak_pesco
436,"approve, annex, doesn, followed, senate",3,2022-03-01 18:40:00,436_approve_annex_doesn_followed
437,"nominal, ballot, simultaneous, refer, whole",3,2022-03-01 18:40:00,437_nominal_ballot_simultaneous_refer
438,"answers, thank, much, very, minister",9,2022-03-01 18:40:00,438_answers_thank_much_very
439,"landowners, land, earths, accounted, heirs",7,2022-03-01 18:40:00,439_landowners_land_grid_reapers
440,"hurts, forum, organisation, trade, intervene",1,2022-03-01 18:40:00,440_funds_regulation_operators_investmen...
441,"signed, constitution, investigated, pledge, commitment",11,2022-03-01 18:40:00,441_signed_constitution_investigated_ple...
442,"crimes, hague, yugoslavia, crime, international",3,2022-03-01 18:40:00,442_crimes_criminal_international_court
443,"monitoring, quality, control, cheat, assured",5,2022-03-01 18:40:00,443_quality_monitoring_flexibility_contr...
444,"draghi, sworn, elective, italy, luck",3,2022-03-01 18:40:00,444_draghi_italy_president_voice
445,"ndc, nc, misto, iac, lonardo",5,2022-03-01 18:40:00,445_misto_nc_ndc_iac
446,"complicated, nothing, than, complex, simple",9,2022-03-01 18:40:00,446_complicated_nothing_than_simple
447,"covers, voters, elections, roll, ballot",1,2022-03-01 18:40:00,447_roll_ballot_simultaneous_rule
448,"waiting, 326, 738, behavioral, hundred",4,2022-03-01 18:40:00,448_adhd_waiting_children_behavioral
449,"floor, minutes, respond, two, give",5,2022-03-01 18:40:00,449_floor_minutes_respond_two
450,"meeting, length, 10th, 4th, longer",8,2022-03-01 18:40:00,450_meeting_length_10th_4th
451,"book, green, challenges, fitting, likewise",5,2022-03-01 18:40:00,451_book_green_bookwork_energy
453,"approve, annex, doesn, followed, senate",2,2022-03-01 18:40:00,453_approve_annex_doesn_followed
454,"starving, hungry, approaching, undernourished, food",11,2022-03-01 18:40:00,454_starving_food_noodles_hungry
455,"157, reads, already, effect, 1992",3,2022-03-01 18:40:00,455_effect_already_comes_into
457,"comments, minutes, approved, were, since",1,2022-03-01 18:40:00,457_comments_minutes_approved_were
458,"day, choir, celebrated, flag, walk",5,2022-03-01 18:40:00,458_day_stress_homophobia_celebrated
460,"suffix, question, senator, thank, archery",9,2022-03-01 18:40:00,460_question_senator_thank_word
461,"litre, petrol, diesel, per, eur",20,2022-03-01 18:40:00,461_litre_petrol_diesel_per
462,"debt, 226, 152, net, relative",2,2022-03-01 18:40:00,462_debt_gdp_2026_net
463,"intend, intervene, representative, avail, reply",12,2022-03-01 18:40:00,463_intend_representative_intervene_repl...
464,"answer, thank, senator, you, for",12,2022-03-01 18:40:00,464_answer_thank_senator_you
465,"innovation, technology, keen, behavioral, lifestyle",3,2022-03-01 18:40:00,465_innovation_epidemic_icelandic_icelan...
466,"word, used, acronym, borig, dolling",11,2022-03-01 18:40:00,466_word_acronym_words_used
467,"dog, dogs, cat, pet, owners",29,2022-03-01 18:40:00,467_dog_dogs_cat_pet
468,"warfare, war, stress, thankful, brag",11,2022-03-01 18:40:00,468_war_warfare_wars_shelter
469,"intervention, interventions, testing, programming, ignored",9,2022-03-01 18:40:00,469_interventions_intervention_tension_m...
470,"9000, substitute, 5th, entirely, permanent",1,2022-03-01 18:40:00,470_5th_81_contrary_expressed
471,"inquiry, thank, restoring, tackle, senator",4,2022-03-01 18:40:00,471_inquiry_thank_senator_you
472,"political, bickering, politics, decision, landmark",4,2022-03-01 18:40:00,472_political_decision_politics_militari...
473,"thank, answers, answer, senator, you",9,2022-03-01 18:40:00,473_answer_thank_answers_senator
474,"constitution, touching, thickener, thatthe, gently",14,2022-03-01 18:40:00,474_constitution_touching_charter_adapta...
475,"hot, foot, cold, water, standing",1,2022-03-01 18:40:00,475_hot_water_cold_warm
476,"communications, telecommunication, microsoft, networks, telecommunications",11,2022-03-01 18:40:00,476_communications_telecommunications_te...
478,"wetlands, recovery, emissions, carbon, advanced",24,2022-03-01 18:40:00,478_wetlands_recovery_carbon_emissions
479,"education, suggest, general, committee, bill",7,2022-03-01 18:40:00,479_education_suggest_general_committee
480,"valve, helsinki, profiles, incompatibility, legislatures",3,2022-03-01 18:40:00,480_profiles_incompatibility_obligations...
482,"emissions, pulled, 55, 2030, accounts",3,2022-03-01 18:40:00,482_emissions_55_2030_reduction
483,"explanation, speak, ask, vote, you",4,2022-03-01 18:40:00,483_explanation_speak_ask_vote
484,"enlisted, iannone, speak, bishops, lannotti",5,2022-03-01 18:40:00,484_enlisted_speak_iannone_he
485,"unacceptable, queers, sexes, acceptable, crew",8,2022-03-01 18:40:00,485_unacceptable_acceptable_situation_ok...
486,"conclude, shall, mr, president, finally",3,2022-03-01 18:40:00,486_conclude_shall_mr_president
487,"distributing, 5th, opinions, inform, standing",6,2022-03-01 18:40:00,487_5th_opinions_standing_1st
488,"clantic, gothal, káledran, lava, disturbed",1,2022-03-01 18:40:00,488_lakes_shire_activation_protective
489,"elections, commissioned, affected, regulations, campaigns",3,2022-03-01 18:40:00,489_iceland_bill_contract_regulations
490,"party, parties, thinks, rising, advance",4,2022-03-01 18:40:00,490_party_parties_soliciting_dinner
491,"personal, choices, decision, wondering, choice",5,2022-03-01 18:40:00,491_choice_choices_decision_sealy
492,"soil, soils, binding, nutrients, unpolluted",5,2022-03-01 18:40:00,492_soil_soils_nutrients_consumption
493,"side, west, bright, north, south",2,2022-03-01 18:40:00,493_north_side_4th_1st
494,"virus, outbreaks, inquiry, italy, shed",4,2022-03-01 18:40:00,494_virus_italy_pandemic_charter
495,"child, waiting, unborn, olds, civilized",5,2022-03-01 18:40:00,495_child_children_waiting_wait
496,"text, simultaneous, refer, commissions, vote",4,2022-03-01 18:40:00,496_simultaneous_text_tabled_commissions
497,"farmers, electricity, horticulture, garden, vegetable",7,2022-03-01 18:40:00,497_farmers_electricity_gardening_electr...
498,"commissions, text, tabled, simultaneous, refer",8,2022-03-01 18:40:00,498_tabled_commissions_simultaneous_text
499,"hydroelectric, copasir, concessions, regime, protectionist",2,2022-03-01 18:40:00,499_hydroelectric_concessions_renewal_de...
500,"dragons, week, read, said, again",2,2022-03-01 18:40:00,500_dragons_dragon_disease_centrists
501,"energy, recovery, autonomy, fund, iberian",9,2022-03-01 18:40:00,501_recovery_energy_fund_autonomy
502,"golden, power, instrument, powers, discipline",11,2022-03-01 18:40:00,502_golden_power_discipline_extended
503,"positive, salami, wrongdoing, appreciation, open",9,2022-03-01 18:40:00,503_positive_salami_diminish_wrongdoing
504,"distinction, financing, equipment, picture, necessarily",5,2022-03-01 18:40:00,504_difference_indistinguishable_content...
507,"78th, suggests, changes, bill, touches",6,2022-03-01 18:40:00,507_changes_suggests_bill_intertranslati...
509,"ride, commend, chair, though, taking",1,2022-03-01 18:40:00,509_committee_thank_job_welfare
510,"surrendered, president, cookies, jinping, cafeteria",8,2022-03-01 18:40:00,510_propose_respected_referred_affairs
511,"sweden, norway, denmark, swedes, valves",9,2022-03-01 18:40:00,511_norway_sweden_denmark_norwegians
512,"security, national, unchangeable, static, 2005",10,2022-03-01 18:40:00,512_security_national_abused_unchangeabl...
513,"civilians, victims, deaths, explosives, civilian",7,2022-03-01 18:40:00,513_casualties_civilian_victims_deaths
514,"appealed, court, district, appeal, 22nd",6,2022-03-01 18:40:00,514_court_appealed_judgment_supreme
515,"minutes, 93, features, five, ruling",2,2022-03-01 18:40:00,515_minutes_explanations_five_allocated
516,"1900, astronomy, inequities, unrealistic, hunger",5,2022-03-01 18:40:00,516_prosperity_developing_countries_popu...
517,"loneliness, cute, lonely, isolation, counteracting",11,2022-03-01 18:40:00,517_loneliness_isolation_lonely_cute
518,"mas, dal, response, minutes, speak",1,2022-03-01 18:40:00,518_response_minutes_cucca_speak
519,"weather, snow, winter, wintertime, lowness",12,2022-03-01 18:40:00,519_weather_winter_snow_wintertime
520,"reading, shallowness, resented, measuring, 53",3,2022-03-01 18:40:00,520_reading_read_skills_children
521,"thought, lot, big, arms, moment",4,2022-03-01 18:40:00,521_thought_lot_playsheet_abouttheclimat...
522,"fictitious, lots, impedance, subdivision, cables",2,2022-03-01 18:40:00,522_cables_cord_electrical_ground
525,"approve, annex, doesn, followed, senate",1,2022-03-01 18:40:00,525_approve_annex_doesn_followed
526,"please, respond, truth, spirit, knowledge",2,2022-03-01 18:40:00,526_please_respond_thank_much
528,"bio, abroad, decide, minimize, transfers",2,2022-03-01 18:40:00,528_live_abroad_coercive_settle
529,"uh, no, really, huh, well",4,2022-03-01 18:40:00,529_uh_no_well_really
531,"succeed, submitted, 151th, 151st, legislature",4,2022-03-01 18:40:00,531_151th_submitted_succeed_previously
532,"mistakes, mistake, okay, learn, obsession",10,2022-03-01 18:40:00,532_mistakes_mistake_learn_repeat
533,"31, march, emergency, covid, shamelessly",7,2022-03-01 18:40:00,533_emergency_covid_31_march
534,"thursday, march, question, place, presence",6,2022-03-01 18:40:00,534_thursday_question_place_presence
535,"unchanged, remanded, closing, remains, indications",3,2022-03-01 18:40:00,535_unchanged_submitted_remain_bill
538,"respect, disguised, playoffs, hawk, dove",6,2022-03-01 18:40:00,538_respect_honor_responds_disguised
539,"comments, minutes, approved, were, since",4,2022-03-01 18:40:00,539_comments_minutes_approved_were
541,"remaining, agendas, amendments, set, out",1,2022-03-01 18:40:00,541_remaining_amendments_foreclosed_set
542,"lithuania, drivers, job, page, apartment",1,2022-03-01 18:40:00,542_multicultural_reception_facility_cou...
543,"resources, infinite, multiplication, dispersive, expressive",6,2022-03-01 18:40:00,543_resources_enough_infinite_resource
544,"loans, consumer, consumers, mortgages, estate",25,2022-03-01 18:40:00,544_loans_consumer_consumers_mortgages
545,"crowns, crown, poorest, bound, exclusively",4,2022-03-01 18:40:00,545_crown_crowns_gang_liquid
547,"permission, says, report, president, with",1,2022-03-01 18:40:00,547_permission_says_report_president
548,"hospital, approximately, space, swarms, landskeeper",4,2022-03-01 18:40:00,548_hospital_hospitals_growth_expected
551,"landsnet, distant, transportation, west, southnes",1,2022-03-01 18:40:00,551_southnes_line_landsnet_kv
552,"representative, resolutions, motions, call, comment",2,2022-03-01 18:40:00,552_representative_motions_resolutions_o...
553,"greenland, faeroe, islands, cooperation, ventures",5,2022-03-01 18:40:00,553_greenland_faeroe_islands_cooperation
554,"answer, thank, senator, you, for",7,2022-03-01 18:40:00,554_answer_thank_senator_you
555,"refugees, arrival, assume, considerable, show",2,2022-03-01 18:40:00,555_refugees_senator_reservation_derided
556,"superficial, punish, murder, fines, error",1,2022-03-01 18:40:00,556_murder_road_code_589
557,"correctly, delight, grand, nobody, missed",5,2022-03-01 18:40:00,557_option_outset_lack_dissuade
558,"hygiene, nutrition, hospital, nurse, thereafter",5,2022-03-01 18:40:00,558_hospital_patients_patient_providers
559,"agendas, accepted, confirms, rewording, lega",4,2022-03-01 18:40:00,559_agendas_agenda_accepted_accepts
560,"monument, monuments, declaration, heritage, cultural",12,2022-03-01 18:40:00,560_monument_declaration_monuments_cultu...
563,"clear, buried, conventional, 51, coast",10,2022-03-01 18:40:00,563_clear_avest_qa_really
564,"comment, representative, rapporteurs, agendas, invite",1,2022-03-01 18:40:00,564_comment_representative_rapporteur_am...
565,"pray, scallop, writing, want, senator",12,2022-03-01 18:40:00,565_pray_scallop_writing_want
566,"ultrasound, developing, seen, virus, ve",1,2022-03-01 18:40:00,566_virus_ultrasound_variant_disease
567,"speech, thank, excellent, senator, good",12,2022-03-01 18:40:00,567_speech_thank_senator_excellent
568,"league, hospitality, machinery, activities, zone",3,2022-03-01 18:40:00,568_league_impediment_concessionaire_pro...
569,"caution, promptly, threatened, guard, animals",5,2022-03-01 18:40:00,569_caution_careful_slippage_cautionary
570,"roma, pathologists, asl, speech, neuropsychiatris",4,2022-03-01 18:40:00,570_pathologists_speech_roma_asl
571,"box, shaded, tests, analyzed, boxes",5,2022-03-01 18:40:00,571_box_sideds_stunning_frame
572,"akureyri, university, technical, studies, education",13,2022-03-01 18:40:00,572_akureyri_university_studies_technica...
573,"declare, open, discussion, general, special",6,2022-03-01 18:40:00,573_declare_open_discussion_general
574,"folk, voted, mistake, membership, chair",2,2022-03-01 18:40:00,574_voted_favour_mistake_vote
575,"congress, minute, session, speaking, officials",12,2022-03-01 18:40:00,575_congress_speaking_minute_officials
576,"agriculture, unanimously, colleagues, promoter, farmers",5,2022-03-01 18:40:00,576_agriculture_vallardi_colleagues_unan...
577,"china, represses, uighurs, dictatorism, chinese",8,2022-03-01 18:40:00,577_china_chinese_aggressive_covid
579,"tempered, course, turning, introduction, classes",6,2022-03-01 18:40:00,579_course_a4_straighten_tempered
580,"justice, institute, refuses, civil, law",12,2022-03-01 18:40:00,580_justice_institute_law_refuses
581,"registered, she, speak, faggi, petris",6,2022-03-01 18:40:00,581_registered_she_faggi_speak
582,"torture, responds, defense, comments, commission",1,2022-03-01 18:40:00,582_suggests_agreed_changes_outlined
583,"unnatural, normal, crazy, nothing, abnormal",11,2022-03-01 18:40:00,583_normal_unnatural_crazy_weird
584,"idea, good, think, approach, pretty",7,2022-03-01 18:40:00,584_idea_good_approach_think
585,"security, 2016, national, policy, categorian",13,2022-03-01 18:40:00,585_security_2016_national_policy
586,"suðvest, 13th, tenth, late, morning",2,2022-03-01 18:40:00,586_suðvest_12th_9th_re
587,"microenergy, combustions, pensioners, calculate, agent",1,2022-03-01 18:40:00,587_microenergy_pensioners_pension_age
588,"ita, airways, alitalia, company, carrier",6,2022-03-01 18:40:00,588_ita_alitalia_airways_company
590,"suicide, suicides, 39, spacelessness, 429",6,2022-03-01 18:40:00,590_suicide_suicides_disease_47
591,"ntsb, observation, refuse, violated, deliver",3,2022-03-01 18:40:00,591_ntsb_returns_blanks_personalisation
592,"story, thank, much, very, minister",2,2022-03-01 18:40:00,592_story_thank_much_very
593,"cemetery, practically, forts, staglieno, genoese",1,2022-03-01 18:40:00,593_cemetery_ashes_buried_dead
594,"covid, requisite, subsidized, mental, psychologist",2,2022-03-01 18:40:00,594_mental_health_explode_bells
595,"price, tranquility, bet, prices, rises",9,2022-03-01 18:40:00,595_price_prices_rises_bet
598,"treatment, microdose, therapy, intravenous, fluids",6,2022-03-01 18:40:00,598_treatment_forbidden_treatments_micro...
599,"screening, screenings, stress, file, entrovert",12,2022-03-01 18:40:00,599_screening_stress_screenings_ease
601,"binetti, registered, speak, misiani, senator",4,2022-03-01 18:40:00,601_binetti_registered_speak_biti
602,"declare, debate, closed, willingness, communications",5,2022-03-01 18:40:00,602_declare_closed_debate_willingness
603,"compare, hesitations, twofold, impressive, shoulder",5,2022-03-01 18:40:00,603_compare_comparisons_comparison_clean
604,"enlisted, pirro, lonardo, she, speak",2,2022-03-01 18:40:00,604_enlisted_she_speak_pirro
605,"big, deal, strokes, memories, possibilities",4,2022-03-01 18:40:00,605_big_deal_movie_town
606,"jam, commitment, clear, regulatory, nice",6,2022-03-01 18:40:00,606_commitment_stress_uniquely_clear
607,"meeting, board, didn, meter, midnight",6,2022-03-01 18:40:00,607_meeting_eastfield_board_saturday
608,"apology, stress, apologize, sorry, punk",5,2022-03-01 18:40:00,608_apology_apologize_stress_sorry
609,"regions, lance, disarray, breath, governmental",6,2022-03-01 18:40:00,609_regions_stress_regional_lance
610,"efta, 29th, convention, network, developed",1,2022-03-01 18:40:00,610_efta_court_logical_icesave
611,"amending, overburden, principles, guiding, tried",2,2022-03-01 18:40:00,611_text_modified_amending_amendments
612,"legalization, forbidden, alcohol, addicted, purchased",4,2022-03-01 18:40:00,612_legalization_legalize_legalized_bioa...
614,"culture, commercialism, earths, element, intangible",10,2022-03-01 18:40:00,614_culture_classical_christian_commerci...
615,"poverty, children, homework, visits, richest",3,2022-03-01 18:40:00,615_poverty_children_poor_grandfather
616,"yes, answer, definitely, terms, hard",5,2022-03-01 18:40:00,616_yes_answer_question_simple
617,"grain, ukraine, wheat, russia, bread",9,2022-03-01 18:40:00,617_grain_ukraine_wheat_russia
618,"chores, 21, parent, until, household",11,2022-03-01 18:40:00,618_chores_child_age_old
621,"meetings, meeting, conference, longer, resent",12,2022-03-01 18:40:00,621_conference_meetings_meeting_longer
622,"executives, agents, voters, whining, yeah",8,2022-03-01 18:40:00,622_executives_managers_agents_managemen...
624,"afghanistan, taliban, overspoken, regained, trampled",7,2022-03-01 18:40:00,624_afghanistan_taliban_americans_oversp...
625,"representative, call, government, knows, turn",6,2022-03-01 18:40:00,625_representative_call_government_stewa...
626,"1st, 2nd, suggest, pointed, welfare",4,2022-03-01 18:40:00,626_1st_2nd_suggest_pointed
627,"easter, knowing, surprised, message, close",2,2022-03-01 18:40:00,627_easter_break_ransacked_texting
629,"demonize, state, behave, taxpayer, treat",7,2022-03-01 18:40:00,629_state_cartelisation_demonize_anymore
630,"proposal, birds, plate, writer, hitting",4,2022-03-01 18:40:00,630_proposal_engagement_submitted_forthi...
631,"harmful, destructive, chemicals, dangerous, substances",8,2022-03-01 18:40:00,631_substances_harmful_hormone_respirato...
632,"amendments, touching, against, trampled, am",1,2022-03-01 18:40:00,632_amendments_against_am_mr
633,"senators, opposing, accordingly, abstain, intend",5,2022-03-01 18:40:00,633_senators_opposing_abstain_accordingl...
635,"la, pietra, 46, roll, russa",1,2022-03-01 18:40:00,635_russa_la_malan_roll
636,"appeal, invite, secretary, proceed, tosato",3,2022-03-01 18:40:00,636_appeal_invite_secretary_proceed
637,"french, champions, participated, italian, governments",1,2022-03-01 18:40:00,637_france_french_italy_germany
638,"sacrifice, adults, willing, ready, sacrifices",2,2022-03-01 18:40:00,638_sacrifice_sacrifices_repays_justifie...
639,"evolution, adapt, sadly, answered, partners",4,2022-03-01 18:40:00,639_evolution_covid_correspondent_punish...
640,"prices, food, percent, groceries, eurostat",7,2022-03-01 18:40:00,640_food_prices_groceries_sugar
642,"08, bruzzone, boldrini, carlo, 43",3,2022-03-01 18:40:00,642_10_buccarella_follow_11
643,"ecosolidali, announce, ecosolidal, component, mixed",4,2022-03-01 18:40:00,643_ecosolidal_announce_mixed_component
644,"require, adjustments, reporting, adjustment, contributions",2,2022-03-01 18:40:00,644_require_minor_coverage_adjustments
645,"deception, fool, lying, hypocrisies, deceptive",7,2022-03-01 18:40:00,645_lying_lies_fooled_deceive
646,"fragile, workers, stabilised, drafts, 270",4,2022-03-01 18:40:00,646_fragile_workers_extend_protection
647,"hospital, akureyri, backup, kraga, cornerstone",6,2022-03-01 18:40:00,647_hospital_akureyri_backup_cornerstone
648,"pellegrini, sp, emanuele, az, psd",4,2022-03-01 18:40:00,648_pellegrini_emanuele_sp_az
649,"volunteering, selective, voluntary, practically, organisations",3,2022-03-01 18:40:00,649_volunteers_volunteer_volunteering_ch...
650,"materials, raw, shortage, ceramic, clay",3,2022-03-01 18:40:00,650_materials_raw_difficulty_inevitably
651,"comments, minutes, approved, were, since",5,2022-03-01 18:40:00,651_comments_minutes_approved_were
652,"colonialism, oxfam, multilateralism, globalisation, iran",3,2022-03-01 18:40:00,652_globalisation_globalization_phenomen...
653,"safety, safe, prevalent, trait, distinct",4,2022-03-01 18:40:00,653_safety_safe_safer_prevalent
654,"strive, competition, active, markets, promote",4,2022-03-01 18:40:00,654_strive_competition_active_promote
655,"ignored, pages, wrote, review, completed",3,2022-03-01 18:40:00,655_report_ignored_review_professional
657,"human, rights, bathe, institution, medication",4,2022-03-01 18:40:00,657_human_rights_violating_bathe
659,"stress, visualization, discrepancy, thoughts, clients",3,2022-03-01 18:40:00,659_stress_senator_minister_inquiring
660,"uv, patt, aut, svp, unterberger",3,2022-03-01 18:40:00,660_patt_uv_aut_svp
661,"highest, lawsuits, dominate, afterlife, flagship",7,2022-03-01 18:40:00,661_highest_minister_learn_lawsuits
662,"reckless, tactics, pack, corner, worthy",3,2022-03-01 18:40:00,662_cheating_senator_aground_šdisilgate
664,"smell, devices, precocious, flea, bad",5,2022-03-01 18:40:00,664_smell_urine_insecticides_preschooler...
665,"photo, underneath, cheese, cream, sin",5,2022-03-01 18:40:00,665_scratch_underneath_ramburd_crevice
666,"serve, invited, previously, assembly, again",6,2022-03-01 18:40:00,666_serve_invited_previously_assembly
667,"empathize, blameless, brutality, difficulties, families",3,2022-03-01 18:40:00,667_victims_mourning_closeness_pain
668,"couldn, agree, disagree, coming, understand",4,2022-03-01 18:40:00,668_agree_agrees_everybody_couldn
669,"criticism, criticist, ma, stimulus, favor",4,2022-03-01 18:40:00,669_criticism_criticize_criticist_rounda...
670,"naughty, democracy, agency, practiced, agencies",6,2022-03-01 18:40:00,670_agency_checkbox_executing_naughty
671,"pay, lockdown, suspended, extent, duty",3,2022-03-01 18:40:00,671_pay_preconceiving_pays_pledge
672,"delegation, leverage, implementation, formulated, insertion",8,2022-03-01 18:40:00,672_delegation_white_exercised_delegates
673,"mental, suit, suicide, million, estimated",3,2022-03-01 18:40:00,673_mental_cost_billion_health
674,"weight, weights, shelfed, luxury, weigh",5,2022-03-01 18:40:00,674_weight_weights_pounds_lose
675,"mourning, romana, gasperi, maria, emotional",1,2022-03-01 18:40:00,675_disappearance_rognoni_loved_his
676,"measures, ignore, targeted, introduced, taken",3,2022-03-01 18:40:00,676_measures_tailored_toolboxes_justifia...
677,"goals, achieved, feel, successful, reached",4,2022-03-01 18:40:00,677_goals_achieved_merddis_successful
678,"durnwalder, reading, gave, secretary, minutes",4,2022-03-01 18:40:00,678_durnwalder_reading_gave_minutes
679,"remote, care, distant, health, services",11,2022-03-01 18:40:00,679_remote_care_distant_health
681,"balance, imbalance, balanced, finding, creates",4,2022-03-01 18:40:00,681_balance_imbalance_balanced_finding
682,"disproportion, 244, sums, emergencies, manage",1,2022-03-01 18:40:00,682_armed_244_precariousness_forces
683,"rai, television, progress, remember, live",1,2022-03-01 18:40:00,683_rai_television_spa_broadcasting
684,"rhythms, instance, filling, thrive, inconsistencies",5,2022-03-01 18:40:00,684_improvisation_never_argues_hostiliti...
685,"garnet, enlisted, rauti, she, speak",5,2022-03-01 18:40:00,685_garnet_enlisted_rauti_she
686,"jurisdiction, search, oil, norwegian, 53",3,2022-03-01 18:40:00,686_oil_search_jurisdiction_norwegian
687,"restaurant, cooks, laundry, accommodation, telephones",5,2022-03-01 18:40:00,687_telephones_housekeeping_interiors_re...
688,"sexual, autonomy, atypical, sexless, toilet",11,2022-03-01 18:40:00,688_sexual_autonomy_atypical_sexless
689,"answers, later, thank, senator, answer",5,2022-03-01 18:40:00,689_answers_later_thank_senator
690,"interpret, authority, sure, right, way",1,2022-03-01 18:40:00,690_authority_tabernacle_authoritativene...
691,"persian, persians, piranians, protection, incorruption",5,2022-03-01 18:40:00,691_persian_protection_kári_persians
693,"covid, trident, ready, multiple, govern",3,2022-03-01 18:40:00,693_trident_stubbornness_covid_decountin...
694,"induction, predictable, fully, short, considered",3,2022-03-01 18:40:00,694_induction_happen_desk_takes
695,"sale, harmony, business, head, economic",1,2022-03-01 18:40:00,695_sale_sales_businessman_ministers
696,"facts, dejected, themselves, cut, speak",6,2022-03-01 18:40:00,696_facts_dejected_eyes_chronicle
697,"permission, furthermore, says, president, program",4,2022-03-01 18:40:00,697_permission_jesusko_marlins_president
699,"understandably, cooperation, based, community, policy",1,2022-03-01 18:40:00,699_cooperation_flows_exorcisms_prosperi...
700,"prime, answer, thank, much, very",1,2022-03-01 18:40:00,700_prime_thank_answers_answer
701,"sustained, evaluations, influence, project, evaluate",1,2022-03-01 18:40:00,701_project_management_grades_profession...
704,"stress, examples, each, allowing, space",3,2022-03-01 18:40:00,704_community_stress_reevaluates_beware
705,"oil, flammable, barrels, swallowing, diesel",4,2022-03-01 18:40:00,705_oil_burned_diesel_tons
-1,"hospital, covid, it, this, minister",15669,2022-03-30 16:00:00,-1_hospital_covid_stress_disease
0,"european, europe, union, eu, eea",477,2022-03-30 16:00:00,0_european_europe_union_nato
1,"paritaprevir, ingi, son, jóhannsson, jónsson",269,2022-03-30 16:00:00,1_paritaprevir_son_ingi_daughter
2,"ukraine, russia, russian, invasion, putin",126,2022-03-30 16:00:00,2_ukraine_russia_russian_putin
3,"italy, italians, italian, brothers, viva",188,2022-03-30 16:00:00,3_italy_italians_italian_brothers
4,"iceland, icelandic, icelanders, allied, destination",234,2022-03-30 16:00:00,4_iceland_icelandic_icelanders_internati...
5,"covid, epidemic, virus, pandemic, disease",133,2022-03-30 16:00:00,5_epidemic_covid_virus_pandemic
6,"housing, apartments, homes, rent, apartment",188,2022-03-30 16:00:00,6_housing_rent_apartments_apartment
7,"energy, electricity, renewable, exchange, efficiency",300,2022-03-30 16:00:00,7_energy_electricity_exchange_renewable
8,"bank, banks, office, banking, sale",644,2022-03-30 16:00:00,8_bank_banks_banking_office
9,"fish, fishing, farming, farms, marine",140,2022-03-30 16:00:00,9_fishing_fish_coastal_marine
10,"minister, ministers, ministry, highest, his",239,2022-03-30 16:00:00,10_minister_ministers_ministry_highest
11,"school, university, courses, education, students",183,2022-03-30 16:00:00,11_school_education_students_teachers
12,"bill, bills, main, contents, articles",94,2022-03-30 16:00:00,12_bill_bills_articles_think
13,"financial, program, budget, policy, programs",226,2022-03-30 16:00:00,13_financial_budget_program_policy
14,"government, governments, trust, what, does",143,2022-03-30 16:00:00,14_government_governments_trust_does
15,"justice, lawyer, court, magistrates, attorney",19,2022-03-30 16:00:00,15_judiciary_magistrates_justice_judicia...
16,"internet, telecommunications, telecommunication, security, communications",36,2022-03-30 16:00:00,16_telecommunications_internet_communica...
17,"sports, sport, games, practicers, arenas",23,2022-03-30 16:00:00,17_sport_sports_activity_psychophysical
18,"senator, why, ask, question, what",122,2022-03-30 16:00:00,18_senator_why_ask_question
19,"approves, annex, followed, senate, see",78,2022-03-30 16:00:00,19_approves_annex_followed_senate
20,"water, outflow, irrigation, ecological, rivers",160,2022-03-30 16:00:00,20_water_drought_irrigation_outflow
21,"tax, taxes, income, taxation, credits",69,2022-03-30 16:00:00,21_tax_taxes_income_taxation
22,"bank, iceland, banks, sales, sale",282,2022-03-30 16:00:00,22_bank_iceland_banks_sales
23,"refugees, refugee, welcome, lebanon, fleeing",192,2022-03-30 16:00:00,23_refugees_refugee_welcome_fleeing
24,"discussion, gonna, conversation, ll, tonight",102,2022-03-30 16:00:00,24_discussion_discuss_conversation_inter...
25,"mental, health, illness, psychological, services",38,2022-03-30 16:00:00,25_mental_health_hospital_services
26,"investors, sale, qualified, buyers, sold",334,2022-03-30 16:00:00,26_investors_sale_qualified_sold
27,"artists, art, musicians, music, artist",79,2022-03-30 16:00:00,27_artists_art_artist_musicians
28,"council, hall, members, here, at",103,2022-03-30 16:00:00,28_council_here_members_hall
29,"nursing, older, home, elderly, hospital",102,2022-03-30 16:00:00,29_nursing_older_elderly_home
30,"thank, rapporteurs, mr, commission, colleagues",49,2022-03-30 16:00:00,30_thank_rapporteurs_commission_mr
31,"madam, president, mr, speech, thank",64,2022-03-30 16:00:00,31_mr_madam_president_speech
32,"pension, fund, pensions, pensioners, funds",68,2022-03-30 16:00:00,32_pension_fund_pensions_funds
33,"rural, society, communities, areas, state",129,2022-03-30 16:00:00,33_rural_society_communities_areas
34,"women, violence, sexual, rape, men",30,2022-03-30 16:00:00,34_women_violence_men_perpetrators
35,"election, elections, electoral, district, campaign",29,2022-03-30 16:00:00,35_election_elections_electoral_votes
36,"inflation, rising, growth, increase, prices",69,2022-03-30 16:00:00,36_inflation_rising_growth_prices
37,"covid, vaccine, vaccination, vaccines, vaccinated",32,2022-03-30 16:00:00,37_vaccine_vaccination_covid_vaccines
38,"highest, secretary, finance, minister, prime",139,2022-03-30 16:00:00,38_highest_minister_secretary_finance
39,"explanation, speak, ask, vote, you",62,2022-03-30 16:00:00,39_explanation_speak_ask_vote
40,"disabled, disability, persons, rights, assistance",145,2022-03-30 16:00:00,40_disabled_disability_persons_impairmen...
41,"she, her, herself, stabbed, selling",98,2022-03-30 16:00:00,41_she_her_herself_ll
42,"agriculture, farmers, agricultural, sector, farm",28,2022-03-30 16:00:00,42_farmers_agriculture_agricultural_prod...
43,"laws, law, broken, stress, interpretation",69,2022-03-30 16:00:00,43_laws_law_these_breaking
44,"cars, electric, vehicles, car, fuel",45,2022-03-30 16:00:00,44_cars_electric_vehicles_car
45,"thank, senator, want, you, inquiry",91,2022-03-30 16:00:00,45_thank_senator_you_want
46,"draghi, president, monarchy, grandfather, covid",24,2022-03-30 16:00:00,46_draghi_president_your_mario
47,"hospital, land, hospitals, mckinsey, construction",27,2022-03-30 16:00:00,47_hospital_land_hospitals_management
48,"parliament, impaired, ridicules, straight, parliamentary",21,2022-03-30 16:00:00,48_parliament_parliamentary_parliamentar...
49,"climate, goals, change, targets, climates",84,2022-03-30 16:00:00,49_climate_change_goals_climates
50,"party, independence, left, green, advance",105,2022-03-30 16:00:00,50_independence_party_left_green
51,"movimento, stars, star, favour, movement",30,2022-03-30 16:00:00,51_movimento_stars_star_movement
52,"municipalities, mayors, mayor, local, inhabitants",181,2022-03-30 16:00:00,52_municipalities_mayors_mayor_local
53,"health, minister, hospital, highest, healthcare",17,2022-03-30 16:00:00,53_health_disease_minister_highest
54,"transportation, transport, road, roads, traffic",27,2022-03-30 16:00:00,54_transport_road_transportation_roads
55,"labour, unions, jobs, labor, job",74,2022-03-30 16:00:00,55_labour_unions_labor_workers
56,"iceland, energy, climate, emissions, fossil",68,2022-03-30 16:00:00,56_iceland_energy_climate_emissions
57,"decree, law, conversion, aid, cuts",24,2022-03-30 16:00:00,57_decree_law_conversion_aid
58,"finance, secretary, financial, knew, highest",132,2022-03-30 16:00:00,58_finance_secretary_financial_highest
59,"sweden, finland, nato, atlantic, closest",10,2022-03-30 16:00:00,59_sweden_finland_nato_atlantic
60,"accountant, accounting, state, research, investigation",199,2022-03-30 16:00:00,60_accountant_accounting_state_research
61,"tourism, tourists, tourist, travel, sector",42,2022-03-30 16:00:00,61_tourism_tourists_tourist_travel
62,"pnrr, stress, nursery, mission, quota",30,2022-03-30 16:00:00,62_pnrr_reform_reforms_objectives
63,"reversing, modernity, grasped, paradoxically, pigs",1,2022-03-30 16:00:00,63_virus_wild_swine_fever
64,"committee, discussed, committees, review, report",30,2022-03-30 16:00:00,64_committee_committees_study_opinion
65,"resistant, somebody, picking, smoke, helped",1,2022-03-30 16:00:00,65_nicotine_pads_smoking_products
66,"lgbt, queer, gay, liberticidal, orbán",4,2022-03-30 16:00:00,66_queer_gay_people_rights
67,"cancer, cancerskis, exams, average, resulted",3,2022-03-30 16:00:00,67_cancer_oncology_disease_screening
68,"media, 22027, democracies, 20231, hesitate",6,2022-03-30 16:00:00,68_media_radio_journalists_press
69,"transport, environment, committee, worries, thoroughly",11,2022-03-30 16:00:00,69_transport_environment_committee_envir...
70,"hv, senator, referred, introduces, asks",52,2022-03-30 16:00:00,70_hv_senator_asks_disease
71,"pay, wage, wages, remuneration, labor",29,2022-03-30 16:00:00,71_wage_salary_pay_remuneration
72,"ukraine, refugees, fleeing, reception, ukrainian",39,2022-03-30 16:00:00,72_refugees_ukraine_ukrainian_reception
73,"withdrawn, amendment, 101, 100, amendments",12,2022-03-30 16:00:00,73_withdrawn_amendments_amendment_17
74,"discrimination, race, background, ethnic, regardless",22,2022-03-30 16:00:00,74_discrimination_race_ethnic_equal
75,"his, reputation, he, ed, idealists",9,2022-03-30 16:00:00,75_his_he_him_man
76,"contracts, 172, treaties, contract, 90",64,2022-03-30 16:00:00,76_contracts_172_contract_pay
77,"closed, debate, mixed, fdi, president",20,2022-03-30 16:00:00,77_closed_debate_fdi_president
78,"welfare, committee, election, suggest, referred",29,2022-03-30 16:00:00,78_welfare_committee_suggest_referred
79,"thanking, thank, minister, start, prime",29,2022-03-30 16:00:00,79_thank_thanking_minister_prime
80,"peace, diplomacy, war, mediation, foment",20,2022-03-30 16:00:00,80_peace_diplomacy_diplomatic_war
81,"ship, ships, sea, boats, patrons",9,2022-03-30 16:00:00,81_ships_ship_boat_sailors
82,"ballot, tabled, simultaneous, refer, senators",12,2022-03-30 16:00:00,82_ballot_tabled_simultaneous_refer
83,"police, enforcement, officers, surveillance, sexual",31,2022-03-30 16:00:00,83_police_officers_enforcement_officer
84,"addiction, methadone, metropolitan, punishment, vehicles",3,2022-03-30 16:00:00,84_drugs_drug_addiction_abuse
85,"generals, generalis, surveillance, general, agent",40,2022-03-30 16:00:00,85_generals_generalis_general_respect
86,"gas, russia, russian, dependence, pipelines",22,2022-03-30 16:00:00,86_gas_russia_russian_dependence
87,"deadline, 31, extended, months, 2022",14,2022-03-30 16:00:00,87_deadline_extended_extension_2022
88,"respectable, president, dust, excellency, downplay",26,2022-03-30 16:00:00,88_respectable_president_dignified_yes
89,"prison, prisoners, prisons, inmates, police",23,2022-03-30 16:00:00,89_prison_prisons_prisoners_prisoner
90,"suspend, resume, suspended, sitting, clarification",9,2022-03-30 16:00:00,90_suspend_sitting_resume_suspended
91,"directors, board, director, lying, directorship",15,2022-03-30 16:00:00,91_directors_director_board_management
92,"agriculture, agricultural, gardening, lux, iceland",7,2022-03-30 16:00:00,92_food_icelandic_agriculture_production
93,"increase, average, 60, percent, 50",47,2022-03-30 16:00:00,93_percent_increase_ratio_60
94,"park, parks, highlands, national, lake",17,2022-03-30 16:00:00,94_park_lake_parks_bay
95,"environmental, assessment, valid, temporary, assessments",123,2022-03-30 16:00:00,95_environmental_assessment_assessments_...
96,"forza, italia, favour, berlusconi, group",22,2022-03-30 16:00:00,96_forza_italia_berlusconi_udc
97,"food, domestic, production, disguise, security",14,2022-03-30 16:00:00,97_food_production_security_covid
98,"democracy, democracies, liberal, dictators, dies",10,2022-03-30 16:00:00,98_democracy_democracies_dictatorships_d...
100,"italy, energy, renewable, gas, italian",27,2022-03-30 16:00:00,100_italy_energy_italian_gas
102,"measure, measures, values, measured, metering",27,2022-03-30 16:00:00,102_measure_measures_measuring_stress
103,"activation, activations, mw, options, hydrodynamic",20,2022-03-30 16:00:00,103_activation_activations_options_optio...
104,"alpine, alps, alpines, corps, nikolajewka",123,2022-03-30 16:00:00,104_alpine_alps_alpines_corps
105,"sponsored, counter, thank, senator, you",43,2022-03-30 16:00:00,105_sponsored_counter_thank_senator
106,"security, social, system, calculate, shrinkage",29,2022-03-30 16:00:00,106_security_social_system_review
107,"thank, discussion, want, excellent, you",13,2022-03-30 16:00:00,107_thank_discussion_want_you
108,"numbers, statistics, average, whoops, cuckoo",30,2022-03-30 16:00:00,108_numbers_statistics_average_number
109,"care, health, doctors, proximity, medicine",16,2022-03-30 16:00:00,109_care_health_professionals_doctors
110,"airports, flight, airlines, flights, airport",9,2022-03-30 16:00:00,110_airport_flight_air_airports
111,"sea, marine, ocean, ecosystems, seawater",19,2022-03-30 16:00:00,111_sea_marine_seabed_ocean
112,"gonna, changed, again, turned, blew",20,2022-03-30 16:00:00,112_changed_gonna_turned_change
113,"draft, law, consideration, deputies, proposed",32,2022-03-30 16:00:00,113_draft_law_deputies_consideration
114,"infrastructure, building, buildings, projects, weights",19,2022-03-30 16:00:00,114_infrastructure_building_area_capital
115,"question, answers, questions, answer, answered",28,2022-03-30 16:00:00,115_question_answers_answer_questions
116,"child, welfare, protection, children, committees",84,2022-03-30 16:00:00,116_child_welfare_protection_children
117,"waiting, list, lists, covid, wait",21,2022-03-30 16:00:00,117_waiting_list_lists_wait
118,"competition, active, market, consumers, covariate",11,2022-03-30 16:00:00,118_competition_consumers_market_interes...
119,"international, protection, joints, candidates, falls",8,2022-03-30 16:00:00,119_protection_international_candidates_...
120,"fish, tuna, blue, fishing, catch",42,2022-03-30 16:00:00,120_fish_fishing_tuna_salmon
121,"absent, near, future, bees, honey",1,2022-03-30 16:00:00,121_bees_honey_beekeepers_beekeeping
122,"possible, voids, easy, conclusive, done",19,2022-03-30 16:00:00,122_possible_done_easy_impossible
123,"healthy, lifestyle, accompany, aging, food",1,2022-03-30 16:00:00,123_score_diet_nutri_labelling
124,"report, reports, tif, storages, brag",15,2022-03-30 16:00:00,124_report_reviews_reports_review
125,"tunnel, landy, mastodontic, bridge, shoveling",2,2022-03-30 16:00:00,125_tunnel_bridge_sunway_tunnels
126,"history, learn, lesson, lessons, learned",19,2022-03-30 16:00:00,126_history_learn_lesson_lessons
127,"favour, vote, measure, motion, resolution",20,2022-03-30 16:00:00,127_favour_vote_measure_resolution
128,"politics, political, millandoing, secularly, dominate",13,2022-03-30 16:00:00,128_politics_political_stress_blackmail
129,"william, macys, receipts, restaurant, restaurants",3,2022-03-30 16:00:00,129_restaurants_restaurant_opening_cater...
130,"system, isn, cons, pros, sides",8,2022-03-30 16:00:00,130_system_systems_defective_wrong
131,"invite, proceed, examination, intended, representative",5,2022-03-30 16:00:00,131_examination_proceed_invite_represent...
132,"superbonus, bonus, 110, interpretations, credit",9,2022-03-30 16:00:00,132_superbonus_110_bonuses_bonus
133,"permission, says, president, 540, withauthority",35,2022-03-30 16:00:00,133_permission_says_president_withauthor...
134,"wind, power, frame, windmills, plant",9,2022-03-30 16:00:00,134_wind_power_windmills_frame
135,"inhaling, silver, masks, slip, longest",2,2022-03-30 16:00:00,135_masks_mask_ffp2_obligation
136,"accessory, nordic, marriage, disappeared, separation",3,2022-03-30 16:00:00,136_marriage_divorce_married_wedding
137,"withdraw, 102, amendments, nos, withdrawn",14,2022-03-30 16:00:00,137_withdraw_amendment_amendments_withdr...
138,"growth, unemployment, rebound, recovery, economic",22,2022-03-30 16:00:00,138_growth_unemployment_economic_rebound
139,"animals, animal, veterinary, exotic, transport",15,2022-03-30 16:00:00,139_animals_animal_veterinary_medicinal
140,"hours, rest, stress, 48, 11",47,2022-03-30 16:00:00,140_hours_rest_stress_shift
141,"billies, salutation, stairway, tailor, legalization",2,2022-03-30 16:00:00,141_contracting_procurement_stations_con...
142,"responsibility, responsible, responsibilities, irresponsibility, shouldering",21,2022-03-30 16:00:00,142_responsibility_responsible_responsib...
143,"protest, hospital, protesters, protests, praise",4,2022-03-30 16:00:00,143_protesters_demonstrations_police_pro...
144,"personal, information, sensitive, data, processing",13,2022-03-30 16:00:00,144_data_personal_information_storage
145,"abuse, sexual, violence, shortening, promote",4,2022-03-30 16:00:00,145_violence_abuse_sexual_domestic
146,"registered, speak, pizzol, senator, papatheu",9,2022-03-30 16:00:00,146_registered_speak_senator_modena
147,"eur, euros, billion, allocated, million",14,2022-03-30 16:00:00,147_eur_euros_allocated_billion
148,"emergency, valuables, exceptional, accidents, temporarily",9,2022-03-30 16:00:00,148_emergency_emergencies_exceptional_91...
149,"ukrainian, italy, russia, italian, paramonov",6,2022-03-30 16:00:00,149_italy_ukrainian_ukraine_italian
150,"visitors, committee, guests, discussed, reviews",10,2022-03-30 16:00:00,150_visitors_guests_discussed_received
151,"investment, investing, investments, itet, stirrs",19,2022-03-30 16:00:00,151_investment_investments_invest_invest...
152,"trust, broken, rebuild, glue, collapse",54,2022-03-30 16:00:00,152_trust_broken_rebuild_glue
153,"resumed, suspended, sitting, 01, 09",5,2022-03-30 16:00:00,153_resumed_suspended_sitting_12
154,"insurance, pencils, device, string, incompetent",5,2022-03-30 16:00:00,154_insurance_companies_company_pencils
155,"goals, ambitious, set, goal, reach",29,2022-03-30 16:00:00,155_goals_ambitious_reach_goal
156,"reform, reforms, pragmatically, trajectory, corrections",8,2022-03-30 16:00:00,156_reform_reforms_stress_majority
157,"agenda, g1, 102, g2, favour",7,2022-03-30 16:00:00,157_agenda_g1_favour_mr
158,"minute, reminds, speakers, conference, speech",21,2022-03-30 16:00:00,158_reminds_minute_speakers_speech
159,"nurses, stress, nursing, hospital, doctors",16,2022-03-30 16:00:00,159_nurses_hospital_stress_doctors
160,"iceland, health, insurance, care, proud",14,2022-03-30 16:00:00,160_insurance_hospital_health_iceland
161,"enlisted, speak, he, beginini, gringo",8,2022-03-30 16:00:00,161_enlisted_speak_he_senator
162,"permit, license, patent, temporary, job",18,2022-03-30 16:00:00,162_permit_employment_job_patent
163,"colleagues, silence, silent, eraser, volume",11,2022-03-30 16:00:00,163_colleagues_silence_voice_volume
164,"challenges, challenge, face, huge, challenging",22,2022-03-30 16:00:00,164_challenges_challenge_challenging_fac...
165,"enlisted, speak, bergesio, senator, birgi",8,2022-03-30 16:00:00,165_enlisted_speak_senator_arrigoni
166,"rules, rule, minimize, regulations, villain",21,2022-03-30 16:00:00,166_rules_rule_regulations_purpose
167,"nigeria, africa, niger, city, lagos",58,2022-03-30 16:00:00,167_nigeria_africa_niger_city
168,"session, meet, agenda, following, wednesday",8,2022-03-30 16:00:00,168_session_agenda_meet_following
169,"help, twin, begged, compassion, needy",13,2022-03-30 16:00:00,169_help_spoon_knife_compassion
170,"women, gender, men, sexes, innovation",35,2022-03-30 16:00:00,170_women_men_gender_sexes
171,"81, maffoni, 5th, contrary, roll",14,2022-03-30 16:00:00,171_81_5th_contrary_roll
172,"porziuncola, giotto, cimabue, artistic, restoration",1,2022-03-30 16:00:00,172_parma_regio_teatro_verdi
173,"agree, senator, says, cradre, disagree",17,2022-03-30 16:00:00,173_agree_senator_completely_what
174,"better, do, pants, toes, need",24,2022-03-30 16:00:00,174_better_do_we_need
175,"roll, simultaneous, tabled, ballot, call",10,2022-03-30 16:00:00,175_roll_tabled_simultaneous_call
176,"cinema, subsidiary, tangible, movies, conventional",2,2022-03-30 16:00:00,176_cinemas_cinema_platforms_films
177,"francis, assisi, st, saint, umbria",69,2022-03-30 16:00:00,177_francis_assisi_st_saint
178,"solidarity, mediation, cohesion, waver, together",16,2022-03-30 16:00:00,178_solidarity_mediation_cohesion_togeth...
179,"council, anti, office, 61th, president",11,2022-03-30 16:00:00,179_council_office_president_adjective
180,"favourably, earmarks, specification, parapolitic, commission",12,2022-03-30 16:00:00,180_commission_stress_constructive_agree...
181,"cost, expensive, gonna, secondary, costly",24,2022-03-30 16:00:00,181_cost_expensive_costs_gonna
182,"frame, plan, stage, phase, blew",11,2022-03-30 16:00:00,182_frame_plan_stage_fourth
183,"closed, sitting, agenda, 08, 16",8,2022-03-30 16:00:00,183_closed_sitting_agenda_see
184,"organic, production, farm, farming, food",14,2022-03-30 16:00:00,184_organic_farming_fork_farm
186,"rapporteur, call, faggi, senator, motion",8,2022-03-30 16:00:00,186_rapporteur_call_senator_alfonso
187,"documents, forwarded, questions, 34, motions",8,2022-03-30 16:00:00,187_documents_forwarded_questions_34
188,"presidency, authorise, accordingly, answering, authorizes",5,2022-03-30 16:00:00,188_presidency_authorizes_authorise_note
189,"uncertainty, solutions, slows, kills, solution",9,2022-03-30 16:00:00,189_uncertainty_solutions_solved_solutio...
190,"absent, assignment, communications, leave, published",8,2022-03-30 16:00:00,190_absent_assignment_communications_lea...
192,"billion, 719, 859, chained, scriptures",16,2022-03-30 16:00:00,192_billion_millions_100_hundreds
193,"abstention, abstain, vote, reasons, against",10,2022-03-30 16:00:00,193_abstain_against_abstention_vote
194,"companies, companys, company, sombers, business",14,2022-03-30 16:00:00,194_companies_company_epidemic_covid
195,"approve, annex, doesn, followed, senate",3,2022-03-30 16:00:00,195_approve_annex_doesn_followed
196,"cucchi, kicks, fists, francesco, stefano",3,2022-03-30 16:00:00,196_matteotti_giacomo_socialist_1924
197,"corruption, bribes, bribe, charges, obvious",22,2022-03-30 16:00:00,197_corruption_bribes_bribe_bribery
198,"happening, library, stays, way, forever",10,2022-03-30 16:00:00,198_way_supposed_happens_happening
199,"plan, plans, expounding, sexual, reexamine",16,2022-03-30 16:00:00,199_plan_plans_operation_fashioned
200,"accepted, agenda, having, 102, g4100",5,2022-03-30 16:00:00,200_accepted_agenda_g9_having
201,"money, guns, financing, haste, stewards",11,2022-03-30 16:00:00,201_money_funds_spent_guns
202,"commemorated, romana, alcide, gasperi, 1954",1,2022-03-30 16:00:00,202_romana_maria_gasperi_de
204,"wood, land, healing, forest, experimenting",14,2022-03-30 16:00:00,204_wood_land_shallow_forestry
206,"quarter, gas, incurred, credit, 2022",10,2022-03-30 16:00:00,206_quarter_credit_gas_incurred
208,"reykjavík, city, properly, smokenes, reykjavíkurburg",6,2022-03-30 16:00:00,208_reykjavík_city_airport_capital
209,"policy, entrance, engulf, policies, points",20,2022-03-30 16:00:00,209_policy_policies_plan_miss
210,"recommend, correct, legalize, laws, apc",6,2022-03-30 16:00:00,210_recommend_hereby_legalize_correct
211,"blood, transfusion, transfusions, hiv, donate",7,2022-03-30 16:00:00,211_blood_transfusion_transfusions_donat...
212,"billion, estimated, 2027, budget, year",23,2022-03-30 16:00:00,212_billion_estimated_million_cost
213,"scientific, science, perfectly, normal, afraid",7,2022-03-30 16:00:00,213_science_scientists_scientific_expert...
214,"oral, carry, authorisation, requested, rapporteur",15,2022-03-30 16:00:00,214_oral_carry_authorisation_requested
215,"language, languages, english, learning, pocus",16,2022-03-30 16:00:00,215_language_languages_english_linguists
216,"accepted, comments, request, were, made",14,2022-03-30 16:00:00,216_accepted_comments_request_made
217,"proceed, shall, amendment, vote, now",3,2022-03-30 16:00:00,217_proceed_shall_amendment_vote
218,"academic, crisis, laureates, stagflation, nobel",4,2022-03-30 16:00:00,218_crisis_economic_crises_economy
219,"explain, minutes, three, covid, question",23,2022-03-30 16:00:00,219_explain_minutes_three_question
220,"killing, chains, rejected, absurd, fishermen",2,2022-03-30 16:00:00,220_amendment_amendments_rejected_tabled
222,"rosary, back, me, register, put",44,2022-03-30 16:00:00,222_rosary_back_me_put
223,"approve, annex, doesn, followed, senate",2,2022-03-30 16:00:00,223_approve_annex_doesn_followed
224,"nuclear, weapons, sgs, simulation, princeton",4,2022-03-30 16:00:00,224_nuclear_weapons_npt_disarmament
225,"reality, quarreling, asleep, deal, situation",10,2022-03-30 16:00:00,225_reality_fantasy_situation_face
227,"synonym, proposes, listed, recommended, forced",2,2022-03-30 16:00:00,227_synonym_proposed_form_proposal
228,"rule, simultaneous, refer, vote, roll",1,2022-03-30 16:00:00,228_rule_roll_simultaneous_refer
229,"81, maffoni, 5th, contrary, requested",3,2022-03-30 16:00:00,229_81_5th_contrary_requested
231,"easy, exceptionally, dive, simple, inexpensive",10,2022-03-30 16:00:00,231_easy_simple_stress_reconstruction
232,"invitation, successful, invitations, closed, violates",39,2022-03-30 16:00:00,232_invitation_successful_invitations_cl...
233,"sanctions, cancels, revises, suspends, hypothesis",3,2022-03-30 16:00:00,233_sanctions_russia_oligarchs_against
234,"disasters, earthquake, meteoclimatic, 309, eagle",4,2022-03-30 16:00:00,234_disasters_natural_disaster_earthquak...
235,"presidents, proceedings, 55, 595th, 77st",8,2022-03-30 16:00:00,235_presidents_proceedings_55_vice
236,"gas, price, ttf, dutch, traded",16,2022-03-30 16:00:00,236_gas_ttf_price_dutch
237,"covid, piercing, 346, to700, 000",12,2022-03-30 16:00:00,237_000_no_2018_number
238,"housing, reykjavík, renters, apartments, peers",5,2022-03-30 16:00:00,238_reykjavík_apartments_housing_apartme...
239,"examples, example, incomprehensible, postaming, vivid",17,2022-03-30 16:00:00,239_examples_example_explanation_give
240,"record, thank, senator, tour, you",16,2022-03-30 16:00:00,240_thank_record_senator_answer
241,"pursuant, 113, rule, procedure, accepted",8,2022-03-30 16:00:00,241_pursuant_113_accepted_procedure
242,"wound, competition, reefed, illuminated, aims",2,2022-03-30 16:00:00,242_competition_draft_law_pnrr
243,"changes, simplification, change, practitional, comparative",14,2022-03-30 16:00:00,243_changes_change_simplification_order
244,"freedom, freedoms, locking, probe, free",4,2022-03-30 16:00:00,244_freedom_free_freedoms_obstacle
245,"priorities, priority, setting, absurdity, imposing",19,2022-03-30 16:00:00,245_priorities_priority_stress_setting
246,"ministers, minister, prime, answer, entrailers",14,2022-03-30 16:00:00,246_ministers_minister_prime_answer
248,"foreigners, immigrants, reception, emigrants, 116",7,2022-03-30 16:00:00,248_foreigners_immigrants_alien_laws
249,"armed, forces, defense, military, disposes",9,2022-03-30 16:00:00,249_armed_forces_military_tasks
250,"research, committee, investigate, committees, general",61,2022-03-30 16:00:00,250_research_committee_investigate_commi...
251,"speech, presentations, my, retrace, second",7,2022-03-30 16:00:00,251_speech_my_second_talk
252,"children, child, paintings, interests, measurements",11,2022-03-30 16:00:00,252_children_child_interests_kids
253,"dissent, explanation, speak, group, ask",9,2022-03-30 16:00:00,253_dissent_explanation_group_speak
254,"floor, note, give, take, you",7,2022-03-30 16:00:00,254_floor_note_give_take
255,"mental, shovels, garða, pair, iceland",5,2022-03-30 16:00:00,255_mental_hospital_health_iceland
257,"2nd, suggest, referred, andwhat, promissary",8,2022-03-30 16:00:00,257_2nd_suggest_referred_business
258,"film, matches, movies, analyze, trials",2,2022-03-30 16:00:00,258_film_filmmaking_movie_industry
259,"innovation, integrations, technology, glasses, teamwork",8,2022-03-30 16:00:00,259_innovation_technology_solutions_rese...
260,"letter, request, written, received, petition",9,2022-03-30 16:00:00,260_letter_written_request_received
261,"cows, straighten, dairy, cow, confident",2,2022-03-30 16:00:00,261_milk_meat_industry_dairy
262,"song, songs, lyrics, mellow, rhythm",16,2022-03-30 16:00:00,262_song_mellow_songs_lyrics
263,"conditions, renegotiate, joint, negotiations, agreement",13,2022-03-30 16:00:00,263_agreement_negotiations_conditions_ag...
264,"greece, sparta, athens, greeks, moved",3,2022-03-30 16:00:00,264_greece_greek_refugees_circumstances
265,"patuanelli, fisheries, basically, calls, oil",1,2022-03-30 16:00:00,265_text_favour_amendment_am
266,"debt, collection, refinance, expenditure, contracted",9,2022-03-30 16:00:00,266_debt_2026_collection_stop
267,"minutes, sitting, secretary, pisani, read",6,2022-03-30 16:00:00,267_minutes_sitting_secretary_giro
268,"dental, dentists, nursery, visits, crowns",3,2022-03-30 16:00:00,268_dental_teeth_dentists_children
270,"red, cross, extended, cooperated, reassuring",9,2022-03-30 16:00:00,270_red_cross_contract_hornbeam
271,"agreed, spends, mpa, negotiated, furthermore",8,2022-03-30 16:00:00,271_no_requirement_foreboding_kaläl
272,"pharmacovigilance, medicinal, bioavailability, adverse, reactions",15,2022-03-30 16:00:00,272_bioavailability_cyp3a4_medicinal_pha...
273,"young, youth, undoubted, hungry, makers",6,2022-03-30 16:00:00,273_young_youths_youth_people
274,"mind, keep, eventually, watch, learn",6,2022-03-30 16:00:00,274_keep_mind_eye_impulsive
275,"rapporteur, call, therefore, rojc, fenu",13,2022-03-30 16:00:00,275_rapporteur_call_therefore_rojc
276,"fable, millionaire, alema, lashes, deprivation",2,2022-03-30 16:00:00,276_prosecutor_magistrates_court_rome
277,"list, lists, publish, undesirables, patriotism",18,2022-03-30 16:00:00,277_list_lists_he_information
278,"rapporteur, agree, mr, president, ferro",5,2022-03-30 16:00:00,278_rapporteur_agree_mr_president
279,"immediate, fields, drastic, tire, fences",6,2022-03-30 16:00:00,279_immediately_action_immediate_quickly
280,"currency, euro, liras, fluttering, renovating",7,2022-03-30 16:00:00,280_currency_euro_dollar_swinging
281,"institutional, coordination, confirmed, sees, element",1,2022-03-30 16:00:00,281_irccs_research_clinical_translationa...
283,"insularity, islands, 119, stress, disadvantages",44,2022-03-30 16:00:00,283_islands_insularity_119_stress
284,"epidemic, covid, virus, clump, takers",4,2022-03-30 16:00:00,284_covid_epidemic_virus_disease
285,"mg, persons, uh, disabled, twenty",5,2022-03-30 16:00:00,285_mg_uh_par_1st
286,"prevention, disease, pathological, ex, safeguard",2,2022-03-30 16:00:00,286_disease_prevention_focusing_prevent
287,"projects, project, intersect, sprays, spark",6,2022-03-30 16:00:00,287_project_projects_started_seaguard
288,"group, groups, enjoys, hat, host",11,2022-03-30 16:00:00,288_group_groups_stress_root
289,"westerns, important, reconsider, think, knock",14,2022-03-30 16:00:00,289_important_think_fundamental_picture
290,"explanation, speak, ask, vote, you",7,2022-03-30 16:00:00,290_explanation_speak_ask_vote
291,"waste, garbage, disposal, bags, recycling",9,2022-03-30 16:00:00,291_waste_disposal_recycling_garbage
292,"possession, ownership, property, discharge, distribution",14,2022-03-30 16:00:00,292_possession_property_ownership_distri...
293,"sitting, 113, star, electronic, inform",6,2022-03-30 16:00:00,293_sitting_113_star_electronic
295,"cuneo, municipality, mayor, small, municipalities",1,2022-03-30 16:00:00,295_basilicata_coviello_romualdo_carrara
296,"identifying, beach, whatever, determined, spoken",1,2022-03-30 16:00:00,296_beaches_beach_bathing_concessions
297,"worried, hivekot, krysavík, worry, mine",11,2022-03-30 16:00:00,297_worried_worry_mine_problem
298,"education, icelandic, motherhood, children, 361",10,2022-03-30 16:00:00,298_icelandic_education_children_school
299,"ukrainian, reserved, effects, tuesday, crisis",2,2022-03-30 16:00:00,299_item_tomorrow_document_decree
301,"answer, thank, much, very, minister",13,2022-03-30 16:00:00,301_answer_thank_much_very
302,"case, clothes, finish, invented, finishing",10,2022-03-30 16:00:00,302_case_finish_gonna_finished
303,"welfare, aktuel, welfareist, misdirection, delirium",10,2022-03-30 16:00:00,303_welfare_jobseekers_systems_system
304,"explanation, speak, ask, vote, you",9,2022-03-30 16:00:00,304_explanation_speak_ask_vote
305,"common, defence, policy, marginalized, foreign",6,2022-03-30 16:00:00,305_policy_defence_foreign_common
306,"gdp, percent, growth, nadef, def",25,2022-03-30 16:00:00,306_gdp_growth_percent_nadef
307,"excluded, concerns, agreement, therefore, house",1,2022-03-30 16:00:00,307_excluded_remaining_amendment_amendme...
308,"immateriality, nations, canon, tranquility, interests",7,2022-03-30 16:00:00,308_nations_international_reactor_nation
309,"spending, military, increase, increasing, 17",15,2022-03-30 16:00:00,309_spending_military_defence_billion
311,"denmark, danish, refugees, refuge, rwanda",29,2022-03-30 16:00:00,311_denmark_danish_refuge_prime
312,"inquiry, thank, senator, you, for",12,2022-03-30 16:00:00,312_inquiry_thank_senator_you
313,"approve, annex, doesn, followed, senate",7,2022-03-30 16:00:00,313_approve_annex_doesn_followed
314,"serious, abject, aesthetic, seriousness, specify",12,2022-03-30 16:00:00,314_serious_disinformers_seriousness_ser...
315,"democratic, favour, party, announce, democrats",11,2022-03-30 16:00:00,315_democratic_favour_party_announce
316,"islands, island, western, infrastructural, ecosystems",21,2022-03-30 16:00:00,316_islands_island_western_beer
317,"rights, freedom, steward, enjoy, listed",12,2022-03-30 16:00:00,317_rights_enjoy_marchionne_šk
318,"covid, campaign, vaccination, doses, percent",5,2022-03-30 16:00:00,318_covid_vaccination_vaccinated_vaccine...
319,"advertisement, institute, appeared, foreign, broken",1,2022-03-30 16:00:00,319_institute_foreign_applications_homep...
320,"investigate, investigating, gathering, shit, investigators",10,2022-03-30 16:00:00,320_weren_names_name_chats
321,"appointed, simple, staff, asked, question",1,2022-03-30 16:00:00,321_employees_staff_voting_representativ...
322,"service, pílatus, heródes, user, services",9,2022-03-30 16:00:00,322_service_services_basic_user
323,"expenses, oralfs, orlof, increased, 52019",10,2022-03-30 16:00:00,323_expenses_increase_increased_turnover
324,"covenant, covenants, validation, walked, declaring",8,2022-03-30 16:00:00,324_covenant_covenants_government_harmon...
325,"energy, prices, costs, speculation, companies",10,2022-03-30 16:00:00,325_energy_prices_price_gas
326,"transparency, transparent, 155, information, 2012",17,2022-03-30 16:00:00,326_transparency_transparent_155_epidemi...
328,"hunting, hunt, tenant, price, clearly",4,2022-03-30 16:00:00,328_hunting_hunt_costs_raising
329,"amendments, am, against, article, mr",1,2022-03-30 16:00:00,329_am_against_amendments_mr
330,"explanation, speak, ask, vote, you",5,2022-03-30 16:00:00,330_explanation_speak_ask_vote
331,"family, debased, fundamental, families, social",31,2022-03-30 16:00:00,331_family_fundamental_roles_debased
332,"citizenship, 152th, legion, 136, applications",2,2022-03-30 16:00:00,332_institute_generals_applications_citi...
333,"happy, behold, joy, shone, celebrating",8,2022-03-30 16:00:00,333_happy_joy_celebrate_celebrating
334,"120, pursuant, simultaneous, composed, ballot",2,2022-03-30 16:00:00,334_amended_simultaneous_120_refer
335,"balances, billion, compared, balance, expenditure",7,2022-03-30 16:00:00,335_balances_improvement_net_billion
336,"predictions, future, prophecy, predicting, forbids",9,2022-03-30 16:00:00,336_predictions_nostradamus_future_predi...
337,"reply, minutes, three, question, put",16,2022-03-30 16:00:00,337_reply_minutes_lamorgese_three
339,"rapporteur, opinion, accordance, officer, pleasure",3,2022-03-30 16:00:00,339_rapporteur_opinion_assent_rapporteur...
340,"roll, ballot, simultaneous, refer, call",13,2022-03-30 16:00:00,340_roll_ballot_simultaneous_refer
341,"covid, epidemic, generality, 24, unfit",1,2022-03-30 16:00:00,341_covid_epidemic_19_decree
342,"proceed, shall, requested, vote, having",4,2022-03-30 16:00:00,342_proceed_shall_split_vote
343,"happiness, heartfelt, wish, 19, individuals",1,2022-03-30 16:00:00,343_thank_colleagues_thanks_sincere
344,"impact, affect, expected, bill, financial",19,2022-03-30 16:00:00,344_impact_expected_affect_bill
345,"protection, surveillance, personal, tempting, diminish",8,2022-03-30 16:00:00,345_protection_surveillance_personal_pro...
346,"vat, invoices, applied, disparities, discover",4,2022-03-30 16:00:00,346_vat_necessities_invoice_matches
347,"approve, annex, doesn, followed, senate",4,2022-03-30 16:00:00,347_approve_annex_doesn_followed
348,"film, sighvik, recitals, lynch, sigurjón",4,2022-03-30 16:00:00,348_film_filmmaking_icelandic_movie
349,"2414, item, drawing, draft, debate",1,2022-03-30 16:00:00,349_item_draft_debate_next
350,"councilmen, conference, reminds, board, respect",11,2022-03-30 16:00:00,350_conference_councilmen_board_reminds
351,"floor, minutes, nugnes, zanda, zaffini",12,2022-03-30 16:00:00,351_floor_zanda_zaffini_nugnes
352,"north, oranges, apples, northern, fate",4,2022-03-30 16:00:00,352_north_northern_countries_experience
353,"data, lie, quote, frame, late",5,2022-03-30 16:00:00,353_data_database_subtracts_hospital
354,"excise, stops, sector, duties, rubber",2,2022-03-30 16:00:00,354_excise_duties_fuels_vat
355,"excluding, explanations, distribution, hours, lvii",4,2022-03-30 16:00:00,355_excluding_explanations_distribution_...
356,"conjugation, environment, harmonise, understandably, work",8,2022-03-30 16:00:00,356_work_unorthodox_environment_assistan...
357,"sized, enterprises, medium, smes, small",10,2022-03-30 16:00:00,357_sized_enterprises_medium_small
358,"explanation, speak, ask, vote, you",4,2022-03-30 16:00:00,358_explanation_speak_ask_vote
359,"loss, income, dollar, jets, earnings",9,2022-03-30 16:00:00,359_income_loss_loads_month
360,"financing, model, sorry, university, many",1,2022-03-30 16:00:00,360_student_loan_students_scholarship
361,"postamism, liked, deepened, would, comfortable",10,2022-03-30 16:00:00,361_liked_would_gotten_postamism
362,"permission, says, president, by, icellands",8,2022-03-30 16:00:00,362_permission_says_president_by
363,"councilmen, misunderstood, conflicting, discussion, regular",3,2022-03-30 16:00:00,363_councilmen_thank_discussion_council
364,"approve, annex, doesn, followed, senate",3,2022-03-30 16:00:00,364_approve_annex_doesn_followed
365,"poverty, poor, poorer, sucks, survivors",9,2022-03-30 16:00:00,365_poverty_poor_poorer_refusing
366,"mezzogiorno, allocated, 40, cohesion, clause",8,2022-03-30 16:00:00,366_mezzogiorno_railway_jubilee_rome
367,"bucks, 000, month, sheet, 200",8,2022-03-30 16:00:00,367_000_bucks_month_pay
368,"nature, generation, generations, spectacular, unusually",10,2022-03-30 16:00:00,368_nature_generations_protection_genera...
369,"speech, thank, senator, you, for",10,2022-03-30 16:00:00,369_speech_thank_senator_you
370,"loans, credit, blames, cheating, bills",4,2022-03-30 16:00:00,370_credit_loans_agent_creditors
371,"warrant, canceled, permit, provisional, reviewer",12,2022-03-30 16:00:00,371_warrant_frequency_permit_canceled
372,"leaders, timetable, conference, convened, organise",4,2022-03-30 16:00:00,372_leaders_conference_timetable_convene...
375,"staff, alluding, whaleting, southside, cooks",4,2022-03-30 16:00:00,375_staff_lack_shortage_specialized
376,"fire, burning, geological, geologist, pelvis",6,2022-03-30 16:00:00,376_geological_fire_sheets_mapping
377,"conversion, posed, deputies, chamber, approval",7,2022-03-30 16:00:00,377_conversion_posed_approval_trust
378,"talking, exactly, re, saying, what",11,2022-03-30 16:00:00,378_talking_re_what_about
379,"letter, smoke, borist, come, 4th",5,2022-03-30 16:00:00,379_borist_letter_smoke_near
380,"inaugurate, expansionism, australia, alliance, japan",1,2022-03-30 16:00:00,380_treaty_quirinale_france_paris
381,"waiting, party, expanding, lifetime, killing",3,2022-03-30 16:00:00,381_waiting_party_expand_expanding
382,"skeleton, rhetorical, symbols, handed, traditions",3,2022-03-30 16:00:00,382_forget_remember_memory_forgotten
383,"roll, ballot, simultaneous, refer, senators",4,2022-03-30 16:00:00,383_roll_ballot_simultaneous_tabled
384,"roll, ballot, simultaneous, rule, refer",12,2022-03-30 16:00:00,384_roll_ballot_simultaneous_rule
385,"premier, salvini, lega, azione, sardo",6,2022-03-30 16:00:00,385_premier_salvini_sardo_azione
386,"roll, ballot, simultaneous, rule, refer",3,2022-03-30 16:00:00,386_roll_ballot_simultaneous_rule
387,"ban, createries, decorates, outlawed, extending",7,2022-03-30 16:00:00,387_ban_bans_banned_restricted
388,"mollame, enlisted, bertoldi, de, speak",2,2022-03-30 16:00:00,388_bertoldi_de_enlisted_speak
389,"power, seize, strength, acknowledge, responsibility",5,2022-03-30 16:00:00,389_power_rulers_corrupts_torn
390,"majority, sterile, delicacy, heterogeneous, flags",3,2022-03-30 16:00:00,390_majority_eighteen_born_hemicycle
391,"date, appearances, april, dates, fulfillment",6,2022-03-30 16:00:00,391_march_dates_date_etrs
392,"trial, calling, idea, proposal, until",2,2022-03-30 16:00:00,392_suggestions_suggestion_proposal_öse
393,"approve, annex, doesn, followed, senate",4,2022-03-30 16:00:00,393_approve_annex_doesn_followed
394,"opened, sitting, 16, 05, 03",4,2022-03-30 16:00:00,394_opened_sitting_16_35
395,"open, sitting, 32, 31, 34",4,2022-03-30 16:00:00,395_sitting_open_31_32
396,"bioproduction, 162, 848, agrienvironment, seed",2,2022-03-30 16:00:00,396_biodynamic_biodynamics_biological_or...
397,"fracturers, jaw, fractures, offenders, calculations",3,2022-03-30 16:00:00,397_fracture_fractures_suspected_severit...
398,"therapeutic, ethics, diagnostic, paths, investigate",2,2022-03-30 16:00:00,398_doctor_doctors_patient_patients
400,"approve, annex, doesn, followed, senate",4,2022-03-30 16:00:00,400_approve_annex_doesn_followed
402,"artists, creative, icelandic, educated, articles",5,2022-03-30 16:00:00,402_media_artists_icelandic_art
403,"unsettled, lord, liked, hadn, legalization",4,2022-03-30 16:00:00,403_liked_would_crisp_improvement
404,"speed, hurry, fast, snail, quickly",8,2022-03-30 16:00:00,404_quickly_speed_fast_faster
405,"citizenship, income, bonomi, crooks, unduly",4,2022-03-30 16:00:00,405_citizenship_income_demagogy_poverty
406,"kingdom, contended, treasure, noting, denying",9,2022-03-30 16:00:00,406_kingdom_treasure_commune_contended
407,"harassment, forbids, hair, indirectly, touch",2,2022-03-30 16:00:00,407_harassment_insulting_humiliating_def...
408,"carfagna, orlando, pc, ai, upc",7,2022-03-30 16:00:00,408_pc_upc_ai_idv
409,"articles, moldwood, consists, subscription, affected",5,2022-03-30 16:00:00,409_articles_consists_article_chapters
410,"jakobsdóttir, katrín, daughter, proclaims, procurator",11,2022-03-30 16:00:00,410_jakobsdóttir_katrín_daughter_governm...
411,"tabling, amendments, deadline, transmission, relation",2,2022-03-30 16:00:00,411_tabling_amendments_deadline_relation
413,"2026, 2025, hospital, module, end",10,2022-03-30 16:00:00,413_2026_2022_completed_schedule
414,"registered, testor, she, speak, faedeli",4,2022-03-30 16:00:00,414_registered_she_speak_cantù
415,"fiber, optics, optic, opticization, damaged",7,2022-03-30 16:00:00,415_fiber_optics_optic_opticization
416,"ecological, transition, invented, sustainability, climate",4,2022-03-30 16:00:00,416_ecological_transition_climate_sustai...
417,"step, ranni, destroying, literally, square",5,2022-03-30 16:00:00,417_step_bit_epochs_forward
419,"approve, annex, doesn, followed, senate",3,2022-03-30 16:00:00,419_approve_annex_doesn_followed
420,"approve, annex, doesn, followed, senate",3,2022-03-30 16:00:00,420_approve_annex_doesn_followed
421,"treaty, treaties, consult, alse, prominents",5,2022-03-30 16:00:00,421_treaty_treaties_puts_signing
422,"intend, speak, representative, members, general",7,2022-03-30 16:00:00,422_intend_speak_representative_members
423,"item, deputies, draft, approved, debate",13,2022-03-30 16:00:00,423_item_deputies_draft_approved
424,"gray, constantly, areas, dealing, area",2,2022-03-30 16:00:00,424_gray_areas_grey_qualify
425,"hatred, miscreantness, unworthily, hate, racial",3,2022-03-30 16:00:00,425_hatred_hate_speech_expression
426,"discomfort, momentary, pronge, thank, commits",3,2022-03-30 16:00:00,426_thank_bill_much_minister
427,"answer, thank, senator, angles, angle",9,2022-03-30 16:00:00,427_answer_thank_senator_you
428,"275, 203, 72, sums, payments",3,2022-03-30 16:00:00,428_loan_million_loans_payments
429,"antipsychotics, antipsychotic, nursing, prescribing, age",9,2022-03-30 16:00:00,429_antipsychotics_antipsychotic_drugs_m...
430,"personal, protection, assessment, impact, lawgiver",15,2022-03-30 16:00:00,430_personal_protection_assessment_peron...
431,"wood, apology, apologized, minister, highest",20,2022-03-30 16:00:00,431_wood_apology_highest_apologized
432,"gardening, school, smoke, innunciation, southland",12,2022-03-30 16:00:00,432_gardening_school_university_southlan...
433,"environment, cared, pollinating, triple, responsibly",8,2022-03-30 16:00:00,433_environment_charter_cared_environmen...
434,"resilience, recovery, plan, national, implemented",6,2022-03-30 16:00:00,434_resilience_recovery_plan_national
435,"enlisted, pepe, speak, siano, pesco",5,2022-03-30 16:00:00,435_enlisted_carlo_speak_pesco
436,"approve, annex, doesn, followed, senate",1,2022-03-30 16:00:00,436_approve_annex_doesn_followed
437,"nominal, ballot, simultaneous, refer, whole",11,2022-03-30 16:00:00,437_nominal_ballot_simultaneous_refer
438,"answers, thank, much, very, answer",5,2022-03-30 16:00:00,438_answers_thank_much_very
440,"funds, regulation, clients, depositors, protection",11,2022-03-30 16:00:00,440_funds_regulation_operators_investmen...
441,"aðalsteinn, haukur, investigated, sverrisson, georg",4,2022-03-30 16:00:00,441_signed_constitution_investigated_ple...
442,"crimes, relations, contributions, raised, stated",1,2022-03-30 16:00:00,442_crimes_criminal_international_court
443,"flexibility, monitoring, inter, projection, takes",4,2022-03-30 16:00:00,443_quality_monitoring_flexibility_contr...
444,"draghi, untouchability, aura, voice, possesses",3,2022-03-30 16:00:00,444_draghi_italy_president_voice
445,"ndc, nc, misto, iac, berutti",1,2022-03-30 16:00:00,445_misto_nc_ndc_iac
446,"complicated, complex, studies, nothing, examined",7,2022-03-30 16:00:00,446_complicated_nothing_than_simple
447,"roll, ballot, simultaneous, rule, refer",12,2022-03-30 16:00:00,447_roll_ballot_simultaneous_rule
448,"adhd, 326, 738, waiting, behavioral",11,2022-03-30 16:00:00,448_adhd_waiting_children_behavioral
449,"floor, minutes, respond, give, two",8,2022-03-30 16:00:00,449_floor_minutes_respond_two
450,"meeting, length, 10th, 4th, par",15,2022-03-30 16:00:00,450_meeting_length_10th_4th
451,"book, green, bury, submitted, 1923",10,2022-03-30 16:00:00,451_book_green_bookwork_energy
453,"approve, annex, doesn, followed, senate",2,2022-03-30 16:00:00,453_approve_annex_doesn_followed
454,"starving, food, mad, month, injustice",4,2022-03-30 16:00:00,454_starving_food_noodles_hungry
455,"gonna, clean, stop, effect, thing",1,2022-03-30 16:00:00,455_effect_already_comes_into
456,"roll, ballot, simultaneous, rule, refer",11,2022-03-30 16:00:00,456_roll_ballot_simultaneous_rule
457,"comments, minutes, approved, were, since",2,2022-03-30 16:00:00,457_comments_minutes_approved_were
458,"day, ana, ratify, celebrated, symbolic",4,2022-03-30 16:00:00,458_day_stress_homophobia_celebrated
460,"question, senator, thank, cruel, impression",11,2022-03-30 16:00:00,460_question_senator_thank_word
461,"euros, cubic, meter, euro, price",4,2022-03-30 16:00:00,461_litre_petrol_diesel_per
462,"debt, gdp, ratio, net, def",10,2022-03-30 16:00:00,462_debt_gdp_2026_net
463,"intend, intervene, representative, reply, does",5,2022-03-30 16:00:00,463_intend_representative_intervene_repl...
464,"answer, thank, senator, you, knows",7,2022-03-30 16:00:00,464_answer_thank_senator_you
465,"innovation, 17th, haggis, 23rd, measurable",3,2022-03-30 16:00:00,465_innovation_epidemic_icelandic_icelan...
466,"thkk, word, locally, vocabulary, cat",4,2022-03-30 16:00:00,466_word_acronym_words_used
468,"war, wars, travellers, prevails, folly",5,2022-03-30 16:00:00,468_war_warfare_wars_shelter
469,"interventions, immaterial, interpret, joined, comprehensive",4,2022-03-30 16:00:00,469_interventions_intervention_tension_m...
470,"maffoni, 81, 5th, contrary, constitution",2,2022-03-30 16:00:00,470_5th_81_contrary_expressed
471,"inquiry, thank, senator, heavily, referred",4,2022-03-30 16:00:00,471_inquiry_thank_senator_you
472,"political, decision, blundering, bitch, inconsistencies",6,2022-03-30 16:00:00,472_political_decision_politics_militari...
473,"answer, thank, senator, answers, his",12,2022-03-30 16:00:00,473_answer_thank_answers_senator
474,"constitution, tribal, anguish, countrymen, thousands",3,2022-03-30 16:00:00,474_constitution_touching_charter_adapta...
475,"hot, water, warm, methadone, warming",9,2022-03-30 16:00:00,475_hot_water_cold_warm
476,"signaling, collaborating, reacting, ireland, telecommunications",2,2022-03-30 16:00:00,476_communications_telecommunications_te...
477,"ashore, explained, inquiry, period, thing",1,2022-03-30 16:00:00,477_murder_nautical_injuries_road
478,"wetlands, flown, restoring, 450, dioxide",2,2022-03-30 16:00:00,478_wetlands_recovery_carbon_emissions
480,"incompatibility, profiles, obligations, entered, agreement",10,2022-03-30 16:00:00,480_profiles_incompatibility_obligations...
481,"bullshit, mr, against, am, limits",2,2022-03-30 16:00:00,481_against_am_mr_president
482,"emissions, 55, 2030, reduction, greenhouse",14,2022-03-30 16:00:00,482_emissions_55_2030_reduction
483,"explanation, speak, ask, vote, you",5,2022-03-30 16:00:00,483_explanation_speak_ask_vote
484,"enlisted, lanzi, trentacoste, speak, missa",3,2022-03-30 16:00:00,484_enlisted_speak_iannone_he
485,"unacceptable, okay, eastfield, acceptable, þór",6,2022-03-30 16:00:00,485_unacceptable_acceptable_situation_ok...
486,"conclude, shall, mr, president, mildly",1,2022-03-30 16:00:00,486_conclude_shall_mr_president
487,"5th, opinions, standing, 1st, presidency",4,2022-03-30 16:00:00,487_5th_opinions_standing_1st
488,"þrjórður, tungna, geologic, hydropowers, activation",1,2022-03-30 16:00:00,488_lakes_shire_activation_protective
489,"tasteful, parole, licence, contract, navy",5,2022-03-30 16:00:00,489_iceland_bill_contract_regulations
490,"party, dinner, recontinent, chocolate, parties",6,2022-03-30 16:00:00,490_party_parties_soliciting_dinner
491,"consciously, overlook, grasp, choice, eyes",3,2022-03-30 16:00:00,491_choice_choices_decision_sealy
492,"soils, soil, contribute, replacement, younger",2,2022-03-30 16:00:00,492_soil_soils_nutrients_consumption
494,"uncertainties, anci, overcrowding, counter, alarming",4,2022-03-30 16:00:00,494_virus_italy_pandemic_charter
495,"child, children, waiting, waits, wait",8,2022-03-30 16:00:00,495_child_children_waiting_wait
497,"electricity, exported, vegetables, sustained, production",2,2022-03-30 16:00:00,497_farmers_electricity_gardening_electr...
500,"dragons, okay, company, good, dragon",1,2022-03-30 16:00:00,500_dragons_dragon_disease_centrists
501,"energy, recovery, supplies, fund, issuance",6,2022-03-30 16:00:00,501_recovery_energy_fund_autonomy
503,"positive, respects, sense, think, discussed",5,2022-03-30 16:00:00,503_positive_salami_diminish_wrongdoing
504,"difference, doesn, sense, exact, hands",6,2022-03-30 16:00:00,504_difference_indistinguishable_content...
505,"illuminated, answer, answers, switch, unable",2,2022-03-30 16:00:00,505_answer_gives_second_answers
507,"suggests, frequently, biological, dramatically, changes",3,2022-03-30 16:00:00,507_changes_suggests_bill_intertranslati...
510,"propose, respected, referred, affairs, foreign",8,2022-03-30 16:00:00,510_propose_respected_referred_affairs
511,"norwegians, adopt, suggestion, similar, arrangement",1,2022-03-30 16:00:00,511_norway_sweden_denmark_norwegians
512,"biggest, security, economy, discussed, environment",1,2022-03-30 16:00:00,512_security_national_abused_unchangeabl...
513,"spin, denying, wounds, towns, knife",3,2022-03-30 16:00:00,513_casualties_civilian_victims_deaths
514,"court, supreme, appealed, district, judgment",12,2022-03-30 16:00:00,514_court_appealed_judgment_supreme
516,"prosperity, countries, developing, population, growth",15,2022-03-30 16:00:00,516_prosperity_developing_countries_popu...
517,"loneliness, banally, filling, alone, series",1,2022-03-30 16:00:00,517_loneliness_isolation_lonely_cute
518,"response, minutes, unterberger, two, speak",6,2022-03-30 16:00:00,518_response_minutes_cucca_speak
519,"weather, winter, seeking, explains, hardly",4,2022-03-30 16:00:00,519_weather_winter_snow_wintertime
520,"reading, read, skills, grade, nonsense",9,2022-03-30 16:00:00,520_reading_read_skills_children
521,"playsheet, familiar, yeah, mind, look",3,2022-03-30 16:00:00,521_thought_lot_playsheet_abouttheclimat...
522,"cables, ringline, diffuser, envisage, cable",3,2022-03-30 16:00:00,522_cables_cord_electrical_ground
523,"proportion, approval, greater, above, committees",1,2022-03-30 16:00:00,523_contributes_proportion_approval_grea...
524,"freightboard, reused, terminal, caught, coast",1,2022-03-30 16:00:00,524_waste_collection_accidentally_sea
526,"please, respond, thank, much, practitioner",9,2022-03-30 16:00:00,526_please_respond_thank_much
528,"coercive, settle, departures, discouraging, live",12,2022-03-30 16:00:00,528_live_abroad_coercive_settle
529,"uh, no, well, huh, know",8,2022-03-30 16:00:00,529_uh_no_well_really
530,"beautifully, 114, extraordinarily, reads, 2001",1,2022-03-30 16:00:00,530_68_constitution_article_applicabilit...
531,"121, bid, lower, sent, march",1,2022-03-30 16:00:00,531_151th_submitted_succeed_previously
532,"mistake, mistakes, repeat, over, longer",3,2022-03-30 16:00:00,532_mistakes_mistake_learn_repeat
533,"31, emergency, march, ceased, cessation",3,2022-03-30 16:00:00,533_emergency_covid_31_march
534,"ecological, presence, transition, thursday, question",1,2022-03-30 16:00:00,534_thursday_question_place_presence
535,"unchanged, councils, largely, nucleus, remains",3,2022-03-30 16:00:00,535_unchanged_submitted_remain_bill
536,"joke, jokes, humorists, honorum, cursus",5,2022-03-30 16:00:00,536_joke_jokes_humor_laugh
537,"plastic, plastics, microbubbles, parallel, garbage",4,2022-03-30 16:00:00,537_plastic_microplastics_placenta_ocean...
538,"respect, disrespectful, myself, jóhann, páll",2,2022-03-30 16:00:00,538_respect_honor_responds_disguised
539,"comments, minutes, approved, were, since",3,2022-03-30 16:00:00,539_comments_minutes_approved_were
540,"evokes, 77th, liberation, nazi, fascism",1,2022-03-30 16:00:00,540_auschwitz_nazi_concentration_memory
541,"remaining, amendments, set, out, foreclosed",3,2022-03-30 16:00:00,541_remaining_amendments_foreclosed_set
542,"multicultural, reception, individuals, counselling, facility",15,2022-03-30 16:00:00,542_multicultural_reception_facility_cou...
543,"resources, fronts, help, varied, commit",4,2022-03-30 16:00:00,543_resources_enough_infinite_resource
545,"crown, crowns, geniuses, witha, gangs",7,2022-03-30 16:00:00,545_crown_crowns_gang_liquid
547,"permission, says, report, president, introduction",7,2022-03-30 16:00:00,547_permission_says_report_president
548,"hospital, hospitals, disappointing, 381, exposé",7,2022-03-30 16:00:00,548_hospital_hospitals_growth_expected
549,"blasphemy, pardon, enlarged, destruction, word",1,2022-03-30 16:00:00,549_blasphemy_prohibition_against_religi...
552,"representative, resolutions, motion, motions, 480",2,2022-03-30 16:00:00,552_representative_motions_resolutions_o...
554,"answer, thank, senator, you, for",6,2022-03-30 16:00:00,554_answer_thank_senator_you
555,"refugees, derided, distress, senator, humanable",8,2022-03-30 16:00:00,555_refugees_senator_reservation_derided
557,"remotely, meps, throat, crushed, outset",6,2022-03-30 16:00:00,557_option_outset_lack_dissuade
558,"core, operating, patients, room, safety",2,2022-03-30 16:00:00,558_hospital_patients_patient_providers
559,"agendas, undertook, agenda, accepts, blank",3,2022-03-30 16:00:00,559_agendas_agenda_accepted_accepts
560,"heritage, cultural, intact, richness, franciscan",3,2022-03-30 16:00:00,560_monument_declaration_monuments_cultu...
561,"family, act, families, denatality, girls",23,2022-03-30 16:00:00,561_family_act_families_denatality
562,"approve, annex, doesn, followed, senate",4,2022-03-30 16:00:00,562_approve_annex_doesn_followed
563,"avest, qa, really, clear, calming",6,2022-03-30 16:00:00,563_clear_avest_qa_really
564,"comment, representative, rapporteur, amendments, call",4,2022-03-30 16:00:00,564_comment_representative_rapporteur_am...
565,"pray, join, induction, scallop, holding",3,2022-03-30 16:00:00,565_pray_scallop_writing_want
567,"speech, fine, thank, excellent, senator",4,2022-03-30 16:00:00,567_speech_thank_senator_excellent
568,"color, league, mayors, side, always",1,2022-03-30 16:00:00,568_league_impediment_concessionaire_pro...
569,"slippage, careful, derogation, decent, saying",5,2022-03-30 16:00:00,569_caution_careful_slippage_cautionary
570,"pathologists, speech, services, before, two",1,2022-03-30 16:00:00,570_pathologists_speech_roma_asl
571,"box, sliding, 2013, frame, tells",2,2022-03-30 16:00:00,571_box_sideds_stunning_frame
572,"university, akureyri, computer, college, studies",1,2022-03-30 16:00:00,572_akureyri_university_studies_technica...
573,"declare, open, general, discussion, special",4,2022-03-30 16:00:00,573_declare_open_discussion_general
575,"congress, speaking, minute, speaker, less",7,2022-03-30 16:00:00,575_congress_speaking_minute_officials
576,"agriculture, colleagues, vallardi, closes, unanimously",5,2022-03-30 16:00:00,576_agriculture_vallardi_colleagues_unan...
579,"course, sincere, helps, teaching, desire",4,2022-03-30 16:00:00,579_course_a4_straighten_tempered
580,"eliminates, justice, obligation, top, matters",1,2022-03-30 16:00:00,580_justice_institute_law_refuses
581,"registered, faggi, toffanin, she, speak",5,2022-03-30 16:00:00,581_registered_she_faggi_speak
582,"mechanisms, variety, memory, completed, wide",1,2022-03-30 16:00:00,582_suggests_agreed_changes_outlined
583,"unnatural, normal, prepared, nothing, consider",3,2022-03-30 16:00:00,583_normal_unnatural_crazy_weird
584,"approach, worse, think, behind, interesting",3,2022-03-30 16:00:00,584_idea_good_approach_think
585,"2016, security, examined, national, policy",2,2022-03-30 16:00:00,585_security_2016_national_policy
587,"microenergy, pensioners, pension, renewal, survival",7,2022-03-30 16:00:00,587_microenergy_pensioners_pension_age
588,"alitalia, ita, thorny, youtube, video",2,2022-03-30 16:00:00,588_ita_alitalia_airways_company
589,"istavia, publicity, species, associated, considerable",1,2022-03-30 16:00:00,589_parliament_european_he_his
590,"suicide, wildest, cooled, dreams, expenditures",1,2022-03-30 16:00:00,590_suicide_suicides_disease_47
591,"ntsb, returns, blanks, personalisation, wrong",16,2022-03-30 16:00:00,591_ntsb_returns_blanks_personalisation
592,"story, thank, much, very, secretary",8,2022-03-30 16:00:00,592_story_thank_much_very
593,"tombstone, places, dead, scattered, choose",2,2022-03-30 16:00:00,593_cemetery_ashes_buried_dead
594,"hospital, bugl, multidisciplinary, mentions, mental",1,2022-03-30 16:00:00,594_mental_health_explode_bells
595,"price, rises, insofar, speculate, famines",5,2022-03-30 16:00:00,595_price_prices_rises_bet
597,"laundering, terrorism, announcement, money, define",2,2022-03-30 16:00:00,597_laundering_terrorism_cryptocurrencie...
598,"treated, sadly, whatever, treatment, procedure",2,2022-03-30 16:00:00,598_treatment_forbidden_treatments_micro...
600,"budget, chairman, secretary, thank, board",7,2022-03-30 16:00:00,600_budget_chairman_secretary_thank
601,"binetti, registered, iwobi, biti, speak",3,2022-03-30 16:00:00,601_binetti_registered_speak_biti
602,"declare, posed, closed, debate, trust",1,2022-03-30 16:00:00,602_declare_closed_debate_willingness
603,"comparisons, compare, severe, evolution, low",3,2022-03-30 16:00:00,603_compare_comparisons_comparison_clean
604,"enlisted, she, pirro, hatches, speak",2,2022-03-30 16:00:00,604_enlisted_she_speak_pirro
605,"big, movie, deal, talked, realize",2,2022-03-30 16:00:00,605_big_deal_movie_town
606,"uniquely, brilliant, rejoice, reexamination, operate",4,2022-03-30 16:00:00,606_commitment_stress_uniquely_clear
607,"meeting, eastfield, saturday, clock, tonight",9,2022-03-30 16:00:00,607_meeting_eastfield_board_saturday
608,"apology, apologize, mistakes, apologies, characters",9,2022-03-30 16:00:00,608_apology_apologize_stress_sorry
609,"regions, tight, desirable, pnrr, moment",3,2022-03-30 16:00:00,609_regions_stress_regional_lance
610,"efta, court, icesave, brrd, directive",13,2022-03-30 16:00:00,610_efta_court_logical_icesave
611,"belt, solar, modified, measure, sighted",4,2022-03-30 16:00:00,611_text_modified_amending_amendments
612,"legalization, legalized, methods, avoid, apply",2,2022-03-30 16:00:00,612_legalization_legalize_legalized_bioa...
613,"corrected, correction, advice, room, secretary",4,2022-03-30 16:00:00,613_corrected_correct_correction_grammat...
614,"culture, classical, christian, posterity, morals",4,2022-03-30 16:00:00,614_culture_classical_christian_commerci...
615,"poverty, poor, children, 027, 000",5,2022-03-30 16:00:00,615_poverty_children_poor_grandfather
616,"yes, answer, 21, question, simple",3,2022-03-30 16:00:00,616_yes_answer_question_simple
618,"yeah, child, etc, benefits, maybe",1,2022-03-30 16:00:00,618_chores_child_age_old
619,"marry, girl, old, papers, avoided",1,2022-03-30 16:00:00,619_marriage_marry_age_18
621,"conference, aren, longer, meeting, meetings",5,2022-03-30 16:00:00,621_conference_meetings_meeting_longer
622,"executives, managers, hypocrites, feasible, rushed",6,2022-03-30 16:00:00,622_executives_managers_agents_managemen...
625,"representative, call, texts, offices, sent",4,2022-03-30 16:00:00,625_representative_call_government_stewa...
626,"1st, traced, pointed, main, transport",5,2022-03-30 16:00:00,626_1st_2nd_suggest_pointed
627,"easter, break, ransacked, texting, egg",17,2022-03-30 16:00:00,627_easter_break_ransacked_texting
629,"let, go, state, where, demonize",1,2022-03-30 16:00:00,629_state_cartelisation_demonize_anymore
630,"engagement, proposal, submitted, accordance, requested",3,2022-03-30 16:00:00,630_proposal_engagement_submitted_forthi...
632,"amendments, subsequent, against, am, mr",2,2022-03-30 16:00:00,632_amendments_against_am_mr
633,"abstain, senators, opposing, accordingly, answer",3,2022-03-30 16:00:00,633_senators_opposing_abstain_accordingl...
634,"environmental, prevention, network, arpa, interconnected",3,2022-03-30 16:00:00,634_environmental_prevention_communicabl...
636,"appeal, invite, secretary, proceed, starting",3,2022-03-30 16:00:00,636_appeal_invite_secretary_proceed
638,"sacrifice, sacrifices, expressions, translated, links",4,2022-03-30 16:00:00,638_sacrifice_sacrifices_repays_justifie...
639,"evolution, punishments, slower, bans, motivation",4,2022-03-30 16:00:00,639_evolution_covid_correspondent_punish...
640,"groceries, meat, prices, food, rise",2,2022-03-30 16:00:00,640_food_prices_groceries_sugar
642,"10, buccarella, mollame, 11, floris",6,2022-03-30 16:00:00,642_10_buccarella_follow_11
643,"ecosolidal, mixed, component, announce, ecosolidali",5,2022-03-30 16:00:00,643_ecosolidal_announce_mixed_component
644,"require, minor, modifications, adjustments, suggests",2,2022-03-30 16:00:00,644_require_minor_coverage_adjustments
645,"lies, lying, victoria, disraeli, benjamin",5,2022-03-30 16:00:00,645_lying_lies_fooled_deceive
646,"fragile, workers, extend, unfit, protections",9,2022-03-30 16:00:00,646_fragile_workers_extend_protection
647,"hospital, akureyri, backup, unannounced, cornerstone",4,2022-03-30 16:00:00,647_hospital_akureyri_backup_cornerstone
648,"saponara, 28, 17, following, pellegrini",1,2022-03-30 16:00:00,648_pellegrini_emanuele_sp_az
649,"idealism, volunteers, friendships, guides, projects",2,2022-03-30 16:00:00,649_volunteers_volunteer_volunteering_ch...
650,"materials, raw, difficulty, finding, reverberate",9,2022-03-30 16:00:00,650_materials_raw_difficulty_inevitably
651,"comments, minutes, approved, were, since",3,2022-03-30 16:00:00,651_comments_minutes_approved_were
652,"globalisation, globalization, mismanaged, mishandled, socialize",5,2022-03-30 16:00:00,652_globalisation_globalization_phenomen...
653,"safer, safety, impulse, hat, southern",4,2022-03-30 16:00:00,653_safety_safe_safer_prevalent
654,"strive, competition, active, promote, markets",13,2022-03-30 16:00:00,654_strive_competition_active_promote
655,"bold, um, report, concierge, despite",5,2022-03-30 16:00:00,655_report_ignored_review_professional
656,"distributed, 5th, standing, presidency, published",10,2022-03-30 16:00:00,656_distributed_5th_standing_presidency
657,"human, rights, awful, gains, frequent",6,2022-03-30 16:00:00,657_human_rights_violating_bathe
658,"parental, paternity, leave, employed, fourteenth",13,2022-03-30 16:00:00,658_parental_leave_paternity_employed
659,"inquiring, investigation, cat, senator, compromised",8,2022-03-30 16:00:00,659_stress_senator_minister_inquiring
660,"uv, patt, aut, svp, unterberger",2,2022-03-30 16:00:00,660_patt_uv_aut_svp
661,"highest, exodus, defend, underestimate, grave",4,2022-03-30 16:00:00,661_highest_minister_learn_lawsuits
662,"overlaying, senator, em, pen, understands",8,2022-03-30 16:00:00,662_cheating_senator_aground_šdisilgate
663,"roll, ballot, simultaneous, rule, refer",8,2022-03-30 16:00:00,663_roll_ballot_simultaneous_rule
665,"lot, things, there, scratch, underneath",1,2022-03-30 16:00:00,665_scratch_underneath_ramburd_crevice
666,"serve, invited, hákonardóttir, assembly, daníel",3,2022-03-30 16:00:00,666_serve_invited_previously_assembly
667,"þorsteinsdóttir, theodóra, thoughts, emotional, father",2,2022-03-30 16:00:00,667_victims_mourning_closeness_pain
668,"yeah, agree, think, much, agrees",1,2022-03-30 16:00:00,668_agree_agrees_everybody_couldn
669,"criticism, attach, beneficial, controls, nevertheless",5,2022-03-30 16:00:00,669_criticism_criticize_criticist_rounda...
670,"executing, checkbox, agency, opposers, filling",5,2022-03-30 16:00:00,670_agency_checkbox_executing_naughty
672,"delegation, particularities, exercised, delegations, demographic",2,2022-03-30 16:00:00,672_delegation_white_exercised_delegates
673,"mental, 696, 400, million, 650",4,2022-03-30 16:00:00,673_mental_cost_billion_health
674,"weights, losing, weight, criticism, increases",3,2022-03-30 16:00:00,674_weight_weights_pounds_lose
676,"measures, strong, need, these, tailored",1,2022-03-30 16:00:00,676_measures_tailored_toolboxes_justifia...
677,"goals, merddis, achieved, hrönn, tenant",8,2022-03-30 16:00:00,677_goals_achieved_merddis_successful
678,"durnwalder, reading, gave, minutes, sitting",1,2022-03-30 16:00:00,678_durnwalder_reading_gave_minutes
679,"telemedicine, centers, ambitious, objective, issue",2,2022-03-30 16:00:00,679_remote_care_distant_health
681,"balance, balanced, existed, 2009, art",3,2022-03-30 16:00:00,681_balance_imbalance_balanced_finding
684,"forming, windows, mpa, prevented, corruption",4,2022-03-30 16:00:00,684_improvisation_never_argues_hostiliti...
685,"garnet, enlisted, rauti, she, speak",2,2022-03-30 16:00:00,685_garnet_enlisted_rauti_she
686,"oil, forbidden, studies, potential, gas",1,2022-03-30 16:00:00,686_oil_search_jurisdiction_norwegian
687,"telephones, housekeeping, interiors, along, necessary",3,2022-03-30 16:00:00,687_telephones_housekeeping_interiors_re...
689,"answers, later, thank, senator, you",4,2022-03-30 16:00:00,689_answers_later_thank_senator
690,"authority, reaching, investigation, source, get",3,2022-03-30 16:00:00,690_authority_tabernacle_authoritativene...
691,"persian, protection, stresss, obtain, butt",6,2022-03-30 16:00:00,691_persian_protection_kári_persians
694,"induction, happen, desk, takes, limp",8,2022-03-30 16:00:00,694_induction_happen_desk_takes
695,"sale, sales, businessman, ministers, prime",15,2022-03-30 16:00:00,695_sale_sales_businessman_ministers
696,"facts, stupid, apologize, claim, consider",2,2022-03-30 16:00:00,696_facts_dejected_eyes_chronicle
697,"permission, ahead, go, president, next",3,2022-03-30 16:00:00,697_permission_jesusko_marlins_president
698,"81, 5th, expressed, move, constitution",2,2022-03-30 16:00:00,698_81_5th_expressed_contrary
699,"prosperity, cooperation, cooperative, cooperate, compensation",3,2022-03-30 16:00:00,699_cooperation_flows_exorcisms_prosperi...
700,"prime, answers, thank, much, intentions",4,2022-03-30 16:00:00,700_prime_thank_answers_answer
701,"evaluated, project, evaluation, priorities, introduced",2,2022-03-30 16:00:00,701_project_management_grades_profession...
702,"messages, silence, includes, sometimes, strong",1,2022-03-30 16:00:00,702_deaf_listen_ears_imprudently
703,"allowance, parent, universal, single, isee",9,2022-03-30 16:00:00,703_allowance_universal_single_parent
704,"community, beware, gratitude, privilege, civilization",4,2022-03-30 16:00:00,704_community_stress_reevaluates_beware
705,"oil, furphines, tanks, pool, swimming",2,2022-03-30 16:00:00,705_oil_burned_diesel_tons
-1,"disease, covid, hospital, stress, this",7567,2022-04-28 13:20:00,-1_hospital_covid_stress_disease
0,"european, europe, union, nato, regulation",115,2022-04-28 13:20:00,0_european_europe_union_nato
1,"paritaprevir, son, helgadóttir, ingi, jóhannsson",104,2022-04-28 13:20:00,1_paritaprevir_son_ingi_daughter
2,"ukraine, putin, russia, russian, ukrainian",99,2022-04-28 13:20:00,2_ukraine_russia_russian_putin
3,"italy, italians, italian, brothers, viva",142,2022-04-28 13:20:00,3_italy_italians_italian_brothers
4,"iceland, icelandic, icelanders, people, international",98,2022-04-28 13:20:00,4_iceland_icelandic_icelanders_internati...
5,"covid, epidemic, virus, pandemic, disease",128,2022-04-28 13:20:00,5_epidemic_covid_virus_pandemic
6,"housing, rent, tenants, apartments, apartment",190,2022-04-28 13:20:00,6_housing_rent_apartments_apartment
7,"energy, renewable, electricity, hydrogen, exchange",71,2022-04-28 13:20:00,7_energy_electricity_exchange_renewable
8,"bank, banks, mercy, customers, watched",23,2022-04-28 13:20:00,8_bank_banks_banking_office
9,"fishing, fish, fishermen, gray, sea",37,2022-04-28 13:20:00,9_fishing_fish_coastal_marine
10,"minister, ministers, ministry, highest, he",75,2022-04-28 13:20:00,10_minister_ministers_ministry_highest
11,"school, education, university, training, students",109,2022-04-28 13:20:00,11_school_education_students_teachers
12,"bill, key, bills, main, elements",113,2022-04-28 13:20:00,12_bill_bills_articles_think
13,"budget, financial, program, perceptions, miseries",16,2022-04-28 13:20:00,13_financial_budget_program_policy
14,"government, governments, autogol, fallen, breached",34,2022-04-28 13:20:00,14_government_governments_trust_does
15,"judiciary, acquitted, judge, justice, trial",18,2022-04-28 13:20:00,15_judiciary_magistrates_justice_judicia...
16,"telecommunications, networks, security, 5g, cybersecurity",16,2022-04-28 13:20:00,16_telecommunications_internet_communica...
17,"sports, sport, touchdowns, soverini, colmellars",7,2022-04-28 13:20:00,17_sport_sports_activity_psychophysical
18,"senator, suggesting, love, question, alteration",24,2022-04-28 13:20:00,18_senator_why_ask_question
19,"approves, annex, followed, senate, see",24,2022-04-28 13:20:00,19_approves_annex_followed_senate
20,"outflow, water, waters, depollute, harvesting",5,2022-04-28 13:20:00,20_water_drought_irrigation_outflow
21,"tax, taxes, income, credits, taxable",51,2022-04-28 13:20:00,21_tax_taxes_income_taxation
22,"icelandic, bank, iceland, funds, profites",12,2022-04-28 13:20:00,22_bank_iceland_banks_sales
23,"refugees, refugee, fleeing, welcome, people",105,2022-04-28 13:20:00,23_refugees_refugee_welcome_fleeing
24,"discussion, mention, points, questions, myself",49,2022-04-28 13:20:00,24_discussion_discuss_conversation_inter...
25,"mental, health, services, care, 2030",80,2022-04-28 13:20:00,25_mental_health_hospital_services
26,"investors, basket, eggs, professional, heart",8,2022-04-28 13:20:00,26_investors_sale_qualified_sold
27,"entertainment, artists, art, workers, music",141,2022-04-28 13:20:00,27_artists_art_artist_musicians
28,"council, stapa, dropout, bouncy, conquistancy",20,2022-04-28 13:20:00,28_council_here_members_hall
29,"older, stress, pilots, nursing, agelist",12,2022-04-28 13:20:00,29_nursing_older_elderly_home
30,"thank, rapporteurs, undersecretary, commission, mr",95,2022-04-28 13:20:00,30_thank_rapporteurs_commission_mr
31,"madam, mr, president, brief, speech",45,2022-04-28 13:20:00,31_mr_madam_president_speech
32,"pension, fund, pensions, funds, pensioner",64,2022-04-28 13:20:00,32_pension_fund_pensions_funds
33,"rural, society, communities, elections, easier",35,2022-04-28 13:20:00,33_rural_society_communities_areas
34,"violence, women, men, perpetrators, gender",214,2022-04-28 13:20:00,34_women_violence_men_perpetrators
35,"election, elections, votes, electoral, prize",14,2022-04-28 13:20:00,35_election_elections_electoral_votes
36,"inflation, rising, vulnerable, growth, groups",47,2022-04-28 13:20:00,36_inflation_rising_growth_prices
37,"vaccination, vaccine, virus, vaccinated, vaccines",52,2022-04-28 13:20:00,37_vaccine_vaccination_covid_vaccines
38,"highest, minister, ministers, justice, secretary",42,2022-04-28 13:20:00,38_highest_minister_secretary_finance
39,"explanation, speak, ask, vote, you",48,2022-04-28 13:20:00,39_explanation_speak_ask_vote
40,"disabled, disability, impairment, persons, visual",17,2022-04-28 13:20:00,40_disabled_disability_persons_impairmen...
41,"she, her, predictable, valued, gonna",32,2022-04-28 13:20:00,41_she_her_herself_ll
42,"farmers, farms, crop, agricultural, agriculture",10,2022-04-28 13:20:00,42_farmers_agriculture_agricultural_prod...
43,"law, laws, legalizing, current, purpose",49,2022-04-28 13:20:00,43_laws_law_these_breaking
44,"cars, electric, vehicles, vans, transport",12,2022-04-28 13:20:00,44_cars_electric_vehicles_car
45,"thank, senator, you, inquiry, speech",29,2022-04-28 13:20:00,45_thank_senator_you_want
46,"draghi, president, authoritative, your, biden",41,2022-04-28 13:20:00,46_draghi_president_your_mario
47,"hospital, hospitals, kraga, agenas, grids",7,2022-04-28 13:20:00,47_hospital_land_hospitals_management
48,"parliament, parliamentary, stress, laces, role",30,2022-04-28 13:20:00,48_parliament_parliamentary_parliamentar...
49,"climate, change, ipcc, doomed, desertification",9,2022-04-28 13:20:00,49_climate_change_goals_climates
50,"party, independence, left, movement, green",16,2022-04-28 13:20:00,50_independence_party_left_green
51,"movimento, stars, star, movement, salvamare",40,2022-04-28 13:20:00,51_movimento_stars_star_movement
52,"municipalities, local, mayors, inhabitant, terni",14,2022-04-28 13:20:00,52_municipalities_mayors_mayor_local
53,"health, disease, minister, highest, healthcare",29,2022-04-28 13:20:00,53_health_disease_minister_highest
54,"transport, transportation, road, highway, traffic",18,2022-04-28 13:20:00,54_transport_road_transportation_roads
55,"labour, collective, unions, labor, agreements",37,2022-04-28 13:20:00,55_labour_unions_labor_workers
56,"emissions, carbon, noncarbonization, exaggerated, 88",4,2022-04-28 13:20:00,56_iceland_energy_climate_emissions
57,"decree, aid, conversion, law, convert",48,2022-04-28 13:20:00,57_decree_law_conversion_aid
58,"secretary, finance, financial, hen, sees",10,2022-04-28 13:20:00,58_finance_secretary_financial_highest
59,"sweden, finland, nato, atlantic, membership",20,2022-04-28 13:20:00,59_sweden_finland_nato_atlantic
60,"accountant, accounting, illegitimate, draws, analyze",7,2022-04-28 13:20:00,60_accountant_accounting_state_research
61,"tourism, tourists, tourist, travel, trips",29,2022-04-28 13:20:00,61_tourism_tourists_tourist_travel
62,"pnrr, renewal, agendi, revision, deferable",10,2022-04-28 13:20:00,62_pnrr_reform_reforms_objectives
63,"virus, boar, wild, swine, fever",10,2022-04-28 13:20:00,63_virus_wild_swine_fever
64,"committee, guessing, retrospective, dig, impairments",13,2022-04-28 13:20:00,64_committee_committees_study_opinion
66,"queer, gay, lgbt, lesbian, bisexual",13,2022-04-28 13:20:00,66_queer_gay_people_rights
67,"cancer, oncology, disease, sufferer, bow",10,2022-04-28 13:20:00,67_cancer_oncology_disease_screening
68,"secrecy, media, journalists, deeply, sources",8,2022-04-28 13:20:00,68_media_radio_journalists_press
69,"transport, environment, committee, 2nd, referred",14,2022-04-28 13:20:00,69_transport_environment_committee_envir...
70,"hv, senator, asks, kneeling, grinning",11,2022-04-28 13:20:00,70_hv_senator_asks_disease
71,"salary, remuneration, pay, labour, employer",39,2022-04-28 13:20:00,71_wage_salary_pay_remuneration
72,"refugees, ukraine, minors, ukrainian, unaccompanied",38,2022-04-28 13:20:00,72_refugees_ukraine_ukrainian_reception
73,"withdrawn, deleted, borghi, amendments, microfibres",4,2022-04-28 13:20:00,73_withdrawn_amendments_amendment_17
74,"discrimination, background, discriminations, race, ethnic",6,2022-04-28 13:20:00,74_discrimination_race_ethnic_equal
75,"his, he, man, him, political",36,2022-04-28 13:20:00,75_his_he_him_man
76,"contracts, expiration, four, abovementioned, period",12,2022-04-28 13:20:00,76_contracts_172_contract_pay
77,"closed, debate, president, enlisted, presidency",21,2022-04-28 13:20:00,77_closed_debate_fdi_president
78,"welfare, committee, suggest, referred, discussion",36,2022-04-28 13:20:00,78_welfare_committee_suggest_referred
79,"thank, minister, thanking, happy, overture",16,2022-04-28 13:20:00,79_thank_thanking_minister_prime
80,"peace, pacifism, sought, diplomacy, ejecting",20,2022-04-28 13:20:00,80_peace_diplomacy_diplomatic_war
81,"ship, ships, shipping, station, sailors",22,2022-04-28 13:20:00,81_ships_ship_boat_sailors
83,"police, policemen, multitaskment, prejudice, bigotry",10,2022-04-28 13:20:00,83_police_officers_enforcement_officer
84,"drugs, drug, addiction, addictions, abuse",17,2022-04-28 13:20:00,84_drugs_drug_addiction_abuse
85,"generals, depose, directing, behave, theater",6,2022-04-28 13:20:00,85_generals_generalis_general_respect
86,"gas, russian, russia, dependence, freeing",22,2022-04-28 13:20:00,86_gas_russia_russian_dependence
87,"2022, deadline, 31, months, 12",20,2022-04-28 13:20:00,87_deadline_extended_extension_2022
88,"respectable, dignified, president, everyday, walking",7,2022-04-28 13:20:00,88_respectable_president_dignified_yes
89,"prison, prisoners, dressing, relapses, penitentiary",5,2022-04-28 13:20:00,89_prison_prisons_prisoners_prisoner
90,"suspend, sitting, suspended, resume, suspension",14,2022-04-28 13:20:00,90_suspend_sitting_resume_suspended
91,"directors, board, director, ordination, plays",6,2022-04-28 13:20:00,91_directors_director_board_management
92,"gardening, agricultural, iceland, horticultural, organic",5,2022-04-28 13:20:00,92_food_icelandic_agriculture_production
93,"ratio, 35, percent, spaniards, tenfold",15,2022-04-28 13:20:00,93_percent_increase_ratio_60
96,"forza, italia, favour, berlusconi, filmography",18,2022-04-28 13:20:00,96_forza_italia_berlusconi_udc
97,"food, answers, simplifications, trusted, agri",6,2022-04-28 13:20:00,97_food_production_security_covid
98,"democracy, democracies, dictatorships, challenge, democratic",18,2022-04-28 13:20:00,98_democracy_democracies_dictatorships_d...
99,"covid, alcohol, 1997, 19, explain",1,2022-04-28 13:20:00,99_alcohol_alcoholic_beer_liquor
100,"italian, italy, energy, subsidies, fossil",21,2022-04-28 13:20:00,100_italy_energy_italian_gas
101,"cab, taxi, drivers, driver, drive",61,2022-04-28 13:20:00,101_cab_taxi_drivers_driver
102,"measure, stress, measures, resolutionary, reopenings",15,2022-04-28 13:20:00,102_measure_measures_measuring_stress
103,"studio, activation, hundreds, lose, produce",1,2022-04-28 13:20:00,103_activation_activations_options_optio...
104,"alps, alpine, attacking, values, gazebo",8,2022-04-28 13:20:00,104_alpine_alps_alpines_corps
105,"sponsored, counter, thank, senator, man",7,2022-04-28 13:20:00,105_sponsored_counter_thank_senator
106,"security, social, system, starvation, penitent",13,2022-04-28 13:20:00,106_security_social_system_review
107,"thank, discussion, meyvening, tingeying, your",10,2022-04-28 13:20:00,107_thank_discussion_want_you
108,"numbers, calculator, millenniums, multiplication, averages",15,2022-04-28 13:20:00,108_numbers_statistics_average_number
109,"care, health, medicine, reorganise, localization",9,2022-04-28 13:20:00,109_care_health_professionals_doctors
110,"airport, flight, ragusa, aeronautical, airports",7,2022-04-28 13:20:00,110_airport_flight_air_airports
111,"sea, oceans, marine, saves, ocean",37,2022-04-28 13:20:00,111_sea_marine_seabed_ocean
112,"boat, somehow, seen, everything, thought",4,2022-04-28 13:20:00,112_changed_gonna_turned_change
113,"draft, law, deputies, rapporteur, consideration",18,2022-04-28 13:20:00,113_draft_law_deputies_consideration
114,"infrastructure, building, urban, urbanization, royalty",12,2022-04-28 13:20:00,114_infrastructure_building_area_capital
115,"definite, answers, answered, answer, wondering",7,2022-04-28 13:20:00,115_question_answers_answer_questions
116,"child, children, welfare, integration, laws",16,2022-04-28 13:20:00,116_child_welfare_protection_children
117,"waiting, list, wait, lists, waitings",17,2022-04-28 13:20:00,117_waiting_list_lists_wait
118,"competition, expedia, consumers, booking, amongst",4,2022-04-28 13:20:00,118_competition_consumers_market_interes...
119,"protection, international, candidates, applicant, foreigner",92,2022-04-28 13:20:00,119_protection_international_candidates_...
120,"cod, eat, skins, exaggerators, crawl",2,2022-04-28 13:20:00,120_fish_fishing_tuna_salmon
121,"beehive, hectares, releases, cap, modification",2,2022-04-28 13:20:00,121_bees_honey_beekeepers_beekeeping
122,"frankly, stage, solution, obvious, possible",3,2022-04-28 13:20:00,122_possible_done_easy_impossible
124,"report, reports, welcome, grab, dwell",10,2022-04-28 13:20:00,124_report_reviews_reports_review
126,"history, forget, learned, lesson, learn",5,2022-04-28 13:20:00,126_history_learn_lesson_lessons
127,"favour, vote, measure, resolution, announcing",16,2022-04-28 13:20:00,127_favour_vote_measure_resolution
128,"politics, praiseworthy, political, negotiable, bitch",11,2022-04-28 13:20:00,128_politics_political_stress_blackmail
129,"eat, appreciated, love, commercial, extension",1,2022-04-28 13:20:00,129_restaurants_restaurant_opening_cater...
130,"system, stocked, misgiving, peninsulad, disparaging",10,2022-04-28 13:20:00,130_system_systems_defective_wrong
131,"examination, invite, proceed, intended, views",2,2022-04-28 13:20:00,131_examination_proceed_invite_represent...
132,"superbonus, 110, fraud, bonuses, yield",8,2022-04-28 13:20:00,132_superbonus_110_bonuses_bonus
133,"permission, says, brainer, stanzas, president",9,2022-04-28 13:20:00,133_permission_says_president_withauthor...
134,"wind, frequency, harðardóttir, chance, outside",1,2022-04-28 13:20:00,134_wind_power_windmills_frame
135,"mask, masks, ffp2, wear, obligation",53,2022-04-28 13:20:00,135_masks_mask_ffp2_obligation
136,"separation, sides, sadly, vital, guarantee",1,2022-04-28 13:20:00,136_marriage_divorce_married_wedding
137,"rereading, blunt, applause, accompanied, amendment",1,2022-04-28 13:20:00,137_withdraw_amendment_amendments_withdr...
138,"growth, cottarelli, mattresses, profiting, unemployment",9,2022-04-28 13:20:00,138_growth_unemployment_economic_rebound
139,"animals, veterinary, animalism, extremist, agglutination",4,2022-04-28 13:20:00,139_animals_animal_veterinary_medicinal
140,"hours, performers, constitute, recognizes, periods",6,2022-04-28 13:20:00,140_hours_rest_stress_shift
141,"soa, certification, 516, works, dlc",7,2022-04-28 13:20:00,141_contracting_procurement_stations_con...
142,"responsibility, behavior, responsible, prerequisite, assumption",6,2022-04-28 13:20:00,142_responsibility_responsible_responsib...
143,"protest, vest, youthful, demonstrations, 1968",3,2022-04-28 13:20:00,143_protesters_demonstrations_police_pro...
144,"personal, information, portals, counselor, founded",9,2022-04-28 13:20:00,144_data_personal_information_storage
145,"violence, domestic, abuse, sexual, react",14,2022-04-28 13:20:00,145_violence_abuse_sexual_domestic
146,"registered, speak, papatheu, senator, gallone",13,2022-04-28 13:20:00,146_registered_speak_senator_modena
147,"euros, allocated, eur, million, arpa",10,2022-04-28 13:20:00,147_eur_euros_allocated_billion
148,"emergency, terminated, juncture, emergencies, wasting",10,2022-04-28 13:20:00,148_emergency_emergencies_exceptional_91...
149,"italy, ukrainian, ukraine, stress, west",10,2022-04-28 13:20:00,149_italy_ukrainian_ukraine_italian
150,"visitors, practicers, memos, discussed, wet",4,2022-04-28 13:20:00,150_visitors_guests_discussed_received
151,"hedge, investment, invest, technique, funds",8,2022-04-28 13:20:00,151_investment_investments_invest_invest...
152,"trust, revolve, weighted, synonymous, italexit",3,2022-04-28 13:20:00,152_trust_broken_rebuild_glue
153,"resumed, suspended, sitting, 12, 04",10,2022-04-28 13:20:00,153_resumed_suspended_sitting_12
154,"insurance, job, pinch, payer, funded",6,2022-04-28 13:20:00,154_insurance_companies_company_pencils
155,"goals, goal, ambitions, ambitious, facts",4,2022-04-28 13:20:00,155_goals_ambitious_reach_goal
156,"reform, reforms, affixes, structural, merged",9,2022-04-28 13:20:00,156_reform_reforms_stress_majority
158,"reminds, minute, speakers, unprimed, speech",6,2022-04-28 13:20:00,158_reminds_minute_speakers_speech
160,"cram, health, care, insurance, lens",6,2022-04-28 13:20:00,160_insurance_hospital_health_iceland
161,"enlisted, speak, he, senator, beginini",10,2022-04-28 13:20:00,161_enlisted_speak_he_senator
162,"permit, employment, temporary, job, permits",24,2022-04-28 13:20:00,162_permit_employment_job_patent
163,"colleagues, voice, your, hemicycle, tone",4,2022-04-28 13:20:00,163_colleagues_silence_voice_volume
164,"hesitated, challenge, abbot, challenging, anticipate",3,2022-04-28 13:20:00,164_challenges_challenge_challenging_fac...
165,"enlisted, speak, arrigoni, james, senator",10,2022-04-28 13:20:00,165_enlisted_speak_senator_arrigoni
166,"rules, rule, sounds, dead, tonight",7,2022-04-28 13:20:00,166_rules_rule_regulations_purpose
167,"africa, extremism, expo, accounts, odessa",4,2022-04-28 13:20:00,167_nigeria_africa_niger_city
168,"session, meet, agenda, following, 30",9,2022-04-28 13:20:00,168_session_agenda_meet_following
169,"spoons, knives, easier, help, exposing",10,2022-04-28 13:20:00,169_help_spoon_knife_compassion
170,"women, men, gender, likely, deserts",13,2022-04-28 13:20:00,170_women_men_gender_sexes
172,"parma, regio, teatro, verdi, monument",73,2022-04-28 13:20:00,172_parma_regio_teatro_verdi
173,"agree, southbound, criticizes, senator, throat",7,2022-04-28 13:20:00,173_agree_senator_completely_what
174,"better, aren, fortunately, succeed, turning",7,2022-04-28 13:20:00,174_better_do_we_need
175,"roll, begin, draw, whom, name",2,2022-04-28 13:20:00,175_roll_tabled_simultaneous_call
176,"cinema, 1800s, theaters, filming, ups",3,2022-04-28 13:20:00,176_cinemas_cinema_platforms_films
178,"displease, explode, mediation, satisfy, autumn",3,2022-04-28 13:20:00,178_solidarity_mediation_cohesion_togeth...
179,"council, office, claudius, lectured, nonchalance",9,2022-04-28 13:20:00,179_council_office_president_adjective
180,"commission, trail, consistently, convergence, validity",8,2022-04-28 13:20:00,180_commission_stress_constructive_agree...
181,"drawbacks, cost, holy, brings, nice",3,2022-04-28 13:20:00,181_cost_expensive_costs_gonna
182,"master, learning, frame, looks, stage",2,2022-04-28 13:20:00,182_frame_plan_stage_fourth
183,"closed, sitting, agenda, see, closing",12,2022-04-28 13:20:00,183_closed_sitting_agenda_see
184,"organic, farming, sixfold, organics, counselling",3,2022-04-28 13:20:00,184_organic_farming_fork_farm
185,"capaci, mafia, mobsters, deviant, intrinsic",2,2022-04-28 13:20:00,185_mafia_foggia_anti_mafias
186,"rapporteur, call, boldrini, senator, tiraboschi",14,2022-04-28 13:20:00,186_rapporteur_call_senator_alfonso
187,"documents, forwarded, questions, 34, motions",9,2022-04-28 13:20:00,187_documents_forwarded_questions_34
188,"authorise, presidency, accordingly, authorises, note",3,2022-04-28 13:20:00,188_presidency_authorizes_authorise_note
189,"concentrated, solved, margin, source, sermon",5,2022-04-28 13:20:00,189_uncertainty_solutions_solved_solutio...
190,"absent, assignment, communications, leave, published",9,2022-04-28 13:20:00,190_absent_assignment_communications_lea...
191,"pass, green, super, cultivated, greenpass",9,2022-04-28 13:20:00,191_pass_green_super_strengthened
192,"billion, nuclei, 100, beneficiary, reservations",4,2022-04-28 13:20:00,192_billion_millions_100_hundreds
193,"timetable, abstention, abstaining, amend, abstain",7,2022-04-28 13:20:00,193_abstain_against_abstention_vote
194,"companies, honestly, everybody, mentions, equation",3,2022-04-28 13:20:00,194_companies_company_epidemic_covid
196,"matteotti, giacomo, socialist, 1924, fascism",49,2022-04-28 13:20:00,196_matteotti_giacomo_socialist_1924
198,"supposed, happen, just, like, way",2,2022-04-28 13:20:00,198_way_supposed_happens_happening
199,"plan, borne, programming, plans, involve",2,2022-04-28 13:20:00,199_plan_plans_operation_fashioned
200,"g13, accepted, agenda, having, 100",1,2022-04-28 13:20:00,200_accepted_agenda_g9_having
201,"surplus, fund, money, fair, pay",4,2022-04-28 13:20:00,201_money_funds_spent_guns
202,"spastic, gasperi, aias, associationism, 1985",2,2022-04-28 13:20:00,202_romana_maria_gasperi_de
204,"landwide, shallowwoods, flourishing, maturity, ecosystem",3,2022-04-28 13:20:00,204_wood_land_shallow_forestry
205,"2166, arch, trajan, benevento, monument",1,2022-04-28 13:20:00,205_arch_trajan_benevento_traiano
206,"credit, gas, quarter, tax, electricity",14,2022-04-28 13:20:00,206_quarter_credit_gas_incurred
208,"reykjavík, capital, icelanders, city, downtown",6,2022-04-28 13:20:00,208_reykjavík_city_airport_capital
209,"policy, miss, somebody, forced, huh",5,2022-04-28 13:20:00,209_policy_policies_plan_miss
210,"recommend, hereby, correct, legalize, laws",14,2022-04-28 13:20:00,210_recommend_hereby_legalize_correct
211,"blood, transfusion, suitability, telemedicine, donation",1,2022-04-28 13:20:00,211_blood_transfusion_transfusions_donat...
212,"billion, dollars, estimated, sailing, projections",6,2022-04-28 13:20:00,212_billion_estimated_million_cost
213,"science, scientists, politicians, experts, scientific",15,2022-04-28 13:20:00,213_science_scientists_scientific_expert...
214,"oral, carry, authorisation, requested, rapporteur",7,2022-04-28 13:20:00,214_oral_carry_authorisation_requested
215,"language, communitys, languages, educators, native",3,2022-04-28 13:20:00,215_language_languages_english_linguists
216,"accepted, comments, request, made, were",7,2022-04-28 13:20:00,216_accepted_comments_request_made
217,"proceed, shall, adoption, amendment, 100",1,2022-04-28 13:20:00,217_proceed_shall_amendment_vote
218,"crisis, crises, etymology, alleviate, rhetoric",7,2022-04-28 13:20:00,218_crisis_economic_crises_economy
220,"amendment, unheard, amendments, rejected, physiotherapy",9,2022-04-28 13:20:00,220_amendment_amendments_rejected_tabled
221,"rapporteurs, supplement, rapporteur, g13, representative",4,2022-04-28 13:20:00,221_rapporteur_representative_comment_ag...
222,"hell, bit, rosary, little, go",1,2022-04-28 13:20:00,222_rosary_back_me_put
224,"nuclear, renounces, provocation, weapons, launch",2,2022-04-28 13:20:00,224_nuclear_weapons_npt_disarmament
225,"reality, mean, face, quite, deal",3,2022-04-28 13:20:00,225_reality_fantasy_situation_face
227,"synonym, deferent, apostrophate, degregate, aggressiveness",5,2022-04-28 13:20:00,227_synonym_proposed_form_proposal
228,"rule, simultaneous, refer, vote, roll",1,2022-04-28 13:20:00,228_rule_roll_simultaneous_refer
230,"inclusion, obtained, 26, paragraph, reference",1,2022-04-28 13:20:00,230_organic_agri_pantelleria_italy
231,"reconstruction, easy, easiest, simple, commissioner",7,2022-04-28 13:20:00,231_easy_simple_stress_reconstruction
232,"divide, invitation, few, commission, things",1,2022-04-28 13:20:00,232_invitation_successful_invitations_cl...
233,"sanctions, recalibrated, russia, deterrence, sanctioned",5,2022-04-28 13:20:00,233_sanctions_russia_oligarchs_against
234,"magnitude, shocks, disasters, epicenter, swarm",6,2022-04-28 13:20:00,234_disasters_natural_disaster_earthquak...
235,"presidents, proceedings, 55, calendar, pursuant",6,2022-04-28 13:20:00,235_presidents_proceedings_55_vice
236,"gas, price, ttf, speculation, quotation",11,2022-04-28 13:20:00,236_gas_ttf_price_dutch
237,"individuals, 341, bonus, 287, atm",10,2022-04-28 13:20:00,237_000_no_2018_number
238,"stress, weights, covid, housing, apartments",4,2022-04-28 13:20:00,238_reykjavík_apartments_housing_apartme...
239,"examples, bright, yours, example, misunderstanding",4,2022-04-28 13:20:00,239_examples_example_explanation_give
240,"thank, record, overruled, senator, recording",6,2022-04-28 13:20:00,240_thank_record_senator_answer
241,"pursuant, 113, rule, procedure, accepted",8,2022-04-28 13:20:00,241_pursuant_113_accepted_procedure
242,"competition, attract, resilience, contained, concerning",1,2022-04-28 13:20:00,242_competition_draft_law_pnrr
243,"changes, watchpoint, simplification, belong, none",7,2022-04-28 13:20:00,243_changes_change_simplification_order
244,"freedom, obstacle, free, choosing, instilling",8,2022-04-28 13:20:00,244_freedom_free_freedoms_obstacle
245,"priority, risks, themselves, available, priorities",2,2022-04-28 13:20:00,245_priorities_priority_stress_setting
246,"ministers, employment, justice, minister, affairs",5,2022-04-28 13:20:00,246_ministers_minister_prime_answer
247,"berlinguer, enrico, communist, sardinian, his",58,2022-04-28 13:20:00,247_berlinguer_enrico_communist_sardinia...
248,"foreigners, alien, laws, rights, bill",31,2022-04-28 13:20:00,248_foreigners_immigrants_alien_laws
251,"speech, my, devote, focus, second",5,2022-04-28 13:20:00,251_speech_my_second_talk
252,"children, child, best, interests, decisions",7,2022-04-28 13:20:00,252_children_child_interests_kids
253,"dissent, explanation, intuitioned, group, speak",3,2022-04-28 13:20:00,253_dissent_explanation_group_speak
254,"floor, note, garruti, give, take",3,2022-04-28 13:20:00,254_floor_note_give_take
255,"mental, suicide, health, iceland, incidence",8,2022-04-28 13:20:00,255_mental_hospital_health_iceland
257,"2nd, suggest, referred, business, discussion",9,2022-04-28 13:20:00,257_2nd_suggest_referred_business
258,"filmmaking, film, movie, jobs, industry",35,2022-04-28 13:20:00,258_film_filmmaking_movie_industry
259,"innovation, picturing, technology, compete, manufacturing",5,2022-04-28 13:20:00,259_innovation_technology_solutions_rese...
260,"letter, request, written, received, covering",10,2022-04-28 13:20:00,260_letter_written_request_received
261,"milk, cents, 621, meat, grana",6,2022-04-28 13:20:00,261_milk_meat_industry_dairy
262,"song, sung, str, early, 61",5,2022-04-28 13:20:00,262_song_mellow_songs_lyrics
263,"breakes, manifestations, agreement, posts, negotiate",4,2022-04-28 13:20:00,263_agreement_negotiations_conditions_ag...
264,"greece, greek, refugees, circumstances, send",51,2022-04-28 13:20:00,264_greece_greek_refugees_circumstances
265,"redeem, 60, suspended, favour, contributions",2,2022-04-28 13:20:00,265_text_favour_amendment_am
266,"debt, helps, grow, remember, let",1,2022-04-28 13:20:00,266_debt_2026_collection_stop
267,"minutes, sitting, pisani, secretary, giuseppe",7,2022-04-28 13:20:00,267_minutes_sitting_secretary_giro
268,"teeth, dental, illustrated, romeo, tight",1,2022-04-28 13:20:00,268_dental_teeth_dentists_children
270,"red, cross, review, institute, read",23,2022-04-28 13:20:00,270_red_cross_contract_hornbeam
271,"refugee, reception, require, convention, nations",1,2022-04-28 13:20:00,271_no_requirement_foreboding_kaläl
272,"bioavailability, drugs, infection, adverse, biontech",7,2022-04-28 13:20:00,272_bioavailability_cyp3a4_medicinal_pha...
273,"young, youths, unwieldy, interests, acquisition",6,2022-04-28 13:20:00,273_young_youths_youth_people
274,"maneuver, signals, watched, pick, advice",4,2022-04-28 13:20:00,274_keep_mind_eye_impulsive
275,"rapporteur, call, therefore, fenu, rojc",5,2022-04-28 13:20:00,275_rapporteur_call_therefore_rojc
276,"transmit, tighten, acceleration, prosecutor, oral",1,2022-04-28 13:20:00,276_prosecutor_magistrates_court_rome
277,"cite, afam, escaped, founding, inserted",1,2022-04-28 13:20:00,277_list_lists_he_information
279,"immediately, urgent, seeks, ground, serious",4,2022-04-28 13:20:00,279_immediately_action_immediate_quickly
280,"currency, swedish, kronos, currencies, euro",6,2022-04-28 13:20:00,280_currency_euro_dollar_swinging
282,"vii, illustrate, quickly, passages, branch",1,2022-04-28 13:20:00,282_procedure_rules_reform_constitutiona...
284,"vaccinations, vaccinating, submerged, sensible, covid",2,2022-04-28 13:20:00,284_covid_epidemic_virus_disease
285,"mg, bishop, bothers, 42nd, zoom",3,2022-04-28 13:20:00,285_mg_uh_par_1st
286,"disease, prevention, constitutions, pathways, embrace",9,2022-04-28 13:20:00,286_disease_prevention_focusing_prevent
287,"projects, seaguard, cohort, project, delighted",4,2022-04-28 13:20:00,287_project_projects_started_seaguard
288,"group, lesion, dig, root, groups",6,2022-04-28 13:20:00,288_group_groups_stress_root
289,"repeatable, picture, easily, fundamental, think",5,2022-04-28 13:20:00,289_important_think_fundamental_picture
290,"explanation, speak, ask, vote, you",5,2022-04-28 13:20:00,290_explanation_speak_ask_vote
291,"waste, biodegradable, decays, iceberg, methadone",4,2022-04-28 13:20:00,291_waste_disposal_recycling_garbage
292,"possessions, calculation, species, internal, apply",1,2022-04-28 13:20:00,292_possession_property_ownership_distri...
293,"sitting, 113, star, electronic, inform",6,2022-04-28 13:20:00,293_sitting_113_star_electronic
294,"abortion, grieving, pregnancy, child, license",41,2022-04-28 13:20:00,294_grieving_abortion_pregnancy_child
295,"gorrieri, carniti, socialists, candidacy, joining",1,2022-04-28 13:20:00,295_basilicata_coviello_romualdo_carrara
296,"pools, swimming, continuous, exercise, medium",1,2022-04-28 13:20:00,296_beaches_beach_bathing_concessions
297,"lean, knot, heart, men, worried",2,2022-04-28 13:20:00,297_worried_worry_mine_problem
298,"preschoolers, native, immigrants, educational, icelandic",2,2022-04-28 13:20:00,298_icelandic_education_children_school
299,"hundredth, celebrations, writing, sitting, tomorrow",8,2022-04-28 13:20:00,299_item_tomorrow_document_decree
300,"ferry, thai, seariders, grimney, toilet",4,2022-04-28 13:20:00,300_ferry_cruises_bought_passengers
301,"answer, thank, much, very, minister",5,2022-04-28 13:20:00,301_answer_thank_much_very
302,"grouse, pushing, case, throw, bigger",3,2022-04-28 13:20:00,302_case_finish_gonna_finished
303,"jobseekers, welfare, pensioners, prompts, cripples",6,2022-04-28 13:20:00,303_welfare_jobseekers_systems_system
304,"explanation, speak, ask, vote, you",5,2022-04-28 13:20:00,304_explanation_speak_ask_vote
305,"anchored, sink, insane, west, alliances",4,2022-04-28 13:20:00,305_policy_defence_foreign_common
306,"gdp, growth, forecasters, nadef, indicative",3,2022-04-28 13:20:00,306_gdp_growth_percent_nadef
307,"numbering, amended, deputies, amendments, excluded",2,2022-04-28 13:20:00,307_excluded_remaining_amendment_amendme...
308,"reactor, thermonuclear, iter, poetry, fusion",2,2022-04-28 13:20:00,308_nations_international_reactor_nation
309,"interfering, yourselves, entrust, drives, angry",1,2022-04-28 13:20:00,309_spending_military_defence_billion
311,"denmark, rwanda, british, helping, arrangement",1,2022-04-28 13:20:00,311_denmark_danish_refuge_prime
312,"inquiry, thank, senator, inappropriate, occasions",4,2022-04-28 13:20:00,312_inquiry_thank_senator_you
314,"disinformers, serious, sidekicks, seriousness, critical",4,2022-04-28 13:20:00,314_serious_disinformers_seriousness_ser...
315,"democratic, favour, party, paths, announce",4,2022-04-28 13:20:00,315_democratic_favour_party_announce
317,"rights, enjoy, dignity, minimum, run",4,2022-04-28 13:20:00,317_rights_enjoy_marchionne_šk
318,"covid, italians, são, restarts, paulo",6,2022-04-28 13:20:00,318_covid_vaccination_vaccinated_vaccine...
319,"institute, foreign, chronological, educational, felt",8,2022-04-28 13:20:00,319_institute_foreign_applications_homep...
320,"weren, audience, spectacle, numerical, precarious",5,2022-04-28 13:20:00,320_weren_names_name_chats
321,"staff, residents, appointed, representatives, regional",2,2022-04-28 13:20:00,321_employees_staff_voting_representativ...
322,"service, services, incomplete, outdoors, groundwork",6,2022-04-28 13:20:00,322_service_services_basic_user
323,"attractive, roof, learned, expand, involves",3,2022-04-28 13:20:00,323_expenses_increase_increased_turnover
324,"covenant, composed, presents, lay, factors",3,2022-04-28 13:20:00,324_covenant_covenants_government_harmon...
325,"squeezes, hampered, influences, collapsed, contagions",1,2022-04-28 13:20:00,325_energy_prices_price_gas
326,"clarity, transparency, communication, transparent, 155",1,2022-04-28 13:20:00,326_transparency_transparent_155_epidemi...
328,"hunting, hunt, emissary, attempt, recruitment",2,2022-04-28 13:20:00,328_hunting_hunt_costs_raising
330,"explanation, speak, ask, vote, you",4,2022-04-28 13:20:00,330_explanation_speak_ask_vote
332,"institute, foreign, rights, slided, needle",4,2022-04-28 13:20:00,332_institute_generals_applications_citi...
333,"celebrating, celebrate, glorify, joy, happy",9,2022-04-28 13:20:00,333_happy_joy_celebrate_celebrating
334,"amended, simultaneous, refer, text, roll",7,2022-04-28 13:20:00,334_amended_simultaneous_120_refer
337,"courtrooms, replied, reminding, question, reply",1,2022-04-28 13:20:00,337_reply_minutes_lamorgese_three
338,"diligently, fenu, guerra, reserve, report",2,2022-04-28 13:20:00,338_report_permission_written_text
339,"rapporteur, dominus, compressed, separately, opinion",3,2022-04-28 13:20:00,339_rapporteur_opinion_assent_rapporteur...
340,"roll, ballot, simultaneous, refer, call",3,2022-04-28 13:20:00,340_roll_ballot_simultaneous_refer
341,"covid, epidemic, 19, emergency, epidemiological",14,2022-04-28 13:20:00,341_covid_epidemic_19_decree
342,"proceed, shall, vote, therefore, split",2,2022-04-28 13:20:00,342_proceed_shall_split_vote
343,"pioneering, thank, colleagues, reporters, sincere",7,2022-04-28 13:20:00,343_thank_colleagues_thanks_sincere
344,"impact, negligible, expected, funds, implementation",4,2022-04-28 13:20:00,344_impact_expected_affect_bill
345,"kingdoms, protection, real, these, surveillance",1,2022-04-28 13:20:00,345_protection_surveillance_personal_pro...
346,"vat, invoice, portal, display, reservation",8,2022-04-28 13:20:00,346_vat_necessities_invoice_matches
348,"film, filmmaking, icelandic, movie, iceland",31,2022-04-28 13:20:00,348_film_filmmaking_icelandic_movie
349,"item, draft, debate, 2564, next",8,2022-04-28 13:20:00,349_item_draft_debate_next
350,"wrongdoers, defects, conference, causing, board",1,2022-04-28 13:20:00,350_conference_councilmen_board_reminds
351,"nugnes, registered, speak, floor, senator",1,2022-04-28 13:20:00,351_floor_zanda_zaffini_nugnes
353,"data, disable, cool, bound, founded",3,2022-04-28 13:20:00,353_data_database_subtracts_hospital
354,"excise, duties, fuels, petrol, vat",16,2022-04-28 13:20:00,354_excise_duties_fuels_vat
355,"excluding, explanations, distribution, hours, 2604",6,2022-04-28 13:20:00,355_excluding_explanations_distribution_...
356,"subtitle, fun, exercising, loss, gaps",4,2022-04-28 13:20:00,356_work_unorthodox_environment_assistan...
357,"enterprises, sized, 09, medium, micro",1,2022-04-28 13:20:00,357_sized_enterprises_medium_small
358,"explanation, speak, ask, vote, you",4,2022-04-28 13:20:00,358_explanation_speak_ask_vote
359,"loads, measurements, repay, income, busy",3,2022-04-28 13:20:00,359_income_loss_loads_month
361,"finnum, relieved, sooner, nice, unique",3,2022-04-28 13:20:00,361_liked_would_gotten_postamism
362,"permission, says, president, by, icellands",4,2022-04-28 13:20:00,362_permission_says_president_by
363,"councilmen, reaction, positive, thing, thank",1,2022-04-28 13:20:00,363_councilmen_thank_discussion_council
365,"poverty, acknowledge, finding, failed, chance",2,2022-04-28 13:20:00,365_poverty_poor_poorer_refusing
366,"unanswered, densely, 118, maintains, campania",2,2022-04-28 13:20:00,366_mezzogiorno_railway_jubilee_rome
367,"000, inademity, 729, 313, discount",5,2022-04-28 13:20:00,367_000_bucks_month_pay
368,"makers, legislators, ecosystems, nature, closely",1,2022-04-28 13:20:00,368_nature_generations_protection_genera...
369,"speech, thank, senator, you, for",5,2022-04-28 13:20:00,369_speech_thank_senator_you
371,"warrant, registration, homemaking, resting, canceled",6,2022-04-28 13:20:00,371_warrant_frequency_permit_canceled
372,"leaders, conference, tuesday, timetable, until",6,2022-04-28 13:20:00,372_leaders_conference_timetable_convene...
373,"test, students, consistent, uniform, exploratory",13,2022-04-28 13:20:00,373_test_tests_students_consistent
375,"staff, arpas, organisational, shortcomings, employ",4,2022-04-28 13:20:00,375_staff_lack_shortage_specialized
376,"winds, shelter, weather, either, rest",1,2022-04-28 13:20:00,376_geological_fire_sheets_mapping
377,"conversion, replacing, 9000, approval, text",6,2022-04-28 13:20:00,377_conversion_posed_approval_trust
378,"lying, talking, back, what, ve",2,2022-04-28 13:20:00,378_talking_re_what_about
379,"letter, borist, ardíi, smoke, near",2,2022-04-28 13:20:00,379_borist_letter_smoke_near
382,"forget, remember, episode, image, moments",5,2022-04-28 13:20:00,382_forget_remember_memory_forgotten
384,"roll, ballot, simultaneous, rule, refer",2,2022-04-28 13:20:00,384_roll_ballot_simultaneous_rule
385,"autonomies, announce, catalfo, rampi, favorable",2,2022-04-28 13:20:00,385_premier_salvini_sardo_azione
387,"restricted, reasoned, discussing, ban, rights",2,2022-04-28 13:20:00,387_ban_bans_banned_restricted
388,"mollame, enlisted, de, renzi, poli",4,2022-04-28 13:20:00,388_bertoldi_de_enlisted_speak
390,"oppositions, majority, component, belong, apart",2,2022-04-28 13:20:00,390_majority_eighteen_born_hemicycle
391,"originally, match, faster, june, month",2,2022-04-28 13:20:00,391_march_dates_date_etrs
392,"unsubstantiated, variant, queries, elected, applied",1,2022-04-28 13:20:00,392_suggestions_suggestion_proposal_öse
394,"opened, 16, sitting, 41, 38",3,2022-04-28 13:20:00,394_opened_sitting_16_35
395,"sitting, open, 31, 02, 49",6,2022-04-28 13:20:00,395_sitting_open_31_32
397,"fracture, squeezing, haematomas, septum, fractures",3,2022-04-28 13:20:00,397_fracture_fractures_suspected_severit...
398,"postoperative, patient, doctors, provoking, medical",5,2022-04-28 13:20:00,398_doctor_doctors_patient_patients
401,"women, taliban, afghanistan, afghan, relay",5,2022-04-28 13:20:00,401_afghan_women_afghanistan_taliban
402,"benefits, artists, governments, wondering, media",2,2022-04-28 13:20:00,402_media_artists_icelandic_art
403,"wider, liked, reaching, vulnerable, post",3,2022-04-28 13:20:00,403_liked_would_crisp_improvement
404,"spiting, heavily, speed, quickly, structure",2,2022-04-28 13:20:00,404_quickly_speed_fast_faster
406,"kingdom, treasure, commune, thrones, depart",6,2022-04-28 13:20:00,406_kingdom_treasure_commune_contended
407,"humiliating, harassment, displeasing, insulting, hostile",2,2022-04-28 13:20:00,407_harassment_insulting_humiliating_def...
408,"pc, idv, cal, rehearsal, crucioli",1,2022-04-28 13:20:00,408_pc_upc_ai_idv
409,"1973, consists, article, articles, rebirth",4,2022-04-28 13:20:00,409_articles_consists_article_chapters
410,"jakobsdóttir, daughter, katrín, anointed, ring",3,2022-04-28 13:20:00,410_jakobsdóttir_katrín_daughter_governm...
411,"tabling, amendments, deadline, relation, tabled",5,2022-04-28 13:20:00,411_tabling_amendments_deadline_relation
414,"registered, alessandrini, she, speak, tiraboschi",4,2022-04-28 13:20:00,414_registered_she_speak_cantù
416,"ecological, transition, sustainability, realizations, ferrazzi",10,2022-04-28 13:20:00,416_ecological_transition_climate_sustai...
417,"step, older, taking, think, hopefully",4,2022-04-28 13:20:00,417_step_bit_epochs_forward
421,"treaty, solemn, taboo, treaties, mistake",3,2022-04-28 13:20:00,421_treaty_treaties_puts_signing
422,"hold, meetings, commissions, 31, june",1,2022-04-28 13:20:00,422_intend_speak_representative_members
423,"2604, item, deputies, draft, approved",2,2022-04-28 13:20:00,423_item_deputies_draft_approved
424,"gray, areas, overlap, highlights, lie",4,2022-04-28 13:20:00,424_gray_areas_grey_qualify
426,"thank, much, bill, very, contributions",9,2022-04-28 13:20:00,426_thank_bill_much_minister
428,"loan, million, promotions, loans, payload",2,2022-04-28 13:20:00,428_loan_million_loans_payments
429,"rhinetown, antipsychotics, antipsychotic, coping, destructive",2,2022-04-28 13:20:00,429_antipsychotics_antipsychotic_drugs_m...
430,"personal, protection, perone, evaluation, rights",7,2022-04-28 13:20:00,430_personal_protection_assessment_peron...
431,"wood, unsubstantiated, apology, heartbroken, highest",6,2022-04-28 13:20:00,431_wood_apology_highest_apologized
432,"gardening, school, university, innunciation, elfus",9,2022-04-28 13:20:00,432_gardening_school_university_southlan...
433,"environment, balancedly, 1981, infinitesimal, rationally",3,2022-04-28 13:20:00,433_environment_charter_cared_environmen...
434,"resilience, recovery, plan, globality, redefinition",3,2022-04-28 13:20:00,434_resilience_recovery_plan_national
435,"enlisted, pesco, carlo, de, speak",8,2022-04-28 13:20:00,435_enlisted_carlo_speak_pesco
437,"nominal, ballot, simultaneous, refer, whole",3,2022-04-28 13:20:00,437_nominal_ballot_simultaneous_refer
438,"answers, thank, much, answer, very",9,2022-04-28 13:20:00,438_answers_thank_much_very
440,"funds, regulation, eltif, operators, confirmation",13,2022-04-28 13:20:00,440_funds_regulation_operators_investmen...
441,"héðinsson, helgi, investigated, signed, letter",1,2022-04-28 13:20:00,441_signed_constitution_investigated_ple...
443,"unlike, suspended, demand, sometimes, activity",1,2022-04-28 13:20:00,443_quality_monitoring_flexibility_contr...
444,"draghi, choice, degasperian, decorum, inseparable",2,2022-04-28 13:20:00,444_draghi_italy_president_voice
445,"ndc, nc, misto, iac, quegliariello",2,2022-04-28 13:20:00,445_misto_nc_ndc_iac
446,"complicated, nothing, than, more, there",1,2022-04-28 13:20:00,446_complicated_nothing_than_simple
449,"gallone, minutes, gives, floor, two",1,2022-04-28 13:20:00,449_floor_minutes_respond_two
450,"4th, 10th, conference, par, mg",2,2022-04-28 13:20:00,450_meeting_length_10th_4th
451,"book, green, exactly, talking, clear",1,2022-04-28 13:20:00,451_book_green_bookwork_energy
452,"disease, epidemic, control, prevention, kármson",11,2022-04-28 13:20:00,452_disease_prevention_epidemic_control
454,"starving, pawned, disrespectful, wealthy, cooperation",6,2022-04-28 13:20:00,454_starving_food_noodles_hungry
455,"effect, provisions, already, 30, taking",2,2022-04-28 13:20:00,455_effect_already_comes_into
456,"roll, ballot, simultaneous, rule, refer",1,2022-04-28 13:20:00,456_roll_ballot_simultaneous_rule
457,"comments, minutes, approved, were, since",6,2022-04-28 13:20:00,457_comments_minutes_approved_were
458,"homophobia, day, biphobia, transphobia, lgbt",5,2022-04-28 13:20:00,458_day_stress_homophobia_celebrated
463,"intend, intervene, representative, litigation, institutes",3,2022-04-28 13:20:00,463_intend_representative_intervene_repl...
464,"answer, thank, senator, you, for",1,2022-04-28 13:20:00,464_answer_thank_senator_you
465,"innovation, diverse, supportive, helps, utmost",2,2022-04-28 13:20:00,465_innovation_epidemic_icelandic_icelan...
466,"epithet, concepts, unacceptable, words, absolutely",2,2022-04-28 13:20:00,466_word_acronym_words_used
467,"shortsighted, dog, him, sit, talk",1,2022-04-28 13:20:00,467_dog_dogs_cat_pet
468,"negation, war, politics, plan, end",2,2022-04-28 13:20:00,468_war_warfare_wars_shelter
469,"mattress, adds, depth, ideas, increases",1,2022-04-28 13:20:00,469_interventions_intervention_tension_m...
470,"9000, substitute, 5th, entirely, permanent",1,2022-04-28 13:20:00,470_5th_81_contrary_expressed
471,"inquiry, thank, senator, you, restoring",2,2022-04-28 13:20:00,471_inquiry_thank_senator_you
473,"herself, finds, answer, thank, head",1,2022-04-28 13:20:00,473_answer_thank_answers_senator
474,"exondation, rebalancing, explicit, exists, powers",1,2022-04-28 13:20:00,474_constitution_touching_charter_adapta...
479,"education, suggest, 2nd, general, committee",6,2022-04-28 13:20:00,479_education_suggest_general_committee
482,"collectively, 2030, target, formally, reduction",1,2022-04-28 13:20:00,482_emissions_55_2030_reduction
483,"explanation, speak, ask, vote, you",4,2022-04-28 13:20:00,483_explanation_speak_ask_vote
484,"enlisted, lanzi, iannone, speak, faith",3,2022-04-28 13:20:00,484_enlisted_speak_iannone_he
485,"unacceptable, perfectly, delicate, nature, position",1,2022-04-28 13:20:00,485_unacceptable_acceptable_situation_ok...
486,"conclude, shall, mr, president, mildly",3,2022-04-28 13:20:00,486_conclude_shall_mr_president
487,"5th, opinions, standing, 1st, published",5,2022-04-28 13:20:00,487_5th_opinions_standing_1st
488,"groningen, drastically, deposit, falling, historical",1,2022-04-28 13:20:00,488_lakes_shire_activation_protective
489,"watchpoints, valuation, britain, registration, 137",6,2022-04-28 13:20:00,489_iceland_bill_contract_regulations
490,"page, guaranteed, parties, party, difference",2,2022-04-28 13:20:00,490_party_parties_soliciting_dinner
491,"choices, atrocious, honestly, logic, courage",3,2022-04-28 13:20:00,491_choice_choices_decision_sealy
492,"soil, soils, nutrients, ecosystems, fibers",8,2022-04-28 13:20:00,492_soil_soils_nutrients_consumption
494,"pretexts, comorbidity, legible, fashionable, identifiable",5,2022-04-28 13:20:00,494_virus_italy_pandemic_charter
499,"concessions, hydroelectric, acquisitions, hydropower, basins",2,2022-04-28 13:20:00,499_hydroelectric_concessions_renewal_de...
500,"dragons, dragon, halo, complicity, sovereignist",3,2022-04-28 13:20:00,500_dragons_dragon_disease_centrists
501,"recovery, sown, fund, disperse, energy",3,2022-04-28 13:20:00,501_recovery_energy_fund_autonomy
502,"golden, power, discipline, extended, extension",8,2022-04-28 13:20:00,502_golden_power_discipline_extended
503,"positive, sounds, brief, brought, bad",3,2022-04-28 13:20:00,503_positive_salami_diminish_wrongdoing
504,"indistinguishable, different, two, things, should",2,2022-04-28 13:20:00,504_difference_indistinguishable_content...
506,"hpv, virus, vaccination, genders, cancer",27,2022-04-28 13:20:00,506_hpv_virus_vaccination_genders
507,"newcomers, changes, suggests, confirmation, major",4,2022-04-28 13:20:00,507_changes_suggests_bill_intertranslati...
509,"dealt, finish, thank, fine, suggest",2,2022-04-28 13:20:00,509_committee_thank_job_welfare
510,"inform, exactly, situation, come, same",1,2022-04-28 13:20:00,510_propose_respected_referred_affairs
511,"norway, sweden, denmark, began, 2009",2,2022-04-28 13:20:00,511_norway_sweden_denmark_norwegians
513,"165, victims, 000, two, over",1,2022-04-28 13:20:00,513_casualties_civilian_victims_deaths
514,"supreme, court, relatively, trial, sentence",1,2022-04-28 13:20:00,514_court_appealed_judgment_supreme
515,"divided, explanations, minutes, hours, allocated",3,2022-04-28 13:20:00,515_minutes_explanations_five_allocated
516,"civilizations, india, demographic, china, crisis",1,2022-04-28 13:20:00,516_prosperity_developing_countries_popu...
517,"loneliness, isolation, risks, affected, older",1,2022-04-28 13:20:00,517_loneliness_isolation_lonely_cute
519,"lure, weather, fine, don, into",1,2022-04-28 13:20:00,519_weather_winter_snow_wintertime
520,"reading, enjoyable, obligatory, conjunction, pleasant",3,2022-04-28 13:20:00,520_reading_read_skills_children
521,"lot, think, there, more, about",1,2022-04-28 13:20:00,521_thought_lot_playsheet_abouttheclimat...
522,"taint, trellis, electrical, electromagnetic, 148",2,2022-04-28 13:20:00,522_cables_cord_electrical_ground
523,"938, contributes, panels, approval, greater",1,2022-04-28 13:20:00,523_contributes_proportion_approval_grea...
524,"waste, collection, accidentally, sea, port",23,2022-04-28 13:20:00,524_waste_collection_accidentally_sea
526,"eager, please, respond, step, thank",2,2022-04-28 13:20:00,526_please_respond_thank_much
528,"watching, glad, unless, want, come",2,2022-04-28 13:20:00,528_live_abroad_coercive_settle
529,"back, uh, no, well, really",1,2022-04-28 13:20:00,529_uh_no_well_really
530,"abouta, andpermanence, 68, constitution, 117",2,2022-04-28 13:20:00,530_68_constitution_article_applicabilit...
531,"151th, succeed, submitted, failed, material",1,2022-04-28 13:20:00,531_151th_submitted_succeed_previously
532,"mistakes, apologize, mistake, along, correct",3,2022-04-28 13:20:00,532_mistakes_mistake_learn_repeat
533,"emergency, covid, ceased, 31, march",8,2022-04-28 13:20:00,533_emergency_covid_31_march
534,"thursday, scheduled, replicas, premier, question",6,2022-04-28 13:20:00,534_thursday_question_place_presence
535,"unchanged, assessments, submitted, testing, formally",3,2022-04-28 13:20:00,535_unchanged_submitted_remain_bill
536,"joke, easy, me, jokes, about",1,2022-04-28 13:20:00,536_joke_jokes_humor_laugh
537,"plastic, microplastics, oceans, infinitesimal, tonnes",17,2022-04-28 13:20:00,537_plastic_microplastics_placenta_ocean...
539,"comments, minutes, approved, were, since",2,2022-04-28 13:20:00,539_comments_minutes_approved_were
541,"golden, regulation, power, amendment, remaining",1,2022-04-28 13:20:00,541_remaining_amendments_foreclosed_set
543,"enough, resources, besides, allocated, resource",4,2022-04-28 13:20:00,543_resources_enough_infinite_resource
545,"crown, crowns, gang, medicines, excited",3,2022-04-28 13:20:00,545_crown_crowns_gang_liquid
547,"permission, check, report, says, president",4,2022-04-28 13:20:00,547_permission_says_report_president
549,"blasphemy, jail, ones, unfortunate, lawyers",1,2022-04-28 13:20:00,549_blasphemy_prohibition_against_religi...
550,"rankings, rampi, alive, fit, training",1,2022-04-28 13:20:00,550_competitions_rankings_competition_in...
552,"libitum, extension, representative, ad, motion",2,2022-04-28 13:20:00,552_representative_motions_resolutions_o...
555,"refugees, reservation, senator, greece, application",8,2022-04-28 13:20:00,555_refugees_senator_reservation_derided
557,"argument, options, reasonable, choice, didn",2,2022-04-28 13:20:00,557_option_outset_lack_dissuade
558,"detracted, emotions, providers, replacement, clinical",3,2022-04-28 13:20:00,558_hospital_patients_patient_providers
559,"agenda, spectacularity, wearers, formalised, accepted",3,2022-04-28 13:20:00,559_agendas_agenda_accepted_accepts
560,"declaration, monument, cultural, monuments, distinctive",5,2022-04-28 13:20:00,560_monument_declaration_monuments_cultu...
563,"supreme, court, decision, clear, avest",1,2022-04-28 13:20:00,563_clear_avest_qa_really
568,"needy, league, realities, front, ready",1,2022-04-28 13:20:00,568_league_impediment_concessionaire_pro...
569,"warn, strongly, something, course, about",1,2022-04-28 13:20:00,569_caution_careful_slippage_cautionary
572,"university, akureyri, architeography, erasmus, álaborg",1,2022-04-28 13:20:00,572_akureyri_university_studies_technica...
573,"declare, open, general, discussion, special",3,2022-04-28 13:20:00,573_declare_open_discussion_general
575,"speaker, joke, dignified, congress, officials",1,2022-04-28 13:20:00,575_congress_speaking_minute_officials
576,"reconstruction, remained, agricultural, approval, final",1,2022-04-28 13:20:00,576_agriculture_vallardi_colleagues_unan...
577,"china, covid, rocky, taiwan, slowness",3,2022-04-28 13:20:00,577_china_chinese_aggressive_covid
579,"appreciation, course, honest, greece, 300",3,2022-04-28 13:20:00,579_course_a4_straighten_tempered
580,"foreignland, justice, shapes, cleaning, criticize",2,2022-04-28 13:20:00,580_justice_institute_law_refuses
581,"registered, faggi, she, petris, speak",3,2022-04-28 13:20:00,581_registered_she_faggi_speak
586,"suðvest, 13th, letters, received, re",1,2022-04-28 13:20:00,586_suðvest_12th_9th_re
587,"microenergy, pensioners, calculate, length, sentence",1,2022-04-28 13:20:00,587_microenergy_pensioners_pension_age
588,"ita, airways, srl, danata, airline",2,2022-04-28 13:20:00,588_ita_alitalia_airways_company
589,"investiture, breakthrough, innovative, instruments, shared",1,2022-04-28 13:20:00,589_parliament_european_he_his
590,"suicides, reduced, number, suicide, country",1,2022-04-28 13:20:00,590_suicide_suicides_disease_47
591,"ntsb, rolled, multi, organized, comment",2,2022-04-28 13:20:00,591_ntsb_returns_blanks_personalisation
592,"story, thank, much, very, minister",2,2022-04-28 13:20:00,592_story_thank_much_very
593,"churchyard, cremation, church, consult, test",1,2022-04-28 13:20:00,593_cemetery_ashes_buried_dead
594,"psychiatrist, deputy, yes, protection, children",1,2022-04-28 13:20:00,594_mental_health_explode_bells
595,"prices, broader, slow, rise, stay",3,2022-04-28 13:20:00,595_price_prices_rises_bet
598,"treatment, treatments, cured, immensely, interrupted",6,2022-04-28 13:20:00,598_treatment_forbidden_treatments_micro...
600,"budget, secretary, thank, confirms, much",4,2022-04-28 13:20:00,600_budget_chairman_secretary_thank
601,"binetti, registered, speak, senator, biti",1,2022-04-28 13:20:00,601_binetti_registered_speak_biti
602,"declare, closed, willingness, debate, whom",3,2022-04-28 13:20:00,602_declare_closed_debate_willingness
603,"referred, nation, large, small, often",1,2022-04-28 13:20:00,603_compare_comparisons_comparison_clean
604,"enlisted, she, pirro, speak, ferrero",4,2022-04-28 13:20:00,604_enlisted_she_speak_pirro
605,"town, dropped, bigger, big, comment",1,2022-04-28 13:20:00,605_big_deal_movie_town
607,"corporate, meeting, night, men, community",1,2022-04-28 13:20:00,607_meeting_eastfield_board_saturday
608,"apology, apologize, apologizing, characters, apologized",5,2022-04-28 13:20:00,608_apology_apologize_stress_sorry
609,"stress, geographing, geostrategic, considerations, connection",2,2022-04-28 13:20:00,609_regions_stress_regional_lance
610,"efta, logical, leads, court, esa",1,2022-04-28 13:20:00,610_efta_court_logical_icesave
611,"perfected, intensive, modified, reading, lengthening",4,2022-04-28 13:20:00,611_text_modified_amending_amendments
613,"corrected, offended, hopefully, ones, soon",2,2022-04-28 13:20:00,613_corrected_correct_correction_grammat...
614,"culture, establishes, feelings, universal, heritage",2,2022-04-28 13:20:00,614_culture_classical_christian_commerci...
616,"yes, understanding, answer, simple, question",2,2022-04-28 13:20:00,616_yes_answer_question_simple
617,"grain, wheat, ukraine, russia, exporters",3,2022-04-28 13:20:00,617_grain_ukraine_wheat_russia
618,"child, stress, paid, rearing, reformer",3,2022-04-28 13:20:00,618_chores_child_age_old
620,"rapporteurs, roll, tabled, simultaneous, 100",4,2022-04-28 13:20:00,620_rapporteurs_tabled_roll_simultaneous
624,"afghanistan, meantime, unacceptable, happen, however",1,2022-04-28 13:20:00,624_afghanistan_taliban_americans_oversp...
625,"representative, call, stewards, attend, government",2,2022-04-28 13:20:00,625_representative_call_government_stewa...
626,"2nd, 1st, environment, suggest, transport",3,2022-04-28 13:20:00,626_1st_2nd_suggest_pointed
628,"reimbursement, filmmaking, film, temporary, 1999",12,2022-04-28 13:20:00,628_reimbursement_filmmaking_film_1999
630,"proposal, santangelo, describing, contents, ignore",3,2022-04-28 13:20:00,630_proposal_engagement_submitted_forthi...
631,"substances, produces, devastating, harmful, obviously",1,2022-04-28 13:20:00,631_substances_harmful_hormone_respirato...
633,"abstain, opposing, senators, accordingly, intend",2,2022-04-28 13:20:00,633_senators_opposing_abstain_accordingl...
634,"combating, sum, agencies, bodies, environmental",2,2022-04-28 13:20:00,634_environmental_prevention_communicabl...
636,"appeal, pisani, invite, secretary, giuseppe",4,2022-04-28 13:20:00,636_appeal_invite_secretary_proceed
638,"sacrifices, repays, justified, demand, sacrifice",3,2022-04-28 13:20:00,638_sacrifice_sacrifices_repays_justifie...
639,"evolution, covid, wait, occur, tourists",4,2022-04-28 13:20:00,639_evolution_covid_correspondent_punish...
640,"reigns, food, commodities, sugar, rose",3,2022-04-28 13:20:00,640_food_prices_groceries_sugar
641,"orphan, ethno, sites, hazardous, anthropological",3,2022-04-28 13:20:00,641_orphan_sites_reclamation_identified
642,"buccarella, laniece, follow, 32, 26",2,2022-04-28 13:20:00,642_10_buccarella_follow_11
643,"ecosolidali, leu, announce, favorable, conclusion",1,2022-04-28 13:20:00,643_ecosolidal_announce_mixed_component
645,"deceive, untrue, naivety, deceived, misleading",3,2022-04-28 13:20:00,645_lying_lies_fooled_deceive
646,"fragile, retroactively, workers, augussori, fifty",3,2022-04-28 13:20:00,646_fragile_workers_extend_protection
647,"hospital, backup, akureyri, also, cornerstone",1,2022-04-28 13:20:00,647_hospital_akureyri_backup_cornerstone
648,"alexandrini, 18, corrado, 27, continues",2,2022-04-28 13:20:00,648_pellegrini_emanuele_sp_az
649,"volunteers, charity, jobs, volunteer, labour",6,2022-04-28 13:20:00,649_volunteers_volunteer_volunteering_ch...
650,"materials, raw, yards, dearness, shipyards",3,2022-04-28 13:20:00,650_materials_raw_difficulty_inevitably
651,"comments, minutes, approved, were, since",1,2022-04-28 13:20:00,651_comments_minutes_approved_were
652,"multinational, explosion, contractual, raises, teacher",1,2022-04-28 13:20:00,652_globalisation_globalization_phenomen...
653,"readily, safety, response, available, needs",1,2022-04-28 13:20:00,653_safety_safe_safer_prevalent
655,"ignored, deep, bit, might, report",1,2022-04-28 13:20:00,655_report_ignored_review_professional
657,"impairments, human, rights, ll, deal",1,2022-04-28 13:20:00,657_human_rights_violating_bathe
658,"babies, stillbirth, leave, death, parents",2,2022-04-28 13:20:00,658_parental_leave_paternity_employed
659,"revealed, difference, issues, between, such",1,2022-04-28 13:20:00,659_stress_senator_minister_inquiring
660,"uv, patt, aut, svp, laniece",3,2022-04-28 13:20:00,660_patt_uv_aut_svp
661,"pilots, guard, listen, justice, finance",1,2022-04-28 13:20:00,661_highest_minister_learn_lawsuits
663,"roll, ballot, simultaneous, rule, refer",1,2022-04-28 13:20:00,663_roll_ballot_simultaneous_rule
664,"smell, smells, preparing, biggest, stronger",3,2022-04-28 13:20:00,664_smell_urine_insecticides_preschooler...
665,"scratched, scratch, enabled, successfully, telling",2,2022-04-28 13:20:00,665_scratch_underneath_ramburd_crevice
666,"elísa, serve, þórðardóttir, residence, welcome",1,2022-04-28 13:20:00,666_serve_invited_previously_assembly
667,"outrage, perpetrated, cruel, escalation, shame",1,2022-04-28 13:20:00,667_victims_mourning_closeness_pain
668,"agree, think, can, all, agrees",1,2022-04-28 13:20:00,668_agree_agrees_everybody_couldn
670,"overlook, professionally, educated, agencies, names",1,2022-04-28 13:20:00,670_agency_checkbox_executing_naughty
671,"pay, unfortunately, back, state, going",1,2022-04-28 13:20:00,671_pay_preconceiving_pays_pledge
672,"delegation, enrichment, delegates, tracks, reorganization",2,2022-04-28 13:20:00,672_delegation_white_exercised_delegates
673,"annual, mental, annually, 26, cost",1,2022-04-28 13:20:00,673_mental_cost_billion_health
676,"heavily, processes, preparing, measures, towards",2,2022-04-28 13:20:00,676_measures_tailored_toolboxes_justifia...
678,"durnwalder, reading, gave, minutes, sitting",2,2022-04-28 13:20:00,678_durnwalder_reading_gave_minutes
682,"trainers, formants, vocations, vocational, noting",1,2022-04-28 13:20:00,682_armed_244_precariousness_forces
683,"rai, television, progress, remember, live",1,2022-04-28 13:20:00,683_rai_television_spa_broadcasting
687,"plumbers, electricians, fed, need, telephones",1,2022-04-28 13:20:00,687_telephones_housekeeping_interiors_re...
690,"authority, concluded, exercise, explanation, special",1,2022-04-28 13:20:00,690_authority_tabernacle_authoritativene...
696,"facts, foot, judgments, eyes, someone",2,2022-04-28 13:20:00,696_facts_dejected_eyes_chronicle
697,"permission, says, president, so, with",1,2022-04-28 13:20:00,697_permission_jesusko_marlins_president
699,"cooperation, flows, spirit, along, progress",2,2022-04-28 13:20:00,699_cooperation_flows_exorcisms_prosperi...
700,"ears, prime, answers, thank, much",1,2022-04-28 13:20:00,700_prime_thank_answers_answer
701,"modulated, differentiated, expectations, express, degree",1,2022-04-28 13:20:00,701_project_management_grades_profession...
702,"imprudently, prudently, verbally, hollow, ears",3,2022-04-28 13:20:00,702_deaf_listen_ears_imprudently
703,"parents, female, male, allowance, both",2,2022-04-28 13:20:00,703_allowance_universal_single_parent
-1,"hospital, stress, it, this, that",12843,2022-05-27 10:40:00,-1_hospital_covid_stress_disease
0,"european, europe, union, nato, alliance",334,2022-05-27 10:40:00,0_european_europe_union_nato
1,"paritaprevir, son, friðriksson, daughter, ingi",368,2022-05-27 10:40:00,1_paritaprevir_son_ingi_daughter
2,"ukraine, russia, russian, invasion, ukrainian",237,2022-05-27 10:40:00,2_ukraine_russia_russian_putin
3,"italy, italians, italian, brothers, viva",181,2022-05-27 10:40:00,3_italy_italians_italian_brothers
4,"iceland, icelanders, icelandic, nato, nations",243,2022-05-27 10:40:00,4_iceland_icelandic_icelanders_internati...
5,"epidemic, covid, virus, pandemic, disease",44,2022-05-27 10:40:00,5_epidemic_covid_virus_pandemic
6,"housing, rent, apartments, homes, apartment",141,2022-05-27 10:40:00,6_housing_rent_apartments_apartment
7,"energy, electricity, exchange, pumps, renewable",208,2022-05-27 10:40:00,7_energy_electricity_exchange_renewable
8,"bank, banks, office, sale, candidly",19,2022-05-27 10:40:00,8_bank_banks_banking_office
9,"fishing, fish, marine, coastal, farming",159,2022-05-27 10:40:00,9_fishing_fish_coastal_marine
10,"minister, ministers, ministry, he, highest",54,2022-05-27 10:40:00,10_minister_ministers_ministry_highest
11,"school, teachers, teaching, training, education",228,2022-05-27 10:40:00,11_school_education_students_teachers
12,"bill, bills, think, good, this",103,2022-05-27 10:40:00,12_bill_bills_articles_think
13,"financial, program, budget, policy, plan",137,2022-05-27 10:40:00,13_financial_budget_program_policy
14,"government, governments, solution, what, anything",91,2022-05-27 10:40:00,14_government_governments_trust_does
15,"judiciary, magistrate, magistrates, judge, judicial",243,2022-05-27 10:40:00,15_judiciary_magistrates_justice_judicia...
16,"telecommunications, communications, communication, internet, telecommunication",44,2022-05-27 10:40:00,16_telecommunications_internet_communica...
17,"sport, sports, psychophysical, educational, activity",88,2022-05-27 10:40:00,17_sport_sports_activity_psychophysical
18,"senator, why, ask, senators, question",55,2022-05-27 10:40:00,18_senator_why_ask_question
19,"approves, annex, followed, senate, see",84,2022-05-27 10:40:00,19_approves_annex_followed_senate
20,"water, drought, river, irrigation, po",47,2022-05-27 10:40:00,20_water_drought_irrigation_outflow
21,"tax, taxes, taxation, income, estate",110,2022-05-27 10:40:00,21_tax_taxes_income_taxation
22,"bank, iceland, sale, secret, selling",18,2022-05-27 10:40:00,22_bank_iceland_banks_sales
23,"refugees, refugee, syria, immigrants, lebanon",33,2022-05-27 10:40:00,23_refugees_refugee_welcome_fleeing
24,"discussion, stress, second, brief, want",71,2022-05-27 10:40:00,24_discussion_discuss_conversation_inter...
25,"mental, health, services, hospital, care",264,2022-05-27 10:40:00,25_mental_health_hospital_services
26,"investors, brokers, marquee, chatters, believed",10,2022-05-27 10:40:00,26_investors_sale_qualified_sold
27,"paintings, artists, eggertson, cage, crib",11,2022-05-27 10:40:00,27_artists_art_artist_musicians
28,"council, northern, here, hall, at",56,2022-05-27 10:40:00,28_council_here_members_hall
29,"nursing, hospital, older, elderly, home",65,2022-05-27 10:40:00,29_nursing_older_elderly_home
30,"rapporteurs, thank, commission, mr, fratin",74,2022-05-27 10:40:00,30_thank_rapporteurs_commission_mr
31,"mr, president, madam, speech, ladies",72,2022-05-27 10:40:00,31_mr_madam_president_speech
32,"pension, fund, pensions, funds, insurance",98,2022-05-27 10:40:00,32_pension_fund_pensions_funds
33,"rural, society, communities, population, areas",84,2022-05-27 10:40:00,33_rural_society_communities_areas
34,"women, violence, rape, war, sexual",118,2022-05-27 10:40:00,34_women_violence_men_perpetrators
35,"referendum, elections, election, electoral, ridiculing",34,2022-05-27 10:40:00,35_election_elections_electoral_votes
36,"inflation, rising, action, counterrequisite, groups",68,2022-05-27 10:40:00,36_inflation_rising_growth_prices
37,"vaccine, tendents, measles, obedient, diktats",4,2022-05-27 10:40:00,37_vaccine_vaccination_covid_vaccines
38,"highest, minister, prime, secretary, finance",25,2022-05-27 10:40:00,38_highest_minister_secretary_finance
39,"explanation, speak, ask, vote, you",41,2022-05-27 10:40:00,39_explanation_speak_ask_vote
40,"disabled, persons, disability, personal, assistance",80,2022-05-27 10:40:00,40_disabled_disability_persons_impairmen...
41,"she, her, woman, covid, finishing",45,2022-05-27 10:40:00,41_she_her_herself_ll
42,"farmers, agricultural, agriculture, farm, production",27,2022-05-27 10:40:00,42_farmers_agriculture_agricultural_prod...
43,"laws, law, definition, lyrics, purpose",67,2022-05-27 10:40:00,43_laws_law_these_breaking
44,"cars, electric, vehicles, car, vehicle",219,2022-05-27 10:40:00,44_cars_electric_vehicles_car
45,"thank, senator, you, inquiry, answer",45,2022-05-27 10:40:00,45_thank_senator_you_want
46,"draghi, president, mario, appetites, professor",26,2022-05-27 10:40:00,46_draghi_president_your_mario
47,"hospital, land, hospitals, management, medical",82,2022-05-27 10:40:00,47_hospital_land_hospitals_management
48,"parliament, parliamentary, interlocutor, majority, pencil",52,2022-05-27 10:40:00,48_parliament_parliamentary_parliamentar...
49,"climate, change, warming, goals, global",60,2022-05-27 10:40:00,49_climate_change_goals_climates
50,"party, independence, left, green, movement",56,2022-05-27 10:40:00,50_independence_party_left_green
51,"movimento, stars, star, movement, favour",38,2022-05-27 10:40:00,51_movimento_stars_star_movement
52,"municipalities, local, mayors, authorities, services",44,2022-05-27 10:40:00,52_municipalities_mayors_mayor_local
53,"health, care, minister, disease, hospital",35,2022-05-27 10:40:00,53_health_disease_minister_highest
54,"transport, transportation, road, roads, bus",61,2022-05-27 10:40:00,54_transport_road_transportation_roads
55,"labor, unions, labour, movement, workers",35,2022-05-27 10:40:00,55_labour_unions_labor_workers
56,"iceland, energy, climate, carbon, 2040",61,2022-05-27 10:40:00,56_iceland_energy_climate_emissions
57,"decree, law, decrees, 30th, conversion",25,2022-05-27 10:40:00,57_decree_law_conversion_aid
58,"finance, secretary, ministry, financial, highest",25,2022-05-27 10:40:00,58_finance_secretary_financial_highest
59,"sweden, finland, nato, atlantic, alliance",169,2022-05-27 10:40:00,59_sweden_finland_nato_atlantic
60,"accountant, accounting, collection, covid, state",15,2022-05-27 10:40:00,60_accountant_accounting_state_research
61,"tourism, tourists, tourist, travel, sector",54,2022-05-27 10:40:00,61_tourism_tourists_tourist_travel
62,"pnrr, implementation, reforms, reform, mission",74,2022-05-27 10:40:00,62_pnrr_reform_reforms_objectives
63,"464, gentleman, boars, wild, killed",1,2022-05-27 10:40:00,63_virus_wild_swine_fever
64,"committee, study, reported, opinion, committees",69,2022-05-27 10:40:00,64_committee_committees_study_opinion
65,"nicotine, cigarettes, products, pads, electric",28,2022-05-27 10:40:00,65_nicotine_pads_smoking_products
66,"queer, gay, queers, people, teenagers",75,2022-05-27 10:40:00,66_queer_gay_people_rights
67,"cancer, oncology, cancers, screening, hospital",23,2022-05-27 10:40:00,67_cancer_oncology_disease_screening
68,"media, 73rd, fox, effectiveness, dreary",6,2022-05-27 10:40:00,68_media_radio_journalists_press
69,"transport, environment, committee, environmental, committees",63,2022-05-27 10:40:00,69_transport_environment_committee_envir...
70,"hv, senator, asks, diligently, discouraged",15,2022-05-27 10:40:00,70_hv_senator_asks_disease
71,"remuneration, wage, pay, reimbursement, compensation",39,2022-05-27 10:40:00,71_wage_salary_pay_remuneration
72,"refugees, ukrainian, ukraine, 135, concerted",6,2022-05-27 10:40:00,72_refugees_ukraine_ukrainian_reception
73,"withdrawn, amendments, amendment, 11, been",60,2022-05-27 10:40:00,73_withdrawn_amendments_amendment_17
74,"discrimination, race, equal, ethnic, background",88,2022-05-27 10:40:00,74_discrimination_race_ethnic_equal
75,"man, alpini, forerunner, bosatelli, domenico",5,2022-05-27 10:40:00,75_his_he_him_man
76,"contracts, contract, 172, lots, 2018",30,2022-05-27 10:40:00,76_contracts_172_contract_pay
77,"closed, debate, fdi, president, fibp",33,2022-05-27 10:40:00,77_closed_debate_fdi_president
78,"welfare, committee, suggest, matter, stress",34,2022-05-27 10:40:00,78_welfare_committee_suggest_referred
79,"thanking, prime, thank, minister, start",24,2022-05-27 10:40:00,79_thank_thanking_minister_prime
80,"peace, diplomacy, pacifists, ceasefire, peaceful",38,2022-05-27 10:40:00,80_peace_diplomacy_diplomatic_war
81,"ships, ship, sailors, vessels, design",42,2022-05-27 10:40:00,81_ships_ship_boat_sailors
82,"ballot, tabled, simultaneous, refer, amendment",67,2022-05-27 10:40:00,82_ballot_tabled_simultaneous_refer
83,"police, officer, enforcement, officers, accidents",15,2022-05-27 10:40:00,83_police_officers_enforcement_officer
84,"drugs, drug, addiction, illicit, insight",17,2022-05-27 10:40:00,84_drugs_drug_addiction_abuse
85,"generals, generalis, challenge, general, 1554",21,2022-05-27 10:40:00,85_generals_generalis_general_respect
86,"gas, russian, russia, dependence, dependent",18,2022-05-27 10:40:00,86_gas_russia_russian_dependence
87,"extension, deadline, extended, expiry, 2022",32,2022-05-27 10:40:00,87_deadline_extended_extension_2022
88,"respectable, president, dignified, yes, broken",30,2022-05-27 10:40:00,88_respectable_president_dignified_yes
89,"prison, sogni, alfus, incarceration, prisons",4,2022-05-27 10:40:00,89_prison_prisons_prisoners_prisoner
90,"suspend, suspended, sitting, suspension, resume",18,2022-05-27 10:40:00,90_suspend_sitting_resume_suspended
91,"directors, board, director, coordination, manner",12,2022-05-27 10:40:00,91_directors_director_board_management
92,"food, agriculture, production, farmers, iceland",24,2022-05-27 10:40:00,92_food_icelandic_agriculture_production
93,"percent, 55, 28, 2005, percentage",23,2022-05-27 10:40:00,93_percent_increase_ratio_60
94,"park, lake, bay, parks, national",107,2022-05-27 10:40:00,94_park_lake_parks_bay
95,"environmental, assessment, assessments, negative, shortness",7,2022-05-27 10:40:00,95_environmental_assessment_assessments_...
96,"forza, italia, berlusconi, udc, favorable",21,2022-05-27 10:40:00,96_forza_italia_berlusconi_udc
97,"food, security, production, kitchen, broader",28,2022-05-27 10:40:00,97_food_production_security_covid
98,"democracy, dictatorships, technoburocracy, democracies, democratic",26,2022-05-27 10:40:00,98_democracy_democracies_dictatorships_d...
99,"alcohol, alcoholic, beer, sell, liquor",98,2022-05-27 10:40:00,99_alcohol_alcoholic_beer_liquor
100,"italy, energy, gas, italian, renewable",23,2022-05-27 10:40:00,100_italy_energy_italian_gas
101,"cab, taxi, intimidated, drivers, driver",4,2022-05-27 10:40:00,101_cab_taxi_drivers_driver
102,"measure, stress, inaccurate, measuring, included",13,2022-05-27 10:40:00,102_measure_measures_measuring_stress
103,"activation, activations, options, option, waiting",75,2022-05-27 10:40:00,103_activation_activations_options_optio...
104,"nervous, enthusiasm, versailles, mountains, accustomed",2,2022-05-27 10:40:00,104_alpine_alps_alpines_corps
105,"sponsored, counter, thank, senator, you",12,2022-05-27 10:40:00,105_sponsored_counter_thank_senator
106,"security, social, system, butt, impairment",16,2022-05-27 10:40:00,106_security_social_system_review
107,"thank, discussion, reopen, appreciate, you",7,2022-05-27 10:40:00,107_thank_discussion_want_you
108,"numbers, average, downside, amply, shades",16,2022-05-27 10:40:00,108_numbers_statistics_average_number
109,"health, care, professionals, system, stress",26,2022-05-27 10:40:00,109_care_health_professionals_doctors
110,"flight, airport, air, airports, planning",28,2022-05-27 10:40:00,110_airport_flight_air_airports
111,"sea, ocean, seabed, seaside, morthen",14,2022-05-27 10:40:00,111_sea_marine_seabed_ocean
112,"changed, yrs, upside, nothing, tail",17,2022-05-27 10:40:00,112_changed_gonna_turned_change
113,"draft, judiciary, law, reform, csm",15,2022-05-27 10:40:00,113_draft_law_deputies_consideration
114,"building, infrastructure, area, capital, urban",20,2022-05-27 10:40:00,114_infrastructure_building_area_capital
115,"question, answered, questions, answer, remain",12,2022-05-27 10:40:00,115_question_answers_answer_questions
116,"child, children, associate, ronzulli, welfare",7,2022-05-27 10:40:00,116_child_welfare_protection_children
117,"waiting, list, lists, wait, waitings",32,2022-05-27 10:40:00,117_waiting_list_lists_wait
118,"competition, consumers, market, privatising, monopolies",27,2022-05-27 10:40:00,118_competition_consumers_market_interes...
119,"candidates, international, protection, contends, seconded",8,2022-05-27 10:40:00,119_protection_international_candidates_...
120,"fishing, fish, tuna, blue, ships",23,2022-05-27 10:40:00,120_fish_fishing_tuna_salmon
121,"absent, near, future, bees, honey",1,2022-05-27 10:40:00,121_bees_honey_beekeepers_beekeeping
122,"rider, impossible, possible, hook, idea",21,2022-05-27 10:40:00,122_possible_done_easy_impossible
123,"makers, taste, monitor, studies, consumer",1,2022-05-27 10:40:00,123_score_diet_nutri_labelling
124,"report, reviews, dark, reports, review",40,2022-05-27 10:40:00,124_report_reviews_reports_review
125,"tunnel, sunway, bridge, swimming, diatom",4,2022-05-27 10:40:00,125_tunnel_bridge_sunway_tunnels
126,"history, learn, lesson, lessons, past",16,2022-05-27 10:40:00,126_history_learn_lesson_lessons
127,"favour, arrigoni, moralizing, measure, vote",12,2022-05-27 10:40:00,127_favour_vote_measure_resolution
128,"politics, political, secretism, mystify, applauses",12,2022-05-27 10:40:00,128_politics_political_stress_blackmail
129,"restaurants, turnover, restaurant, covid, ain",6,2022-05-27 10:40:00,129_restaurants_restaurant_opening_cater...
130,"system, discrepancy, systems, designed, seem",29,2022-05-27 10:40:00,130_system_systems_defective_wrong
131,"invite, proceed, examination, intended, representative",43,2022-05-27 10:40:00,131_examination_proceed_invite_represent...
132,"superbonus, 110, bonus, keynesian, relaunching",4,2022-05-27 10:40:00,132_superbonus_110_bonuses_bonus
133,"permission, says, president, page, opening",12,2022-05-27 10:40:00,133_permission_says_president_withauthor...
134,"wind, power, frame, windmills, activation",45,2022-05-27 10:40:00,134_wind_power_windmills_frame
135,"masks, mask, airway, ffp2, collegial",5,2022-05-27 10:40:00,135_masks_mask_ffp2_obligation
136,"marriage, divorce, survey, marriages, marital",20,2022-05-27 10:40:00,136_marriage_divorce_married_wedding
137,"withdrawn, withdraw, amendment, amendments, encounters",7,2022-05-27 10:40:00,137_withdraw_amendment_amendments_withdr...
138,"preventatives, growth, ratings, predicted, historically",5,2022-05-27 10:40:00,138_growth_unemployment_economic_rebound
139,"sapiens, agglutination, conductor, animals, vegan",2,2022-05-27 10:40:00,139_animals_animal_veterinary_medicinal
140,"hours, rest, shifts, stress, shift",37,2022-05-27 10:40:00,140_hours_rest_stress_shift
141,"contracting, stations, procurement, contracts, simplification",28,2022-05-27 10:40:00,141_contracting_procurement_stations_con...
142,"responsibility, responsibilities, fault, responsible, spaces",11,2022-05-27 10:40:00,142_responsibility_responsible_responsib...
143,"santiago, dissident, clan, disobedience, planted",2,2022-05-27 10:40:00,143_protesters_demonstrations_police_pro...
144,"data, personal, information, storage, criminal",11,2022-05-27 10:40:00,144_data_personal_information_storage
145,"violence, abuse, sexual, infractions, violent",6,2022-05-27 10:40:00,145_violence_abuse_sexual_domestic
146,"registered, speak, modena, senator, lunesu",11,2022-05-27 10:40:00,146_registered_speak_senator_modena
147,"euros, eur, allocated, 2022, paragraph",11,2022-05-27 10:40:00,147_eur_euros_allocated_billion
148,"emergency, detecting, firefighters, emergencies, shortened",11,2022-05-27 10:40:00,148_emergency_emergencies_exceptional_91...
149,"ukraine, italy, ukrainian, italian, g7",15,2022-05-27 10:40:00,149_italy_ukrainian_ukraine_italian
150,"guests, visitors, discussed, received, reviews",55,2022-05-27 10:40:00,150_visitors_guests_discussed_received
151,"investment, retire, investments, adviser, 1950s",9,2022-05-27 10:40:00,151_investment_investments_invest_invest...
152,"trust, stumble, rests, brief, showing",5,2022-05-27 10:40:00,152_trust_broken_rebuild_glue
153,"resumed, suspended, sitting, 03, 12",9,2022-05-27 10:40:00,153_resumed_suspended_sitting_12
154,"insurance, mesh, freeze, policy, proactive",13,2022-05-27 10:40:00,154_insurance_companies_company_pencils
155,"goals, reach, depressing, goal, ambitious",9,2022-05-27 10:40:00,155_goals_ambitious_reach_goal
156,"reform, reforms, satisfy, majority, disgruntling",43,2022-05-27 10:40:00,156_reform_reforms_stress_majority
157,"g5200, agenda, g1, poli, authors",3,2022-05-27 10:40:00,157_agenda_g1_favour_mr
158,"reminds, minute, drown, speech, eight",4,2022-05-27 10:40:00,158_reminds_minute_speakers_speech
159,"nurses, stress, hospital, educated, medical",28,2022-05-27 10:40:00,159_nurses_hospital_stress_doctors
160,"hospital, insurance, medical, health, iceland",13,2022-05-27 10:40:00,160_insurance_hospital_health_iceland
161,"enlisted, speak, he, senator, mirabelli",14,2022-05-27 10:40:00,161_enlisted_speak_he_senator
162,"permit, employment, responsor, temporary, job",6,2022-05-27 10:40:00,162_permit_employment_job_patent
163,"colleagues, please, crunch, silence, colleague",12,2022-05-27 10:40:00,163_colleagues_silence_voice_volume
164,"challenges, challenge, face, ahead, opportunities",15,2022-05-27 10:40:00,164_challenges_challenge_challenging_fac...
165,"enlisted, speak, mallegni, senator, arrigoni",12,2022-05-27 10:40:00,165_enlisted_speak_senator_arrigoni
166,"rule, rules, brake, discern, sight",6,2022-05-27 10:40:00,166_rules_rule_regulations_purpose
167,"africa, nigeria, chineseizing, ethiopia, 1976",6,2022-05-27 10:40:00,167_nigeria_africa_niger_city
168,"session, meet, agenda, tuesday, following",9,2022-05-27 10:40:00,168_session_agenda_meet_following
169,"help, spoon, knife, valuing, bandits",13,2022-05-27 10:40:00,169_help_spoon_knife_compassion
170,"women, men, gender, differences, carefulness",10,2022-05-27 10:40:00,170_women_men_gender_sexes
171,"81, 5th, contrary, requested, roll",18,2022-05-27 10:40:00,171_81_5th_contrary_roll
172,"theatre, casini, faced, discussions, called",1,2022-05-27 10:40:00,172_parma_regio_teatro_verdi
173,"agree, completely, senator, agreeing, distinguished",8,2022-05-27 10:40:00,173_agree_senator_completely_what
174,"better, do, concluding, awake, lessons",11,2022-05-27 10:40:00,174_better_do_we_need
175,"roll, simultaneous, pepe, tabled, refer",11,2022-05-27 10:40:00,175_roll_tabled_simultaneous_call
177,"pope, frans, jubilee, catholic, holy",3,2022-05-27 10:40:00,177_francis_assisi_st_saint
178,"cohesion, solidarity, mediation, breeds, disintegrating",13,2022-05-27 10:40:00,178_solidarity_mediation_cohesion_togeth...
179,"adjective, servito, convulsive, council, enslaved",4,2022-05-27 10:40:00,179_council_office_president_adjective
180,"commission, endeavoured, shirked, confrontation, systematicity",12,2022-05-27 10:40:00,180_commission_stress_constructive_agree...
181,"cost, expensive, fortune, costs, gonna",18,2022-05-27 10:40:00,181_cost_expensive_costs_gonna
182,"frame, plan, stage, 2013, stress",33,2022-05-27 10:40:00,182_frame_plan_stage_fourth
183,"closed, sitting, agenda, see, 18",8,2022-05-27 10:40:00,183_closed_sitting_agenda_see
184,"agrienvironment, eliminated, schemes, organic, suggests",1,2022-05-27 10:40:00,184_organic_farming_fork_farm
185,"mafia, infiltrations, envisaged, 38877, infiltration",3,2022-05-27 10:40:00,185_mafia_foggia_anti_mafias
186,"rapporteur, call, ripamonti, cioffi, collina",12,2022-05-27 10:40:00,186_rapporteur_call_senator_alfonso
187,"documents, forwarded, questions, 34, motions",7,2022-05-27 10:40:00,187_documents_forwarded_questions_34
188,"presidency, note, takes, authorizes, hospital",11,2022-05-27 10:40:00,188_presidency_authorizes_authorise_note
189,"uncertainty, solved, solutions, solution, expansions",22,2022-05-27 10:40:00,189_uncertainty_solutions_solved_solutio...
190,"absent, assignment, communications, leave, published",7,2022-05-27 10:40:00,190_absent_assignment_communications_lea...
192,"billion, 501, overtaxed, myriad, taxed",7,2022-05-27 10:40:00,192_billion_millions_100_hundreds
193,"abstain, against, vote, voting, treason",12,2022-05-27 10:40:00,193_abstain_against_abstention_vote
194,"companies, company, diluting, profitability, motorists",8,2022-05-27 10:40:00,194_companies_company_epidemic_covid
195,"approve, annex, doesn, followed, senate",27,2022-05-27 10:40:00,195_approve_annex_doesn_followed
197,"corruption, imaginative, laughable, anti, logics",2,2022-05-27 10:40:00,197_corruption_bribes_bribe_bribery
198,"way, supposed, happens, century, maybe",9,2022-05-27 10:40:00,198_way_supposed_happens_happening
199,"plan, plans, beautiful, drew, structured",12,2022-05-27 10:40:00,199_plan_plans_operation_fashioned
200,"accepted, ecb, agenda, g9, handed",3,2022-05-27 10:40:00,200_accepted_agenda_g9_having
201,"money, throwing, 25, aren, away",7,2022-05-27 10:40:00,201_money_funds_spent_guns
203,"bertoldi, liar, assaults, quartapelle, ruspandini",3,2022-05-27 10:40:00,203_giovanardi_renzi_68_giarrusso
204,"wood, land, unmannerly, shallow, lakewater",13,2022-05-27 10:40:00,204_wood_land_shallow_forestry
206,"dividends, oil, divert, gas, crude",3,2022-05-27 10:40:00,206_quarter_credit_gas_incurred
208,"reykjavík, city, akureyris, airport, mayor",10,2022-05-27 10:40:00,208_reykjavík_city_airport_capital
209,"policy, parapolitic, polite, inequality, plans",8,2022-05-27 10:40:00,209_policy_policies_plan_miss
210,"recommend, hereby, legalize, committee, laws",20,2022-05-27 10:40:00,210_recommend_hereby_legalize_correct
211,"blood, transfusion, transfusions, donate, plasma",19,2022-05-27 10:40:00,211_blood_transfusion_transfusions_donat...
212,"billion, million, fourths, year, reorganisation",6,2022-05-27 10:40:00,212_billion_estimated_million_cost
213,"laziness, cognition, scientists, science, rock",3,2022-05-27 10:40:00,213_science_scientists_scientific_expert...
214,"oral, carry, authorisation, requested, rapporteur",5,2022-05-27 10:40:00,214_oral_carry_authorisation_requested
215,"language, languages, english, unnsteinsson, coral",20,2022-05-27 10:40:00,215_language_languages_english_linguists
216,"accepted, comments, request, made, were",5,2022-05-27 10:40:00,216_accepted_comments_request_made
217,"proceed, shall, amendment, vote, now",16,2022-05-27 10:40:00,217_proceed_shall_amendment_vote
218,"hardships, primacy, crisis, severe, economic",6,2022-05-27 10:40:00,218_crisis_economic_crises_economy
219,"explain, minutes, three, question, right",8,2022-05-27 10:40:00,219_explain_minutes_three_question
220,"amendment, amendments, tabled, rejected, deburocratisation",13,2022-05-27 10:40:00,220_amendment_amendments_rejected_tabled
221,"rapporteur, representative, agenda, rapporteurs, rewording",8,2022-05-27 10:40:00,221_rapporteur_representative_comment_ag...
222,"rosary, back, me, put, register",14,2022-05-27 10:40:00,222_rosary_back_me_put
223,"approve, annex, doesn, followed, senate",20,2022-05-27 10:40:00,223_approve_annex_doesn_followed
224,"npt, nuclear, weapons, weight, treats",1,2022-05-27 10:40:00,224_nuclear_weapons_npt_disarmament
225,"waking, farce, reality, face, situation",8,2022-05-27 10:40:00,225_reality_fantasy_situation_face
226,"balboni, ciriani, ballot, simultaneous, tabled",64,2022-05-27 10:40:00,226_balboni_ciriani_ballot_simultaneous
227,"synonym, proposed, confirm, states, northern",11,2022-05-27 10:40:00,227_synonym_proposed_form_proposal
228,"rule, roll, simultaneous, refer, call",41,2022-05-27 10:40:00,228_rule_roll_simultaneous_refer
229,"81, 5th, contrary, gave, requested",4,2022-05-27 10:40:00,229_81_5th_contrary_requested
230,"monopolies, arising, psi, customs, organic",1,2022-05-27 10:40:00,230_organic_agri_pantelleria_italy
231,"easy, simple, stress, corner, quick",13,2022-05-27 10:40:00,231_easy_simple_stress_reconstruction
232,"invitation, forbidding, recruitment, handle, etc",1,2022-05-27 10:40:00,232_invitation_successful_invitations_cl...
234,"disasters, natural, eruptions, disaster, volcanic",11,2022-05-27 10:40:00,234_disasters_natural_disaster_earthquak...
235,"presidents, proceedings, 55, conference, schedule",10,2022-05-27 10:40:00,235_presidents_proceedings_55_vice
236,"price, gas, fivefold, litres, figures",3,2022-05-27 10:40:00,236_gas_ttf_price_dutch
237,"no, 000, interviews, 15, articles",14,2022-05-27 10:40:00,237_000_no_2018_number
238,"apartments, reykjavík, housing, orgy, icelanders",5,2022-05-27 10:40:00,238_reykjavík_apartments_housing_apartme...
239,"example, examples, twofold, hopeless, exemplary",8,2022-05-27 10:40:00,239_examples_example_explanation_give
240,"thank, senator, record, responders, defenders",7,2022-05-27 10:40:00,240_thank_record_senator_answer
241,"113, pursuant, accepted, procedure, rule",8,2022-05-27 10:40:00,241_pursuant_113_accepted_procedure
242,"competition, draft, law, races, competitions",30,2022-05-27 10:40:00,242_competition_draft_law_pnrr
243,"changes, chosen, biography, angle, terms",8,2022-05-27 10:40:00,243_changes_change_simplification_order
244,"freedom, buttoning, ascent, importantly, conquered",8,2022-05-27 10:40:00,244_freedom_free_freedoms_obstacle
245,"priorities, priority, unsettled, credible, argue",7,2022-05-27 10:40:00,245_priorities_priority_stress_setting
246,"economics, ministers, minister, wood, affairs",4,2022-05-27 10:40:00,246_ministers_minister_prime_answer
247,"berlinguer, enrico, commemorated, personalities, gramsci",2,2022-05-27 10:40:00,247_berlinguer_enrico_communist_sardinia...
248,"foreigners, immigrants, laws, alien, rights",12,2022-05-27 10:40:00,248_foreigners_immigrants_alien_laws
249,"tortured, symbol, flag, armed, promoted",3,2022-05-27 10:40:00,249_armed_forces_military_tasks
251,"speech, my, talk, second, admittedly",15,2022-05-27 10:40:00,251_speech_my_second_talk
252,"children, child, kids, synod, their",26,2022-05-27 10:40:00,252_children_child_interests_kids
253,"dissent, explanation, group, speak, ask",7,2022-05-27 10:40:00,253_dissent_explanation_group_speak
254,"floor, note, give, take, misunderstood",7,2022-05-27 10:40:00,254_floor_note_give_take
255,"mental, hospital, health, iceland, illness",32,2022-05-27 10:40:00,255_mental_hospital_health_iceland
256,"sallusti, interceptions, summits, palamara, books",1,2022-05-27 10:40:00,256_interceptions_siri_seizure_intercept...
257,"2nd, suggest, business, referred, committee",12,2022-05-27 10:40:00,257_2nd_suggest_referred_business
258,"filmmaking, film, movie, interim, commendation",6,2022-05-27 10:40:00,258_film_filmmaking_movie_industry
259,"innovation, catalyst, indicator, technology, perspectives",7,2022-05-27 10:40:00,259_innovation_technology_solutions_rese...
260,"letter, written, borist, icicle, request",5,2022-05-27 10:40:00,260_letter_written_request_received
261,"milk, powder, beef, carnivorous, lamb",3,2022-05-27 10:40:00,261_milk_meat_industry_dairy
262,"mellow, songs, song, lyrics, chorus",9,2022-05-27 10:40:00,262_song_mellow_songs_lyrics
263,"agreement, negotiations, ut, des, discontented",11,2022-05-27 10:40:00,263_agreement_negotiations_conditions_ag...
264,"greece, refugees, hungary, street, helping",2,2022-05-27 10:40:00,264_greece_greek_refugees_circumstances
265,"resuming, amendment, favour, amendments, corrections",5,2022-05-27 10:40:00,265_text_favour_amendment_am
266,"debt, spends, identifies, collections, lost",3,2022-05-27 10:40:00,266_debt_2026_collection_stop
267,"minutes, sitting, secretary, reading, previous",7,2022-05-27 10:40:00,267_minutes_sitting_secretary_giro
268,"dentist, automatically, comes, dental, system",1,2022-05-27 10:40:00,268_dental_teeth_dentists_children
269,"flavors, flavor, taste, fruit, flavour",4,2022-05-27 10:40:00,269_flavors_flavor_taste_fruit
270,"red, cross, solferino, dunant, 1859",2,2022-05-27 10:40:00,270_red_cross_contract_hornbeam
271,"kaläl, köldun, hospital, reformation, specification",12,2022-05-27 10:40:00,271_no_requirement_foreboding_kaläl
272,"bioavailability, untraceable, absolute, readily, tangible",7,2022-05-27 10:40:00,272_bioavailability_cyp3a4_medicinal_pha...
273,"young, youths, youth, differ, tobeinstructions",20,2022-05-27 10:40:00,273_young_youths_youth_people
274,"eye, impulsive, keep, obey, motive",9,2022-05-27 10:40:00,274_keep_mind_eye_impulsive
275,"rapporteur, call, rojc, therefore, senator",3,2022-05-27 10:40:00,275_rapporteur_call_therefore_rojc
276,"prosecutor, rome, magistrates, court, prosecutors",21,2022-05-27 10:40:00,276_prosecutor_magistrates_court_rome
277,"list, lists, landed, destroy, ll",7,2022-05-27 10:40:00,277_list_lists_he_information
278,"rapporteur, agree, mr, president, with",2,2022-05-27 10:40:00,278_rapporteur_agree_mr_president
279,"intergovernmental, immediate, urgently, reality, convened",6,2022-05-27 10:40:00,279_immediately_action_immediate_quickly
280,"currency, dollar, estate, bretton, swinging",8,2022-05-27 10:40:00,280_currency_euro_dollar_swinging
281,"anamnestic, novo, venture, ex, profile",1,2022-05-27 10:40:00,281_irccs_research_clinical_translationa...
282,"reading, procedure, rules, reform, scandalized",7,2022-05-27 10:40:00,282_procedure_rules_reform_constitutiona...
284,"epidemic, covid, workgroup, aftereffects, altered",4,2022-05-27 10:40:00,284_covid_epidemic_virus_disease
285,"mg, uh, 147rd, 1172, valent",6,2022-05-27 10:40:00,285_mg_uh_par_1st
286,"prevention, disease, focusing, breakdown6, prevent",5,2022-05-27 10:40:00,286_disease_prevention_focusing_prevent
287,"project, gufudal, squadron, chef, projects",5,2022-05-27 10:40:00,287_project_projects_started_seaguard
288,"withered, groups, grass, dry, root",3,2022-05-27 10:40:00,288_group_groups_stress_root
289,"stress, influence, picture, apart, bigger",3,2022-05-27 10:40:00,289_important_think_fundamental_picture
290,"explanation, speak, ask, vote, you",4,2022-05-27 10:40:00,290_explanation_speak_ask_vote
291,"waste, recycling, disposal, dependability, minerals",5,2022-05-27 10:40:00,291_waste_disposal_recycling_garbage
292,"property, special, specified, possession, distribution",12,2022-05-27 10:40:00,292_possession_property_ownership_distri...
293,"sitting, 113, star, electronic, inform",8,2022-05-27 10:40:00,293_sitting_113_star_electronic
294,"grieving, child, abortion, pregnancy, grief",9,2022-05-27 10:40:00,294_grieving_abortion_pregnancy_child
296,"beaches, bathing, beach, concessions, extensions",31,2022-05-27 10:40:00,296_beaches_beach_bathing_concessions
297,"worried, worries, worry, freezing, dead",11,2022-05-27 10:40:00,297_worried_worry_mine_problem
298,"icelandic, children, education, immigrants, school",20,2022-05-27 10:40:00,298_icelandic_education_children_school
299,"resilience, recovery, monday, implementation, session",2,2022-05-27 10:40:00,299_item_tomorrow_document_decree
301,"answer, thank, much, answers, very",3,2022-05-27 10:40:00,301_answer_thank_much_very
302,"warning, concluded, case, ve, good",2,2022-05-27 10:40:00,302_case_finish_gonna_finished
303,"welfare, stress, whites, equalizing, undermines",11,2022-05-27 10:40:00,303_welfare_jobseekers_systems_system
304,"explanation, speak, ask, vote, you",9,2022-05-27 10:40:00,304_explanation_speak_ask_vote
305,"ii, wiped, giant, map, east",5,2022-05-27 10:40:00,305_policy_defence_foreign_common
306,"davos, drag, gdp, forum, growth",2,2022-05-27 10:40:00,306_gdp_growth_percent_nadef
307,"remaining, excluded, amendment, specify, therefore",7,2022-05-27 10:40:00,307_excluded_remaining_amendment_amendme...
308,"nations, small, international, loving, nation",13,2022-05-27 10:40:00,308_nations_international_reactor_nation
311,"denmark, danish, prime, frirdik, soparadeses",5,2022-05-27 10:40:00,311_denmark_danish_refuge_prime
312,"inquiry, thank, senator, you, yes",4,2022-05-27 10:40:00,312_inquiry_thank_senator_you
313,"approve, annex, doesn, followed, senate",17,2022-05-27 10:40:00,313_approve_annex_doesn_followed
314,"serious, strategy, seriously, surely, responded",6,2022-05-27 10:40:00,314_serious_disinformers_seriousness_ser...
315,"democrats, christian, favour, party, democratic",1,2022-05-27 10:40:00,315_democratic_favour_party_announce
316,"islands, island, beer, maldives, brewing",3,2022-05-27 10:40:00,316_islands_island_western_beer
317,"rights, marchionne, enlightenment, sacred, fundamental",9,2022-05-27 10:40:00,317_rights_enjoy_marchionne_šk
319,"institute, foreign, pressures, loads, amazed",5,2022-05-27 10:40:00,319_institute_foreign_applications_homep...
320,"tread, weren, stadiums, hasn, television",5,2022-05-27 10:40:00,320_weren_names_name_chats
321,"employee, employees, chosen, 2016, convention",1,2022-05-27 10:40:00,321_employees_staff_voting_representativ...
322,"service, services, gotta, tunes, unexplained",13,2022-05-27 10:40:00,322_service_services_basic_user
323,"expenses, taxes, fiscal, treat, individual",4,2022-05-27 10:40:00,323_expenses_increase_increased_turnover
324,"covenant, throughthe, foretells, covenants, rods",7,2022-05-27 10:40:00,324_covenant_covenants_government_harmon...
325,"stress, curb, purchasing, varied, fields",2,2022-05-27 10:40:00,325_energy_prices_price_gas
326,"transparency, unlimited, transparent, guests, viewpoint",4,2022-05-27 10:40:00,326_transparency_transparent_155_epidemi...
327,"approve, doesn, annex, followed, senate",12,2022-05-27 10:40:00,327_approve_doesn_annex_followed
328,"hunting, thonging, hunt, reminding, landowners",2,2022-05-27 10:40:00,328_hunting_hunt_costs_raising
329,"am, against, amendments, mr, amendment",12,2022-05-27 10:40:00,329_am_against_amendments_mr
330,"explanation, speak, ask, vote, you",4,2022-05-27 10:40:00,330_explanation_speak_ask_vote
331,"family, marriage, patterns, altered, acceptance",2,2022-05-27 10:40:00,331_family_fundamental_roles_debased
332,"institute, applications, citizenship, foreign, civil",11,2022-05-27 10:40:00,332_institute_generals_applications_citi...
333,"joy, happy, cleansing, celebrating, rejoicing",7,2022-05-27 10:40:00,333_happy_joy_celebrate_celebrating
334,"120, amended, simultaneous, roll, pursuant",5,2022-05-27 10:40:00,334_amended_simultaneous_120_refer
336,"predictions, varying, inaccurate, predict, luck",5,2022-05-27 10:40:00,336_predictions_nostradamus_future_predi...
338,"report, reserve, permission, annexed, perspective",7,2022-05-27 10:40:00,338_report_permission_written_text
339,"rapporteur, assent, opinion, rapporteurs, stress",12,2022-05-27 10:40:00,339_rapporteur_opinion_assent_rapporteur...
340,"roll, ballot, simultaneous, refer, call",3,2022-05-27 10:40:00,340_roll_ballot_simultaneous_refer
342,"proceed, shall, vote, split, final",11,2022-05-27 10:40:00,342_proceed_shall_split_vote
343,"thank, colleagues, hypocritical, reaffirming, shortcomings",7,2022-05-27 10:40:00,343_thank_colleagues_thanks_sincere
344,"impact, expected, insignificant, bill, concludes",7,2022-05-27 10:40:00,344_impact_expected_affect_bill
345,"protection, privacy, misbehavior, dictionary, protected",9,2022-05-27 10:40:00,345_protection_surveillance_personal_pro...
346,"rescue, vat, teams, vats, freelance",2,2022-05-27 10:40:00,346_vat_necessities_invoice_matches
347,"approve, annex, doesn, followed, senate",17,2022-05-27 10:40:00,347_approve_annex_doesn_followed
348,"film, skaft, creek, shiver, filmmaking",5,2022-05-27 10:40:00,348_film_filmmaking_icelandic_movie
349,"item, draft, debate, 2598, next",5,2022-05-27 10:40:00,349_item_draft_debate_next
351,"floor, nugnes, minutes, airola, ferrari",4,2022-05-27 10:40:00,351_floor_zanda_zaffini_nugnes
352,"north, northern, volved, countries, experience",5,2022-05-27 10:40:00,352_north_northern_countries_experience
353,"data, menstrual, hurting, cycles, chat",5,2022-05-27 10:40:00,353_data_database_subtracts_hospital
355,"excluding, explanations, distribution, 2598, hours",4,2022-05-27 10:40:00,355_excluding_explanations_distribution_...
356,"unorthodox, assistants, manager, instructor, helping",9,2022-05-27 10:40:00,356_work_unorthodox_environment_assistan...
357,"enterprises, sized, medium, smes, small",11,2022-05-27 10:40:00,357_sized_enterprises_medium_small
358,"explanation, speak, ask, vote, you",6,2022-05-27 10:40:00,358_explanation_speak_ask_vote
359,"income, loss, wallet, richest, duration",5,2022-05-27 10:40:00,359_income_loss_loads_month
361,"liked, incisiveness, organicity, sooner, wouldn",9,2022-05-27 10:40:00,361_liked_would_gotten_postamism
362,"permission, says, president, by, icellands",6,2022-05-27 10:40:00,362_permission_says_president_by
363,"councilmen, thank, discussions, joyous, discussion",11,2022-05-27 10:40:00,363_councilmen_thank_discussion_council
364,"approve, annex, doesn, followed, senate",15,2022-05-27 10:40:00,364_approve_annex_doesn_followed
365,"microdoers, unemployed, poor, alive, parent",2,2022-05-27 10:40:00,365_poverty_poor_poorer_refusing
366,"padova, motorway, brescia, brennero, valdastico",2,2022-05-27 10:40:00,366_mezzogiorno_railway_jubilee_rome
367,"kópavogi, kopavogi, bucks, ticket, 000",3,2022-05-27 10:40:00,367_000_bucks_month_pay
368,"nature, generations, earth, protection, tubals",22,2022-05-27 10:40:00,368_nature_generations_protection_genera...
369,"speech, thank, senator, you, for",2,2022-05-27 10:40:00,369_speech_thank_senator_you
371,"warrant, frequency, solved, compromising, legalisation",5,2022-05-27 10:40:00,371_warrant_frequency_permit_canceled
372,"leaders, conference, timetable, june, until",2,2022-05-27 10:40:00,372_leaders_conference_timetable_convene...
373,"test, tests, students, consistent, exploratory",23,2022-05-27 10:40:00,373_test_tests_students_consistent
374,"bathing, concessions, bolkestein, directive, establishments",23,2022-05-27 10:40:00,374_bathing_concessions_bolkestein_direc...
375,"staff, lack, specialized, accounting, funding",9,2022-05-27 10:40:00,375_staff_lack_shortage_specialized
376,"geological, sheets, fire, dimensional, subsoil",19,2022-05-27 10:40:00,376_geological_fire_sheets_mapping
377,"replacing, conversion, 9000, entirely, approval",4,2022-05-27 10:40:00,377_conversion_posed_approval_trust
378,"talking, underscores, re, what, about",7,2022-05-27 10:40:00,378_talking_re_what_about
379,"letter, borist, smoke, near, chairman",8,2022-05-27 10:40:00,379_borist_letter_smoke_near
381,"waiting, party, expand, option, kilile",14,2022-05-27 10:40:00,381_waiting_party_expand_expanding
382,"forget, forgotten, remember, sadly, ll",8,2022-05-27 10:40:00,382_forget_remember_memory_forgotten
383,"motion, roll, ballot, resolution, simultaneous",4,2022-05-27 10:40:00,383_roll_ballot_simultaneous_tabled
384,"roll, ballot, simultaneous, rule, refer",2,2022-05-27 10:40:00,384_roll_ballot_simultaneous_rule
385,"sardo, azione, partito, salvini, premier",2,2022-05-27 10:40:00,385_premier_salvini_sardo_azione
386,"roll, ballot, simultaneous, rule, refer",18,2022-05-27 10:40:00,386_roll_ballot_simultaneous_rule
387,"bans, restricted, privacy, south, absolutely",2,2022-05-27 10:40:00,387_ban_bans_banned_restricted
388,"bertoldi, de, enlisted, speak, monti",11,2022-05-27 10:40:00,388_bertoldi_de_enlisted_speak
389,"power, corrupts, rulers, legitimized, indisputably",10,2022-05-27 10:40:00,389_power_rulers_corrupts_torn
390,"majority, pieces, released, quarrelsome, chaotic",7,2022-05-27 10:40:00,390_majority_eighteen_born_hemicycle
391,"originally, august, assumed, end, year",1,2022-05-27 10:40:00,391_march_dates_date_etrs
392,"suggestions, suggestion, öse, proposal, drastic",10,2022-05-27 10:40:00,392_suggestions_suggestion_proposal_öse
393,"approve, annex, doesn, followed, senate",7,2022-05-27 10:40:00,393_approve_annex_doesn_followed
394,"opened, sitting, 16, 01, 35",4,2022-05-27 10:40:00,394_opened_sitting_16_35
395,"open, sitting, 30, 31, 32",3,2022-05-27 10:40:00,395_sitting_open_31_32
396,"biological, regulation, breakdown, products, organic",1,2022-05-27 10:40:00,396_biodynamic_biodynamics_biological_or...
397,"126th, fractures, severity, gr, handling",1,2022-05-27 10:40:00,397_fracture_fractures_suspected_severit...
398,"doctor, patient, informed, enlightenment, doctors",4,2022-05-27 10:40:00,398_doctor_doctors_patient_patients
400,"approve, annex, doesn, followed, senate",8,2022-05-27 10:40:00,400_approve_annex_doesn_followed
401,"afghan, women, afghanistan, girls, taliban",4,2022-05-27 10:40:00,401_afghan_women_afghanistan_taliban
402,"dana, dance, artist, icelanders, himself",1,2022-05-27 10:40:00,402_media_artists_icelandic_art
403,"superintendent, rurals, liked, confront, would",7,2022-05-27 10:40:00,403_liked_would_crisp_improvement
404,"hurry, looks, re, then, quickly",1,2022-05-27 10:40:00,404_quickly_speed_fast_faster
405,"citizenship, income, assistantism, apostles, mortifying",5,2022-05-27 10:40:00,405_citizenship_income_demagogy_poverty
406,"kingdom, proclaimers, protect, kingdoms, understandable",5,2022-05-27 10:40:00,406_kingdom_treasure_commune_contended
407,"harassment, insulting, humiliating, definition, behavior",32,2022-05-27 10:40:00,407_harassment_insulting_humiliating_def...
409,"articles, consists, hagsjá, decreto, separates",4,2022-05-27 10:40:00,409_articles_consists_article_chapters
410,"jakobsdóttir, katrín, daughter, reign, jacob",9,2022-05-27 10:40:00,410_jakobsdóttir_katrín_daughter_governm...
411,"tabling, noon, amendments, deadline, draft",6,2022-05-27 10:40:00,411_tabling_amendments_deadline_relation
412,"back, house, am, mr, going",27,2022-05-27 10:40:00,412_back_house_am_mr
413,"mouse030, sled, 22021, races, 2024",3,2022-05-27 10:40:00,413_2026_2022_completed_schedule
414,"registered, she, cantù, speak, piarulli",7,2022-05-27 10:40:00,414_registered_she_speak_cantù
415,"fiber, optics, manufacture, southing, optic",5,2022-05-27 10:40:00,415_fiber_optics_optic_opticization
416,"ecological, transition, regulated, reiterated, interaction",1,2022-05-27 10:40:00,416_ecological_transition_climate_sustai...
417,"step, clause, bit, forward, thinks",5,2022-05-27 10:40:00,417_step_bit_epochs_forward
419,"approve, annex, doesn, followed, senate",15,2022-05-27 10:40:00,419_approve_annex_doesn_followed
420,"approve, annex, doesn, followed, senate",13,2022-05-27 10:40:00,420_approve_annex_doesn_followed
421,"treaty, tributaries, viable, treaties, unanimity",4,2022-05-27 10:40:00,421_treaty_treaties_puts_signing
422,"broadcast, across, interpreter, intend, hall",4,2022-05-27 10:40:00,422_intend_speak_representative_members
423,"2119, item, 2595, deputies, nos",1,2022-05-27 10:40:00,423_item_deputies_draft_approved
424,"gray, areas, qualify, responsibilities, vague",24,2022-05-27 10:40:00,424_gray_areas_grey_qualify
425,"hatred, hate, conduct, expression, speech",7,2022-05-27 10:40:00,425_hatred_hate_speech_expression
426,"virgin, volunteering, tries, declare, assignment",2,2022-05-27 10:40:00,426_thank_bill_much_minister
427,"answer, thank, senator, you, roughly",2,2022-05-27 10:40:00,427_answer_thank_senator_you
428,"loan, million, payments, borrower, loans",6,2022-05-27 10:40:00,428_loan_million_loans_payments
429,"antipsychotics, antidepressant, morbidity, antipsychotic, overemphasis",3,2022-05-27 10:40:00,429_antipsychotics_antipsychotic_drugs_m...
430,"personal, protection, processing, effects, assessment",5,2022-05-27 10:40:00,430_personal_protection_assessment_peron...
433,"environment, yearn, environmentalists, cooling, young",8,2022-05-27 10:40:00,433_environment_charter_cared_environmen...
434,"resilience, recovery, plan, national, articulated",10,2022-05-27 10:40:00,434_resilience_recovery_plan_national
435,"enlisted, carlo, pepe, speak, de",2,2022-05-27 10:40:00,435_enlisted_carlo_speak_pesco
436,"approve, annex, doesn, followed, senate",14,2022-05-27 10:40:00,436_approve_annex_doesn_followed
438,"answers, thank, excellent, much, very",2,2022-05-27 10:40:00,438_answers_thank_much_very
439,"landowners, land, bronze, gsm, retreated",9,2022-05-27 10:40:00,439_landowners_land_grid_reapers
440,"investor, legalized, prior, agencies, foreign",1,2022-05-27 10:40:00,440_funds_regulation_operators_investmen...
441,"signed, svanberg, jóhannesson, guðný, constitution",4,2022-05-27 10:40:00,441_signed_constitution_investigated_ple...
442,"crimes, criminal, international, court, statute",27,2022-05-27 10:40:00,442_crimes_criminal_international_court
443,"monitoring, monitor, flexibility, quality, status",7,2022-05-27 10:40:00,443_quality_monitoring_flexibility_contr...
444,"draghi, mario, soros, pude, messieur",4,2022-05-27 10:40:00,444_draghi_italy_president_voice
445,"misto, lavoro, cavaliere, ndc, nc",2,2022-05-27 10:40:00,445_misto_nc_ndc_iac
446,"complicated, complex, explained, nothing, itself",3,2022-05-27 10:40:00,446_complicated_nothing_than_simple
447,"roll, ballot, simultaneous, rule, refer",2,2022-05-27 10:40:00,447_roll_ballot_simultaneous_rule
448,"adhd, waiting, months, list, behavioral",9,2022-05-27 10:40:00,448_adhd_waiting_children_behavioral
449,"respond, floor, minutes, nastri, two",4,2022-05-27 10:40:00,449_floor_minutes_respond_two
450,"10th, length, par, meeting, convergence",3,2022-05-27 10:40:00,450_meeting_length_10th_4th
451,"book, secret, green, climate, information",1,2022-05-27 10:40:00,451_book_green_bookwork_energy
452,"disease, conspira, prevention, reunion, instruction",3,2022-05-27 10:40:00,452_disease_prevention_epidemic_control
453,"approve, annex, doesn, followed, senate",7,2022-05-27 10:40:00,453_approve_annex_doesn_followed
455,"draw, temporary, attention, effect, law",1,2022-05-27 10:40:00,455_effect_already_comes_into
456,"roll, ballot, simultaneous, rule, refer",2,2022-05-27 10:40:00,456_roll_ballot_simultaneous_rule
457,"comments, minutes, approved, were, since",6,2022-05-27 10:40:00,457_comments_minutes_approved_were
458,"day, stress, simples, 2281, 908",8,2022-05-27 10:40:00,458_day_stress_homophobia_celebrated
460,"man, character, thank, deep, senator",3,2022-05-27 10:40:00,460_question_senator_thank_word
463,"concessions, decrees, intend, representative, intervene",2,2022-05-27 10:40:00,463_intend_representative_intervene_repl...
464,"answer, thank, senator, you, for",4,2022-05-27 10:40:00,464_answer_thank_senator_you
465,"innovation, epidemic, stress, icelandic, impacts",10,2022-05-27 10:40:00,465_innovation_epidemic_icelandic_icelan...
466,"word, colonization, linguistic, phrases, sleep",5,2022-05-27 10:40:00,466_word_acronym_words_used
468,"shelter, warfare, war, wars, peace",7,2022-05-27 10:40:00,468_war_warfare_wars_shelter
469,"intervention, tension, interventions, disproportionately, outcomes",6,2022-05-27 10:40:00,469_interventions_intervention_tension_m...
470,"5th, 81, contrary, balboni, ciriani",6,2022-05-27 10:40:00,470_5th_81_contrary_expressed
471,"inquiry, thank, senator, you, specific",4,2022-05-27 10:40:00,471_inquiry_thank_senator_you
472,"political, militarists, decision, indifference, socialist",6,2022-05-27 10:40:00,472_political_decision_politics_militari...
473,"answer, thank, senator, answers, wrote",4,2022-05-27 10:40:00,473_answer_thank_answers_senator
474,"constitution, touchable, editable, modifiable, adaptable",3,2022-05-27 10:40:00,474_constitution_touching_charter_adapta...
475,"hot, water, cold, heating, warm",18,2022-05-27 10:40:00,475_hot_water_cold_warm
476,"telecommunication, telecommunications, greenland, distance, communications",5,2022-05-27 10:40:00,476_communications_telecommunications_te...
477,"barges, unsolved, attached, licenses, beat",1,2022-05-27 10:40:00,477_murder_nautical_injuries_road
478,"ditch, trick, shovel, wetlands, invented",1,2022-05-27 10:40:00,478_wetlands_recovery_carbon_emissions
479,"wholeheartedly, beneficial, education, proposal, general",1,2022-05-27 10:40:00,479_education_suggest_general_committee
480,"produced, profiles, incompatibility, enforce, brussels",3,2022-05-27 10:40:00,480_profiles_incompatibility_obligations...
481,"against, am, mr, president, this",24,2022-05-27 10:40:00,481_against_am_mr_president
482,"55, neutrality, 2030, nobody, target",1,2022-05-27 10:40:00,482_emissions_55_2030_reduction
483,"explanation, speak, ask, vote, you",2,2022-05-27 10:40:00,483_explanation_speak_ask_vote
484,"enlisted, speak, iannone, he, lannotti",7,2022-05-27 10:40:00,484_enlisted_speak_iannone_he
485,"unacceptable, adding, belong, behavior, conduct",4,2022-05-27 10:40:00,485_unacceptable_acceptable_situation_ok...
486,"conclude, shall, lingering, mr, assert",6,2022-05-27 10:40:00,486_conclude_shall_mr_president
487,"5th, opinions, inform, standing, 1st",2,2022-05-27 10:40:00,487_5th_opinions_standing_1st
488,"lakes, shire, activation, protective, skavegur",25,2022-05-27 10:40:00,488_lakes_shire_activation_protective
489,"raiks, bill, iceland, 31st, reactivation",7,2022-05-27 10:40:00,489_iceland_bill_contract_regulations
490,"soliciting, party, parties, shockers, nest",4,2022-05-27 10:40:00,490_party_parties_soliciting_dinner
491,"persisted, exasperated, wounds, wisely, hurry",4,2022-05-27 10:40:00,491_choice_choices_decision_sealy
492,"soil, preservations, evaporation, diffusion, presumably",3,2022-05-27 10:40:00,492_soil_soils_nutrients_consumption
493,"north, side, 4th, 5th, 1st",22,2022-05-27 10:40:00,493_north_side_4th_1st
494,"portofino, marmi, pietrasanta, riccione, forte",2,2022-05-27 10:40:00,494_virus_italy_pandemic_charter
495,"child, children, waiting, aesthetics, walletary",8,2022-05-27 10:40:00,495_child_children_waiting_wait
499,"hydroelectric, concessions, renewal, derivation, hydropower",22,2022-05-27 10:40:00,499_hydroelectric_concessions_renewal_de...
500,"dragons, dragon, magnets, lapsus, center",2,2022-05-27 10:40:00,500_dragons_dragon_disease_centrists
501,"fund, financed, recovery, instrument, difficulty",1,2022-05-27 10:40:00,501_recovery_energy_fund_autonomy
502,"golden, power, assets, cioffi, safeguard",4,2022-05-27 10:40:00,502_golden_power_discipline_extended
503,"positive, diminish, seeking, flow, message",4,2022-05-27 10:40:00,503_positive_salami_diminish_wrongdoing
504,"inactivation, content, packaging, difference, declarations",4,2022-05-27 10:40:00,504_difference_indistinguishable_content...
505,"answer, gives, second, answers, answered",23,2022-05-27 10:40:00,505_answer_gives_second_answers
507,"corrosive, focus, damaged, timely, facilitate",2,2022-05-27 10:40:00,507_changes_suggests_bill_intertranslati...
509,"committee, thank, job, good, cleanness",17,2022-05-27 10:40:00,509_committee_thank_job_welfare
510,"afraid, sharing, informed, hold, meetings",1,2022-05-27 10:40:00,510_propose_respected_referred_affairs
511,"sweden, norway, kótavogur, norwegians, finnum",7,2022-05-27 10:40:00,511_norway_sweden_denmark_norwegians
512,"threatened, security, broad, factors, sense",2,2022-05-27 10:40:00,512_security_national_abused_unchangeabl...
513,"paying, deaths, flee, victims, died",3,2022-05-27 10:40:00,513_casualties_civilian_victims_deaths
514,"judgment, 1984, mirror, magazine, supreme",1,2022-05-27 10:40:00,514_court_appealed_judgment_supreme
515,"round, rounds, minutes, divided, five",1,2022-05-27 10:40:00,515_minutes_explanations_five_allocated
516,"poorest, none, elsewhere, considerably, trend",1,2022-05-27 10:40:00,516_prosperity_developing_countries_popu...
517,"loneliness, isolation, lonely, unchecked, social",7,2022-05-27 10:40:00,517_loneliness_isolation_lonely_cute
518,"response, minutes, cucca, pazzaglini, corrado",3,2022-05-27 10:40:00,518_response_minutes_cucca_speak
519,"winter, weather, inadverted, wintertime, swing",5,2022-05-27 10:40:00,519_weather_winter_snow_wintertime
520,"reading, skills, read, mathematics, olds",10,2022-05-27 10:40:00,520_reading_read_skills_children
521,"whole, look, think, mind, things",6,2022-05-27 10:40:00,521_thought_lot_playsheet_abouttheclimat...
523,"contributes, proportion, approval, greater, above",21,2022-05-27 10:40:00,523_contributes_proportion_approval_grea...
524,"collection, waste, pavanelli, consortium, packaging",1,2022-05-27 10:40:00,524_waste_collection_accidentally_sea
525,"approve, annex, doesn, followed, senate",10,2022-05-27 10:40:00,525_approve_annex_doesn_followed
528,"fosters, cheflavour, live, watching, sacrifice",3,2022-05-27 10:40:00,528_live_abroad_coercive_settle
529,"no, uh, just, really, well",7,2022-05-27 10:40:00,529_uh_no_well_really
530,"perennial, 72nd, constitution, guarantees, 81",2,2022-05-27 10:40:00,530_68_constitution_article_applicabilit...
531,"151th, 151, 445, submitted, previously",2,2022-05-27 10:40:00,531_151th_submitted_succeed_previously
532,"mistake, mistakes, dearly, messing, resounding",6,2022-05-27 10:40:00,532_mistakes_mistake_learn_repeat
534,"thursday, interior, question, presence, ecological",2,2022-05-27 10:40:00,534_thursday_question_place_presence
535,"unchanged, reprehensible, ignored, suggesting, provisional",2,2022-05-27 10:40:00,535_unchanged_submitted_remain_bill
536,"joke, jokes, illusory, mirror, invested",2,2022-05-27 10:40:00,536_joke_jokes_humor_laugh
537,"plastic, usage, disposable, plastics, plastically",2,2022-05-27 10:40:00,537_plastic_microplastics_placenta_ocean...
538,"respect, responds, counter, honor, opposite",11,2022-05-27 10:40:00,538_respect_honor_responds_disguised
539,"comments, minutes, approved, were, since",1,2022-05-27 10:40:00,539_comments_minutes_approved_were
540,"slovenian, writer, dachau, flames, nazi",4,2022-05-27 10:40:00,540_auschwitz_nazi_concentration_memory
541,"foreclosed, remaining, amendments, centimetres, dossier",5,2022-05-27 10:40:00,541_remaining_amendments_foreclosed_set
543,"abundance, resources, satisfied, enough, fully",2,2022-05-27 10:40:00,543_resources_enough_infinite_resource
545,"epidemic, crowns, crown, wax, drove",2,2022-05-27 10:40:00,545_crown_crowns_gang_liquid
546,"camps, decoration, filtering, concentration, presidents",1,2022-05-27 10:40:00,546_camps_alika_died_concentration
547,"permission, review, publication, pension, caught",3,2022-05-27 10:40:00,547_permission_says_report_president
548,"hospital, 930, growth, evaporating, hospitals",9,2022-05-27 10:40:00,548_hospital_hospitals_growth_expected
549,"blasphemy, prohibition, against, religious, penal",22,2022-05-27 10:40:00,549_blasphemy_prohibition_against_religi...
550,"competitions, rankings, initial, training, winners",19,2022-05-27 10:40:00,550_competitions_rankings_competition_in...
551,"southnes, release, line, extremely, contract",1,2022-05-27 10:40:00,551_southnes_line_landsnet_kv
552,"representative, resolutions, motions, vezzali, tabled",3,2022-05-27 10:40:00,552_representative_motions_resolutions_o...
553,"greenland, faeroe, islands, cooperation, greenlandians",19,2022-05-27 10:40:00,553_greenland_faeroe_islands_cooperation
554,"answer, thank, senator, you, for",3,2022-05-27 10:40:00,554_answer_thank_senator_you
555,"disagree, considerable, protected, welcome, me",1,2022-05-27 10:40:00,555_refugees_senator_reservation_derided
557,"outset, wrong, returning, result, determined",3,2022-05-27 10:40:00,557_option_outset_lack_dissuade
558,"hospital, patients, providers, complications, yellow",6,2022-05-27 10:40:00,558_hospital_patients_patient_providers
559,"clarification, accepts, agenda, regarding, rapporteur",2,2022-05-27 10:40:00,559_agendas_agenda_accepted_accepts
560,"870, monuments, globally, destroy, eastern",1,2022-05-27 10:40:00,560_monument_declaration_monuments_cultu...
562,"approve, annex, doesn, followed, senate",6,2022-05-27 10:40:00,562_approve_annex_doesn_followed
564,"comment, representative, rapporteurs, call, rapporteur",7,2022-05-27 10:40:00,564_comment_representative_rapporteur_am...
565,"pray, scallop, writing, responsoring, explaining",4,2022-05-27 10:40:00,565_pray_scallop_writing_want
567,"speech, thank, inequities, senator, fine",4,2022-05-27 10:40:00,567_speech_thank_senator_excellent
568,"league, impediment, concessionaire, professionals, purposefully",10,2022-05-27 10:40:00,568_league_impediment_concessionaire_pro...
569,"exploiting, warned, deputy, hence, careful",4,2022-05-27 10:40:00,569_caution_careful_slippage_cautionary
571,"box, jakobsdóttir, counsellers, katrín, 2017",5,2022-05-27 10:40:00,571_box_sideds_stunning_frame
572,"akureyri, university, kalälduvaya, nuuk, school",5,2022-05-27 10:40:00,572_akureyri_university_studies_technica...
573,"declare, open, general, discussion, special",4,2022-05-27 10:40:00,573_declare_open_discussion_general
574,"voted, favour, correct, wandering, stefani",6,2022-05-27 10:40:00,574_voted_favour_mistake_vote
575,"speaking, congress, respect, members, don",2,2022-05-27 10:40:00,575_congress_speaking_minute_officials
577,"india, china, notice, fail, happening",1,2022-05-27 10:40:00,577_china_chinese_aggressive_covid
578,"nominal, tabled, 310, ballot, simultaneous",2,2022-05-27 10:40:00,578_nominal_tabled_identical_granato
579,"barrier, course, quoted, shape, sadly",3,2022-05-27 10:40:00,579_course_a4_straighten_tempered
580,"justice, belongs, disagree, ministry, conviction",2,2022-05-27 10:40:00,580_justice_institute_law_refuses
581,"faggi, registered, she, speak, petris",1,2022-05-27 10:40:00,581_registered_she_faggi_speak
582,"suggests, agreed, changes, above, bill",17,2022-05-27 10:40:00,582_suggests_agreed_changes_outlined
583,"weird, thing, normal, unnatural, crazy",1,2022-05-27 10:40:00,583_normal_unnatural_crazy_weird
584,"sticking, sensible, idea, approach, maybe",3,2022-05-27 10:40:00,584_idea_good_approach_think
585,"2016, produced, security, policy, national",1,2022-05-27 10:40:00,585_security_2016_national_policy
586,"suðvest, 12th, 9th, re, 6th",19,2022-05-27 10:40:00,586_suðvest_12th_9th_re
587,"microenergy, pensioners, furthermore, survival, reviewed",1,2022-05-27 10:40:00,587_microenergy_pensioners_pension_age
590,"suicide, disease, suicides, depression, triencing",4,2022-05-27 10:40:00,590_suicide_suicides_disease_47
592,"story, thank, much, very, minister",1,2022-05-27 10:40:00,592_story_thank_much_very
594,"mental, health, bells, explode, illness",14,2022-05-27 10:40:00,594_mental_health_explode_bells
596,"south, 9th, birgir, þórarinsson, district",21,2022-05-27 10:40:00,596_south_9th_birgir_þórarinsson
597,"terrorism, offenses, laundering, adequate, official",1,2022-05-27 10:40:00,597_laundering_terrorism_cryptocurrencie...
599,"screening, processed, stress, screened, registry",3,2022-05-27 10:40:00,599_screening_stress_screenings_ease
600,"budget, secretary, history, thank, much",1,2022-05-27 10:40:00,600_budget_chairman_secretary_thank
601,"binetti, registered, biti, speak, cirinna",4,2022-05-27 10:40:00,601_binetti_registered_speak_biti
602,"declare, closed, communications, debate, ministers",1,2022-05-27 10:40:00,602_declare_closed_debate_willingness
603,"parallels, comparison, comparisons, nation, illustrated",6,2022-05-27 10:40:00,603_compare_comparisons_comparison_clean
604,"enlisted, brollini, pirro, she, giammanco",3,2022-05-27 10:40:00,604_enlisted_she_speak_pirro
605,"big, deal, living, history, sure",3,2022-05-27 10:40:00,605_big_deal_movie_town
606,"signal, sure, proposal, continue, ensure",2,2022-05-27 10:40:00,606_commitment_stress_uniquely_clear
607,"meeting, meetings, come, thought, better",2,2022-05-27 10:40:00,607_meeting_eastfield_board_saturday
608,"pardon, beg, comment, your, apology",1,2022-05-27 10:40:00,608_apology_apologize_stress_sorry
609,"scattered, regions, central, play, safety",1,2022-05-27 10:40:00,609_regions_stress_regional_lance
610,"efta, formally, trial, court, eea",2,2022-05-27 10:40:00,610_efta_court_logical_icesave
611,"2681, bonafede, modified, text, cartabia",2,2022-05-27 10:40:00,611_text_modified_amending_amendments
612,"legalizing, legalized, reevaluate, glad, learn",2,2022-05-27 10:40:00,612_legalization_legalize_legalized_bioa...
613,"corrected, actors, spite, correct, beautiful",3,2022-05-27 10:40:00,613_corrected_correct_correction_grammat...
614,"christianity, culture, recognizes, historic, foundation",2,2022-05-27 10:40:00,614_culture_classical_christian_commerci...
615,"poverty, inequity, ivory, calendars, rich",3,2022-05-27 10:40:00,615_poverty_children_poor_grandfather
616,"yes, gives, answer, everything, say",2,2022-05-27 10:40:00,616_yes_answer_question_simple
617,"grain, wheat, ukraine, harvesters, sunflowers",5,2022-05-27 10:40:00,617_grain_ukraine_wheat_russia
618,"old, unfair, parents, usually, until",2,2022-05-27 10:40:00,618_chores_child_age_old
619,"marriage, age, 18, married, wedding",7,2022-05-27 10:40:00,619_marriage_marry_age_18
620,"rapporteurs, roll, tabled, simultaneous, 100",1,2022-05-27 10:40:00,620_rapporteurs_tabled_roll_simultaneous
622,"bang, checking, administrators, agents, heads",2,2022-05-27 10:40:00,622_executives_managers_agents_managemen...
624,"afghanistan, americans, react, story, 20",1,2022-05-27 10:40:00,624_afghanistan_taliban_americans_oversp...
625,"representative, call, government, stewards, texts",2,2022-05-27 10:40:00,625_representative_call_government_stewa...
626,"2nd, expiry, 1st, environmentally, possessions",2,2022-05-27 10:40:00,626_1st_2nd_suggest_pointed
628,"reimbursement, filmmaking, film, 1999, temporary",7,2022-05-27 10:40:00,628_reimbursement_filmmaking_film_1999
629,"directive, state, constitute, settle, throw",5,2022-05-27 10:40:00,629_state_cartelisation_demonize_anymore
630,"proposal, 2013, presented, available, attention",2,2022-05-27 10:40:00,630_proposal_engagement_submitted_forthi...
631,"substances, animal, hormone, hazardous, harmonizing",2,2022-05-27 10:40:00,631_substances_harmful_hormone_respirato...
632,"amendments, against, am, mr, president",12,2022-05-27 10:40:00,632_amendments_against_am_mr
633,"abstain, opposing, senators, accordingly, intend",1,2022-05-27 10:40:00,633_senators_opposing_abstain_accordingl...
634,"environmental, communicable, prevention, risks, acute",14,2022-05-27 10:40:00,634_environmental_prevention_communicabl...
636,"appeal, doria, tosato, invite, secretary",2,2022-05-27 10:40:00,636_appeal_invite_secretary_proceed
638,"sacrifice, resistant, underscores, witness, failure",2,2022-05-27 10:40:00,638_sacrifice_sacrifices_repays_justifie...
639,"evolution, indifference, destination, inevitable, decade",5,2022-05-27 10:40:00,639_evolution_covid_correspondent_punish...
640,"tiles, food, wooden, obvious, prices",3,2022-05-27 10:40:00,640_food_prices_groceries_sugar
641,"orphan, sites, reclamation, identified, regions",14,2022-05-27 10:40:00,641_orphan_sites_reclamation_identified
642,"mauton, 01, caliendo, alt, pc",3,2022-05-27 10:40:00,642_10_buccarella_follow_11
643,"ecosolidal, announce, component, mixed, equal",1,2022-05-27 10:40:00,643_ecosolidal_announce_mixed_component
644,"require, minor, coverage, adjustments, suggests",13,2022-05-27 10:40:00,644_require_minor_coverage_adjustments
645,"lies, based, lot, comes, fact",1,2022-05-27 10:40:00,645_lying_lies_fooled_deceive
647,"akureyri, hospital, clinics, advertised, clinic",4,2022-05-27 10:40:00,647_hospital_akureyri_backup_cornerstone
648,"sp, emanuele, pellegrini, az, psd",3,2022-05-27 10:40:00,648_pellegrini_emanuele_sp_az
649,"mortified, volunteering, patch, hole, remedy",1,2022-05-27 10:40:00,649_volunteers_volunteer_volunteering_ch...
652,"globalisation, globalization, depth, phenomenon, goods",3,2022-05-27 10:40:00,652_globalisation_globalization_phenomen...
653,"hazard, involve, safety, major, issue",2,2022-05-27 10:40:00,653_safety_safe_safer_prevalent
654,"transactions, competition, despicable, traded, strive",1,2022-05-27 10:40:00,654_strive_competition_active_promote
655,"option, priming, overall, pro, professional",4,2022-05-27 10:40:00,655_report_ignored_review_professional
657,"human, rights, covering, ignore, gross",2,2022-05-27 10:40:00,657_human_rights_violating_bathe
660,"uv, patt, aut, svp, unterberger",3,2022-05-27 10:40:00,660_patt_uv_aut_svp
661,"jakobsdóttir, katrín, daughter, stand, follow",1,2022-05-27 10:40:00,661_highest_minister_learn_lawsuits
662,"adult, runs, alpine, hoped, bigger",1,2022-05-27 10:40:00,662_cheating_senator_aground_šdisilgate
663,"roll, ballot, simultaneous, rule, refer",2,2022-05-27 10:40:00,663_roll_ballot_simultaneous_rule
664,"smell, offers, indications, extensive, urine",1,2022-05-27 10:40:00,664_smell_urine_insecticides_preschooler...
665,"crevice, hell, there, scratch, underneath",1,2022-05-27 10:40:00,665_scratch_underneath_ramburd_crevice
666,"serve, invited, previously, assembly, again",4,2022-05-27 10:40:00,666_serve_invited_previously_assembly
667,"newspaper, weekend, experiences, sorry, family",1,2022-05-27 10:40:00,667_victims_mourning_closeness_pain
668,"everybody, agrees, sort, agree, common",3,2022-05-27 10:40:00,668_agree_agrees_everybody_couldn
669,"criticism, easy, otherwise, allowed, line",2,2022-05-27 10:40:00,669_criticism_criticize_criticist_rounda...
670,"neighboring, addressed, bit, looking, management",1,2022-05-27 10:40:00,670_agency_checkbox_executing_naughty
671,"preconceiving, pay, paying, shit, pays",3,2022-05-27 10:40:00,671_pay_preconceiving_pays_pledge
672,"delegation, exercised, delegates, writes, delegated",3,2022-05-27 10:40:00,672_delegation_white_exercised_delegates
673,"mental, health, billion, cost, 26",9,2022-05-27 10:40:00,673_mental_cost_billion_health
674,"weight, higher, necessary, ask, should",1,2022-05-27 10:40:00,674_weight_weights_pounds_lose
675,"pahor, boris, trieste, 108, disappeared",1,2022-05-27 10:40:00,675_disappearance_rognoni_loved_his
679,"clinics, survey, satisfaction, users, turned",1,2022-05-27 10:40:00,679_remote_care_distant_health
681,"balance, imbalance, managed, points, reduce",3,2022-05-27 10:40:00,681_balance_imbalance_balanced_finding
683,"sensing, rai, broadcast, television, spa",1,2022-05-27 10:40:00,683_rai_television_spa_broadcasting
684,"argues, eighty, recruitments, conceived, honor",3,2022-05-27 10:40:00,684_improvisation_never_argues_hostiliti...
685,"garnet, enlisted, she, speak, rauti",2,2022-05-27 10:40:00,685_garnet_enlisted_rauti_she
686,"oil, ban, 54, search, jurisdiction",3,2022-05-27 10:40:00,686_oil_search_jurisdiction_norwegian
687,"cleaning, services, responses, telephone, tasks",1,2022-05-27 10:40:00,687_telephones_housekeeping_interiors_re...
688,"sexual, autonomy, favors, women, extensively",3,2022-05-27 10:40:00,688_sexual_autonomy_atypical_sexless
690,"authority, authoritativeness, spends, possess, advertisement",4,2022-05-27 10:40:00,690_authority_tabernacle_authoritativene...
692,"rapporteur, agree, mr, president, with",16,2022-05-27 10:40:00,692_rapporteur_agree_mr_president
693,"degenerations, anticipate, gray, problems, speaks",3,2022-05-27 10:40:00,693_trident_stubbornness_covid_decountin...
696,"told, related, facts, ve, point",1,2022-05-27 10:40:00,696_facts_dejected_eyes_chronicle
697,"permission, kindly, tómasson, tómas, books",2,2022-05-27 10:40:00,697_permission_jesusko_marlins_president
698,"81, 5th, expressed, move, constitution",2,2022-05-27 10:40:00,698_81_5th_expressed_contrary
699,"cooperation, cooperating, brother, flows, spirit",6,2022-05-27 10:40:00,699_cooperation_flows_exorcisms_prosperi...
700,"bellanova, clarification, prime, deputy, thank",2,2022-05-27 10:40:00,700_prime_thank_answers_answer
701,"project, management, professional, extensive, groups",5,2022-05-27 10:40:00,701_project_management_grades_profession...
702,"listener, deaf, ears, listen, beneficial",7,2022-05-27 10:40:00,702_deaf_listen_ears_imprudently
705,"diesel, oil, fishermen, category, expensive",1,2022-05-27 10:40:00,705_oil_burned_diesel_tons
-1,"covid, hospital, stress, which, italy",4033,2022-06-25 08:00:00,-1_hospital_covid_stress_disease
0,"european, europe, union, delegation, nato",191,2022-06-25 08:00:00,0_european_europe_union_nato
2,"ukraine, russia, ukrainian, russian, putin",44,2022-06-25 08:00:00,2_ukraine_russia_russian_putin
3,"italians, italy, italian, brothers, viva",360,2022-06-25 08:00:00,3_italy_italians_italian_brothers
5,"covid, epidemic, virus, pandemic, disease",24,2022-06-25 08:00:00,5_epidemic_covid_virus_pandemic
7,"energy, renewable, gigawatts, regasifiers, heat",19,2022-06-25 08:00:00,7_energy_electricity_exchange_renewable
8,"lending, banks, indeed, ability, key",1,2022-06-25 08:00:00,8_bank_banks_banking_office
10,"minister, satisfied, your, rehearsal, separations",16,2022-06-25 08:00:00,10_minister_ministers_ministry_highest
11,"school, education, dispersal, teachers, stress",14,2022-06-25 08:00:00,11_school_education_students_teachers
13,"mutual, forecast, realization, drawn, tool",1,2022-06-25 08:00:00,13_financial_budget_program_policy
14,"government, louder, governments, weakens, silence",31,2022-06-25 08:00:00,14_government_governments_trust_does
15,"justice, trial, judicial, magistrates, judiciary",24,2022-06-25 08:00:00,15_judiciary_magistrates_justice_judicia...
16,"terrorists, daytime, marginalization, recruit, cyber",7,2022-06-25 08:00:00,16_telecommunications_internet_communica...
17,"sport, sports, activity, constitution, psychophysical",121,2022-06-25 08:00:00,17_sport_sports_activity_psychophysical
18,"clues, 03438, misunderstand, angelo, clue",5,2022-06-25 08:00:00,18_senator_why_ask_question
19,"approves, annex, followed, senate, see",64,2022-06-25 08:00:00,19_approves_annex_followed_senate
20,"water, drought, irrigation, agriculture, cubic",258,2022-06-25 08:00:00,20_water_drought_irrigation_outflow
21,"tax, taxes, credits, wedge, paychecks",23,2022-06-25 08:00:00,21_tax_taxes_income_taxation
23,"refugees, melilla, stress, migrants, refugee",8,2022-06-25 08:00:00,23_refugees_refugee_welcome_fleeing
24,"reread, biagi, motives, thoughts, explaining",10,2022-06-25 08:00:00,24_discussion_discuss_conversation_inter...
25,"pharmacological, integrate, psychological, speeches, listened",1,2022-06-25 08:00:00,25_mental_health_hospital_services
27,"outsourced, sites, archaeological, cultural, entertainment",3,2022-06-25 08:00:00,27_artists_art_artist_musicians
28,"councils, bear, bodies, chance, judicial",1,2022-06-25 08:00:00,28_council_here_members_hall
29,"mennea, peter, seventy, alongside, weakest",2,2022-06-25 08:00:00,29_nursing_older_elderly_home
30,"thank, binetti, giorgetti, undersecretary, commission",32,2022-06-25 08:00:00,30_thank_rapporteurs_commission_mr
31,"mr, president, madam, speech, ladies",55,2022-06-25 08:00:00,31_mr_madam_president_speech
32,"pension, pensioners, fornero, minimums, brusio",5,2022-06-25 08:00:00,32_pension_fund_pensions_funds
34,"gender, language, cacophonic, declination, smile",4,2022-06-25 08:00:00,34_women_violence_men_perpetrators
35,"elections, election, abstentionism, electoral, referendum",69,2022-06-25 08:00:00,35_election_elections_electoral_votes
36,"inflation, stagnation, cent, purchasing, gordian",13,2022-06-25 08:00:00,36_inflation_rising_growth_prices
37,"vaccination, covid, vaccine, obligation, vaccines",14,2022-06-25 08:00:00,37_vaccine_vaccination_covid_vaccines
38,"category, included, rate, highest, fact",1,2022-06-25 08:00:00,38_highest_minister_secretary_finance
39,"explanation, speak, ask, vote, you",59,2022-06-25 08:00:00,39_explanation_speak_ask_vote
41,"her, she, applauded, apprentices, arbitrariness",6,2022-06-25 08:00:00,41_she_her_herself_ll
42,"farmers, agricultural, agriculture, crops, production",45,2022-06-25 08:00:00,42_farmers_agriculture_agricultural_prod...
43,"sensitivity, leads, understood, culture, legislation",2,2022-06-25 08:00:00,43_laws_law_these_breaking
44,"engines, combustion, 2035, cars, blocking",2,2022-06-25 08:00:00,44_cars_electric_vehicles_car
45,"virtues, courage, talk, wanted, senators",1,2022-06-25 08:00:00,45_thank_senator_you_want
46,"draghi, president, your, pact, mr",162,2022-06-25 08:00:00,46_draghi_president_your_mario
47,"hospital, taillight, vocation, agro, candidate",1,2022-06-25 08:00:00,47_hospital_land_hospitals_management
48,"parliament, parliamentary, parliamentarians, centrality, prerogatives",65,2022-06-25 08:00:00,48_parliament_parliamentary_parliamentar...
49,"climate, change, atmosphere, plus, oxide",17,2022-06-25 08:00:00,49_climate_change_goals_climates
50,"caste, party, executive, mp, stay",4,2022-06-25 08:00:00,50_independence_party_left_green
51,"movimento, stars, star, movement, favour",78,2022-06-25 08:00:00,51_movimento_stars_star_movement
52,"mayors, municipalities, mayor, 000, inhabitants",31,2022-06-25 08:00:00,52_municipalities_mayors_mayor_local
53,"07055, addressed, 24, published, sitting",1,2022-06-25 08:00:00,53_health_disease_minister_highest
54,"roads, twenty, invent, highway, road",5,2022-06-25 08:00:00,54_transport_road_transportation_roads
55,"workers, unions, trade, unemployed, confindustria",16,2022-06-25 08:00:00,55_labour_unions_labor_workers
57,"decree, aid, law, conversion, issued",34,2022-06-25 08:00:00,57_decree_law_conversion_aid
60,"accountant, expectation, forefront, borne, combating",2,2022-06-25 08:00:00,60_accountant_accounting_state_research
61,"tourism, extensions, shameful, absurd, blocked",1,2022-06-25 08:00:00,61_tourism_tourists_tourist_travel
62,"pnrr, reforms, objectives, reform, mobs",40,2022-06-25 08:00:00,62_pnrr_reform_reforms_objectives
63,"boars, wild, rocketing, swine, fever",3,2022-06-25 08:00:00,63_virus_wild_swine_fever
64,"financed, study, measure, was, by",1,2022-06-25 08:00:00,64_committee_committees_study_opinion
67,"cancer, oncology, disease, cancers, plan",121,2022-06-25 08:00:00,67_cancer_oncology_disease_screening
68,"media, sesia, raiplay, viewers, dispersion",6,2022-06-25 08:00:00,68_media_radio_journalists_press
69,"quantification, repercussions, estimates, associations, term",1,2022-06-25 08:00:00,69_transport_environment_committee_envir...
70,"blinds, italexit, hybrid, casini, hv",1,2022-06-25 08:00:00,70_hv_senator_asks_disease
71,"wage, minimum, olivetti, coaches, 11a",12,2022-06-25 08:00:00,71_wage_salary_pay_remuneration
72,"affection, spontaneous, welcomed, ukrainian, offered",1,2022-06-25 08:00:00,72_refugees_ukraine_ukrainian_reception
73,"withdrawn, 20, amendments, 204, 17",4,2022-06-25 08:00:00,73_withdrawn_amendments_amendment_17
74,"thirdly, discriminated, against, discrimination, work",1,2022-06-25 08:00:00,74_discrimination_race_ethnic_equal
75,"he, newspaper, newspapers, his, him",12,2022-06-25 08:00:00,75_his_he_him_man
76,"coni, constellation, contracts, mistaken, precarious",2,2022-06-25 08:00:00,76_contracts_172_contract_pay
77,"closed, debate, fibp, udc, president",17,2022-06-25 08:00:00,77_closed_debate_fdi_president
78,"welfare, questioner, caregivers, delegates, completion",2,2022-06-25 08:00:00,78_welfare_committee_suggest_referred
79,"listening, thank, thanking, your, rain",7,2022-06-25 08:00:00,79_thank_thanking_minister_prime
80,"intensification, negotiating, channel, tables, diplomatic",1,2022-06-25 08:00:00,80_peace_diplomacy_diplomatic_war
81,"navigators, titanic, worked, cancel, enterprise",2,2022-06-25 08:00:00,81_ships_ship_boat_sailors
82,"ballot, tabled, simultaneous, refer, fazzolari",10,2022-06-25 08:00:00,82_ballot_tabled_simultaneous_refer
83,"police, video, camorists, extorting, surveillance",3,2022-06-25 08:00:00,83_police_officers_enforcement_officer
84,"oh, drugs, yeah, talked, free",1,2022-06-25 08:00:00,84_drugs_drug_addiction_abuse
86,"gas, russian, russia, dependence, supplying",9,2022-06-25 08:00:00,86_gas_russia_russian_dependence
87,"extension, fifteen, deadline, issued, december",5,2022-06-25 08:00:00,87_deadline_extended_extension_2022
90,"suspend, sitting, suspended, resume, suspension",17,2022-06-25 08:00:00,90_suspend_sitting_resume_suspended
93,"spread, almost, beginning, remember, increased",2,2022-06-25 08:00:00,93_percent_increase_ratio_60
96,"forza, italia, berlusconi, udc, group",23,2022-06-25 08:00:00,96_forza_italia_berlusconi_udc
97,"food, shelves, deprives, supermarkets, sees",3,2022-06-25 08:00:00,97_food_production_security_covid
98,"democracy, dictatorships, democracies, democratic, knows",21,2022-06-25 08:00:00,98_democracy_democracies_dictatorships_d...
100,"italy, plants, energy, stress, gas",16,2022-06-25 08:00:00,100_italy_energy_italian_gas
101,"taxi, drivers, uber, scoundrels, cab",5,2022-06-25 08:00:00,101_cab_taxi_drivers_driver
102,"measure, measures, sentimentally, improvementable, perfect",9,2022-06-25 08:00:00,102_measure_measures_measuring_stress
104,"symbolic, cortina, blanc, mont, territoriality",2,2022-06-25 08:00:00,104_alpine_alps_alpines_corps
106,"witness, attacks, social, contributions, security",2,2022-06-25 08:00:00,106_security_social_system_review
108,"numbers, statistic, statistical, alarming, drama",4,2022-06-25 08:00:00,108_numbers_statistics_average_number
109,"doctors, cooperatives, conformation, retired, compromising",4,2022-06-25 08:00:00,109_care_health_professionals_doctors
112,"mindset, reverse, restore, changed, tomorrow",5,2022-06-25 08:00:00,112_changed_gonna_turned_change
113,"draft, law, consideration, 1254, proposed",14,2022-06-25 08:00:00,113_draft_law_deputies_consideration
114,"infrastructure, tolerable, dispersal, immaterial, inefficiencies",8,2022-06-25 08:00:00,114_infrastructure_building_area_capital
115,"unanswered, answers, questions, answered, systematically",4,2022-06-25 08:00:00,115_question_answers_answer_questions
117,"clinical, organizational, lines, waiting, scientific",1,2022-06-25 08:00:00,117_waiting_list_lists_wait
118,"competition, artisan, liberals, amazon, unbalanced",4,2022-06-25 08:00:00,118_competition_consumers_market_interes...
119,"relocation, screening, light, form, green",1,2022-06-25 08:00:00,119_protection_international_candidates_...
121,"bees, honey, beekeepers, beekeeping, insects",119,2022-06-25 08:00:00,121_bees_honey_beekeepers_beekeeping
122,"fix, please, along, never, used",2,2022-06-25 08:00:00,122_possible_done_easy_impossible
123,"stress, score, casolati, soiling, nutri",2,2022-06-25 08:00:00,123_score_diet_nutri_labelling
126,"lessons, rewind, history, atlanticism, tape",5,2022-06-25 08:00:00,126_history_learn_lesson_lessons
127,"favour, motion, honey, vote, compliant",9,2022-06-25 08:00:00,127_favour_vote_measure_resolution
128,"politics, political, blackmail, obnoxious, ethic",31,2022-06-25 08:00:00,128_politics_political_stress_blackmail
129,"turnover, restaurants, percent, refreshment, grills",2,2022-06-25 08:00:00,129_restaurants_restaurant_opening_cater...
131,"proceed, examination, invite, representative, shall",7,2022-06-25 08:00:00,131_examination_proceed_invite_represent...
132,"superbonus, 110, credits, bonus, bonuses",19,2022-06-25 08:00:00,132_superbonus_110_bonuses_bonus
135,"masks, mask, prefectures, protocols, sections",6,2022-06-25 08:00:00,135_masks_mask_ffp2_obligation
137,"withdraw, amendments, withdrawn, agenda, 00487",5,2022-06-25 08:00:00,137_withdraw_amendment_amendments_withdr...
138,"passant, enabled, incomes, recession, household",2,2022-06-25 08:00:00,138_growth_unemployment_economic_rebound
139,"chicks, veterinary, animal, killing, grinding",4,2022-06-25 08:00:00,139_animals_animal_veterinary_medicinal
141,"procurement, code, rapid, parameter, speeding",4,2022-06-25 08:00:00,141_contracting_procurement_stations_con...
142,"responsibility, pretending, responsible, soul, irresponsible",11,2022-06-25 08:00:00,142_responsibility_responsible_responsib...
143,"protests, cancelled, train, beachmen, trainor",7,2022-06-25 08:00:00,143_protesters_demonstrations_police_pro...
144,"files, terabytes, indexed, audio, occupy",1,2022-06-25 08:00:00,144_data_personal_information_storage
146,"registered, speak, modena, senator, ferrari",22,2022-06-25 08:00:00,146_registered_speak_senator_modena
147,"eur, euros, allocated, billion, million",17,2022-06-25 08:00:00,147_eur_euros_allocated_billion
148,"emergency, emergencies, alarming, deal, dragons",12,2022-06-25 08:00:00,148_emergency_emergencies_exceptional_91...
149,"italy, inspiration, alignment, beg, kiev",4,2022-06-25 08:00:00,149_italy_ukrainian_ukraine_italian
151,"invest, raiplay, investment, halfway, swept",3,2022-06-25 08:00:00,151_investment_investments_invest_invest...
152,"trust, pact, ironically, compulsive, vow",8,2022-06-25 08:00:00,152_trust_broken_rebuild_glue
153,"resumed, suspended, sitting, 11, at",13,2022-06-25 08:00:00,153_resumed_suspended_sitting_12
154,"insurance, ivass, heirs, appalusi, sleeper",3,2022-06-25 08:00:00,154_insurance_companies_company_pencils
155,"ambitious, goals, aim, stars, objective",2,2022-06-25 08:00:00,155_goals_ambitious_reach_goal
156,"reform, reforms, unblocking, modernization, offset",6,2022-06-25 08:00:00,156_reform_reforms_stress_majority
157,"agenda, g1, g1200, mr, agendas",15,2022-06-25 08:00:00,157_agenda_g1_favour_mr
159,"nurses, decreasing, essence, medicine, employed",1,2022-06-25 08:00:00,159_nurses_hospital_stress_doctors
161,"enlisted, speak, he, quagliariello, senator",13,2022-06-25 08:00:00,161_enlisted_speak_he_senator
163,"colleagues, sportsman, beep, sportsmen, voice",9,2022-06-25 08:00:00,163_colleagues_silence_voice_volume
164,"challenges, colossal, seized, epochal, challenge",4,2022-06-25 08:00:00,164_challenges_challenge_challenging_fac...
165,"enlisted, speak, senator, bergesio, errani",16,2022-06-25 08:00:00,165_enlisted_speak_senator_arrigoni
166,"layouts, rule, delete, odd, variation",4,2022-06-25 08:00:00,166_rules_rule_regulations_purpose
168,"session, agenda, 30, meet, following",11,2022-06-25 08:00:00,168_session_agenda_meet_following
169,"begging, turned, aid, into, help",1,2022-06-25 08:00:00,169_help_spoon_knife_compassion
174,"think, work, have, on, we",1,2022-06-25 08:00:00,174_better_do_we_need
175,"roll, fazzolari, call, malan, simultaneous",6,2022-06-25 08:00:00,175_roll_tabled_simultaneous_call
176,"cinemas, cinema, platforms, films, film",74,2022-06-25 08:00:00,176_cinemas_cinema_platforms_films
177,"francis, pope, believer, intuited, spirituality",2,2022-06-25 08:00:00,177_francis_assisi_st_saint
178,"unitedly, reconnect, foreclosures, common, thirdly",7,2022-06-25 08:00:00,178_solidarity_mediation_cohesion_togeth...
179,"office, council, president, powers, prebende",13,2022-06-25 08:00:00,179_council_office_president_adjective
180,"commission, insights, proactive, constructive, opposition",5,2022-06-25 08:00:00,180_commission_stress_constructive_agree...
181,"frankly, cost, feel, do, know",1,2022-06-25 08:00:00,181_cost_expensive_costs_gonna
183,"closed, sitting, agenda, 27, see",8,2022-06-25 08:00:00,183_closed_sitting_agenda_see
184,"ecology, fork, transposition, agro, visions",1,2022-06-25 08:00:00,184_organic_farming_fork_farm
185,"mafia, mafias, illicit, trafficking, foggia",18,2022-06-25 08:00:00,185_mafia_foggia_anti_mafias
186,"rapporteur, call, 487, santangelo, calderoli",3,2022-06-25 08:00:00,186_rapporteur_call_senator_alfonso
187,"documents, forwarded, questions, 34, motions",11,2022-06-25 08:00:00,187_documents_forwarded_questions_34
188,"presidency, authorise, authorizes, accordingly, note",6,2022-06-25 08:00:00,188_presidency_authorizes_authorise_note
189,"solve, easiest, solved, denounce, solutions",3,2022-06-25 08:00:00,189_uncertainty_solutions_solved_solutio...
190,"absent, assignment, communications, leave, published",10,2022-06-25 08:00:00,190_absent_assignment_communications_lea...
192,"coldiretti, oxygen, billion, estimates, surely",2,2022-06-25 08:00:00,192_billion_millions_100_hundreds
193,"voting, abstain, oppose, vote, against",13,2022-06-25 08:00:00,193_abstain_against_abstention_vote
194,"whirlpool, embraco, singer, platforms, availability",2,2022-06-25 08:00:00,194_companies_company_epidemic_covid
195,"approve, annex, doesn, followed, senate",3,2022-06-25 08:00:00,195_approve_annex_doesn_followed
196,"mechanic, pannella, matteotti, battista, moretti",4,2022-06-25 08:00:00,196_matteotti_giacomo_socialist_1924
198,"happen, opposite, didn, exactly, doesn",3,2022-06-25 08:00:00,198_way_supposed_happens_happening
199,"plan, roulette, consortia, orderly, concreteness",3,2022-06-25 08:00:00,199_plan_plans_operation_fashioned
200,"accepted, g1, agenda, agendas, text",5,2022-06-25 08:00:00,200_accepted_agenda_g9_having
201,"money, malagò, lords, pharma, kingdoms",5,2022-06-25 08:00:00,201_money_funds_spent_guns
203,"00484, 00495, candidature, 00507, 00499",5,2022-06-25 08:00:00,203_giovanardi_renzi_68_giarrusso
206,"credit, quarter, gas, tax, incurred",13,2022-06-25 08:00:00,206_quarter_credit_gas_incurred
209,"ivass, sleeping, policies, relate, seconds",2,2022-06-25 08:00:00,209_policy_policies_plan_miss
214,"oral, authorisation, carry, requested, rapporteur",7,2022-06-25 08:00:00,214_oral_carry_authorisation_requested
215,"dialect, saxon, anglo, timing, stuff",2,2022-06-25 08:00:00,215_language_languages_english_linguists
216,"accepted, comments, request, made, were",7,2022-06-25 08:00:00,216_accepted_comments_request_made
217,"eve, 33, amendment, proceed, ladies",1,2022-06-25 08:00:00,217_proceed_shall_amendment_vote
218,"crisis, weighs, conte, prerecession, 2011",14,2022-06-25 08:00:00,218_crisis_economic_crises_economy
219,"explain, minutes, three, question, right",14,2022-06-25 08:00:00,219_explain_minutes_three_question
220,"amendment, rejected, stress, retable, proposable",9,2022-06-25 08:00:00,220_amendment_amendments_rejected_tabled
221,"rapporteur, supplement, representative, comment, agenda",12,2022-06-25 08:00:00,221_rapporteur_representative_comment_ag...
224,"iranians, israel, threaten, planet, nuclear",1,2022-06-25 08:00:00,224_nuclear_weapons_npt_disarmament
225,"wand, magic, narratives, reality, explains",3,2022-06-25 08:00:00,225_reality_fantasy_situation_face
228,"rule, simultaneous, refer, vote, roll",1,2022-06-25 08:00:00,228_rule_roll_simultaneous_refer
229,"81, 5th, contrary, requested, gave",4,2022-06-25 08:00:00,229_81_5th_contrary_requested
230,"copoi, designations, agri, italian, matured",3,2022-06-25 08:00:00,230_organic_agri_pantelleria_italy
231,"easy, punctuality, benches, directions, govern",3,2022-06-25 08:00:00,231_easy_simple_stress_reconstruction
234,"grows, disaster, connected, discomfort, realities",2,2022-06-25 08:00:00,234_disasters_natural_disaster_earthquak...
235,"presidents, schedule, proceedings, motions, 55",7,2022-06-25 08:00:00,235_presidents_proceedings_55_vice
236,"gas, crest, price, ttf, bulk",5,2022-06-25 08:00:00,236_gas_ttf_price_dutch
237,"211, present, number, people, 000",1,2022-06-25 08:00:00,237_000_no_2018_number
239,"examples, cite, endless, brief, example",3,2022-06-25 08:00:00,239_examples_example_explanation_give
241,"pursuant, 113, procedure, rule, accepted",12,2022-06-25 08:00:00,241_pursuant_113_accepted_procedure
242,"competition, draft, disenforced, garavaglia, rewards",6,2022-06-25 08:00:00,242_competition_draft_law_pnrr
245,"stress, priorities, priority, consider, three",2,2022-06-25 08:00:00,245_priorities_priority_stress_setting
247,"bettazzi, monsignor, berlinguer, enrico, 1977",1,2022-06-25 08:00:00,247_berlinguer_enrico_communist_sardinia...
251,"prints, guaranteeing, speech, aimed, my",1,2022-06-25 08:00:00,251_speech_my_second_talk
253,"dissent, explanation, speak, group, ask",11,2022-06-25 08:00:00,253_dissent_explanation_group_speak
254,"floor, note, give, take, you",10,2022-06-25 08:00:00,254_floor_note_give_take
256,"interceptions, esposito, request, captures, indirect",12,2022-06-25 08:00:00,256_interceptions_siri_seizure_intercept...
258,"film, projectionist, cinematography, filmmaking, camera",7,2022-06-25 08:00:00,258_film_filmmaking_movie_industry
259,"innovation, deceiving, exploited, valued, compete",2,2022-06-25 08:00:00,259_innovation_technology_solutions_rese...
261,"milk, stables, bred, meat, proteins",2,2022-06-25 08:00:00,261_milk_meat_industry_dairy
262,"lyrics, distribution, song, mellow, songs",1,2022-06-25 08:00:00,262_song_mellow_songs_lyrics
263,"disputes, settling, cooperate, principle, starting",1,2022-06-25 08:00:00,263_agreement_negotiations_conditions_ag...
265,"bolkestein, 20, text, amendment, favour",3,2022-06-25 08:00:00,265_text_favour_amendment_am
266,"debt, commits, speeding, payments, signed",1,2022-06-25 08:00:00,266_debt_2026_collection_stop
267,"giro, minutes, sitting, secretary, read",5,2022-06-25 08:00:00,267_minutes_sitting_secretary_giro
272,"secreted, experimental, gmo, inoculate, drugs",2,2022-06-25 08:00:00,272_bioavailability_cyp3a4_medicinal_pha...
274,"fundamental, never, look, fact, at",1,2022-06-25 08:00:00,274_keep_mind_eye_impulsive
275,"rapporteur, call, therefore, hand, report",8,2022-06-25 08:00:00,275_rapporteur_call_therefore_rojc
276,"laudable, perpetuates, prosecutor, thieves, vengeful",4,2022-06-25 08:00:00,276_prosecutor_magistrates_court_rome
277,"lists, list, facilitating, rational, governing",3,2022-06-25 08:00:00,277_list_lists_he_information
278,"rapporteur, agree, mr, president, with",8,2022-06-25 08:00:00,278_rapporteur_agree_mr_president
279,"perceive, undeniable, urgently, promptly, act",6,2022-06-25 08:00:00,279_immediately_action_immediate_quickly
280,"prompt, currency, response, immediate, could",1,2022-06-25 08:00:00,280_currency_euro_dollar_swinging
281,"translational, research, irccs, clinical, experimentation",2,2022-06-25 08:00:00,281_irccs_research_clinical_translationa...
282,"procedure, rules, reform, constitutional, parliamentary",19,2022-06-25 08:00:00,282_procedure_rules_reform_constitutiona...
286,"prevention, disease, empowering, literacy, campaigns",3,2022-06-25 08:00:00,286_disease_prevention_focusing_prevent
287,"apply, projects, plans, try, them",1,2022-06-25 08:00:00,287_project_projects_started_seaguard
288,"joined, group, mixed, yeah, enter",2,2022-06-25 08:00:00,288_group_groups_stress_root
289,"crucial, absolutely, think, important, fundamental",1,2022-06-25 08:00:00,289_important_think_fundamental_picture
290,"explanation, speak, ask, vote, stalin",8,2022-06-25 08:00:00,290_explanation_speak_ask_vote
291,"recycling, waste, recycled, cryptocurrencies, reuse",4,2022-06-25 08:00:00,291_waste_disposal_recycling_garbage
293,"sitting, 113, star, electronic, inform",7,2022-06-25 08:00:00,293_sitting_113_star_electronic
295,"eugenio, scalfari, disappearance, join, memory",4,2022-06-25 08:00:00,295_basilicata_coviello_romualdo_carrara
296,"beaches, beach, bathing, circeo, deckchairs",9,2022-06-25 08:00:00,296_beaches_beach_bathing_concessions
297,"choice, gentlemen, ladies, your, problems",2,2022-06-25 08:00:00,297_worried_worry_mine_problem
299,"tomorrow, provides, deputies, item, immunitys",6,2022-06-25 08:00:00,299_item_tomorrow_document_decree
304,"explanation, speak, ask, vote, you",11,2022-06-25 08:00:00,304_explanation_speak_ask_vote
305,"conceiving, foreign, organically, defence, overlap",2,2022-06-25 08:00:00,305_policy_defence_foreign_common
306,"drag, growth, gdp, davos, gross",4,2022-06-25 08:00:00,306_gdp_growth_percent_nadef
307,"remainder, excluded, amendment, therefore, remaining",1,2022-06-25 08:00:00,307_excluded_remaining_amendment_amendme...
308,"enhanced, ordinated, dimensions, cooperation, reliable",4,2022-06-25 08:00:00,308_nations_international_reactor_nation
310,"junta, deliberations, esposito, preliminary, attribution",17,2022-06-25 08:00:00,310_junta_juntas_configuration_parajuris...
313,"approve, annex, doesn, followed, senate",2,2022-06-25 08:00:00,313_approve_annex_doesn_followed
314,"serious, seriousness, dramatic, situations, call",5,2022-06-25 08:00:00,314_serious_disinformers_seriousness_ser...
315,"democratic, favour, party, motions, announce",11,2022-06-25 08:00:00,315_democratic_favour_party_announce
316,"islands, inversely, proportional, beaches, houses",3,2022-06-25 08:00:00,316_islands_island_western_beer
318,"covid, vaccines, train, lugano, mammographic",4,2022-06-25 08:00:00,318_covid_vaccination_vaccinated_vaccine...
320,"pompous, matched, equally, content, name",1,2022-06-25 08:00:00,320_weren_names_name_chats
321,"ballots, remove, salary, full, present",1,2022-06-25 08:00:00,321_employees_staff_voting_representativ...
325,"formulate, discharged, explosion, prices, budgetary",2,2022-06-25 08:00:00,325_energy_prices_price_gas
326,"distinctive, transparency, appreciate, figure, should",1,2022-06-25 08:00:00,326_transparency_transparent_155_epidemi...
327,"approve, doesn, annex, followed, senate",1,2022-06-25 08:00:00,327_approve_doesn_annex_followed
329,"opposed, amendments, am, mr, both",1,2022-06-25 08:00:00,329_am_against_amendments_mr
330,"explanation, speak, ask, vote, you",9,2022-06-25 08:00:00,330_explanation_speak_ask_vote
331,"family, guito, lap, consolidating, totalitarianism",2,2022-06-25 08:00:00,331_family_fundamental_roles_debased
334,"amended, 120, simultaneous, pursuant, refer",4,2022-06-25 08:00:00,334_amended_simultaneous_120_refer
337,"reply, lamorgese, minutes, interior, three",11,2022-06-25 08:00:00,337_reply_minutes_lamorgese_three
338,"report, written, thoroughness, detail, permission",6,2022-06-25 08:00:00,338_report_permission_written_text
339,"rapporteur, reader, opinion, lately, line",3,2022-06-25 08:00:00,339_rapporteur_opinion_assent_rapporteur...
340,"roll, ballot, simultaneous, refer, call",5,2022-06-25 08:00:00,340_roll_ballot_simultaneous_refer
342,"proceed, shall, vote, split, fingers",8,2022-06-25 08:00:00,342_proceed_shall_split_vote
343,"eighteen, past, months, thank, these",1,2022-06-25 08:00:00,343_thank_colleagues_thanks_sincere
346,"vat, matches, freelancer, rate, foodstuffs",7,2022-06-25 08:00:00,346_vat_necessities_invoice_matches
347,"approve, annex, doesn, followed, senate",3,2022-06-25 08:00:00,347_approve_annex_doesn_followed
349,"item, draft, 1377, 2342, debate",2,2022-06-25 08:00:00,349_item_draft_debate_next
351,"floor, zanda, minutes, nugnes, enlisted",7,2022-06-25 08:00:00,351_floor_zanda_zaffini_nugnes
353,"bare, data, passages, newspapers, raw",1,2022-06-25 08:00:00,353_data_database_subtracts_hospital
354,"excise, duties, fuels, vat, petrol",4,2022-06-25 08:00:00,354_excise_duties_fuels_vat
355,"explanations, excluding, distribution, hours, 2633",4,2022-06-25 08:00:00,355_excluding_explanations_distribution_...
356,"surreptitious, volunteering, gaps, fill, growing",1,2022-06-25 08:00:00,356_work_unorthodox_environment_assistan...
357,"enterprises, sized, medium, sace, small",2,2022-06-25 08:00:00,357_sized_enterprises_medium_small
358,"explanation, speak, ask, vote, you",5,2022-06-25 08:00:00,358_explanation_speak_ask_vote
359,"naturalized, starts, losses, start, income",1,2022-06-25 08:00:00,359_income_loss_loads_month
366,"lombardy, mythological, thermovaluer, pedemontana, ravenna",4,2022-06-25 08:00:00,366_mezzogiorno_railway_jubilee_rome
368,"selfishly, bee, deliberately, side, nature",1,2022-06-25 08:00:00,368_nature_generations_protection_genera...
372,"leaders, conference, convened, timetable, july",7,2022-06-25 08:00:00,372_leaders_conference_timetable_convene...
374,"bathing, concessions, bolkestein, directive, stress",11,2022-06-25 08:00:00,374_bathing_concessions_bolkestein_direc...
375,"questioners, exit, quota, staff, advanced",1,2022-06-25 08:00:00,375_staff_lack_shortage_specialized
376,"precipitation, flames, favored, dried, temperatures",1,2022-06-25 08:00:00,376_geological_fire_sheets_mapping
377,"conversion, posed, deputies, trust, approval",11,2022-06-25 08:00:00,377_conversion_posed_approval_trust
380,"treaty, quirinale, france, paris, bilateral",37,2022-06-25 08:00:00,380_treaty_quirinale_france_paris
382,"affection, emotion, remember, forget, effort",3,2022-06-25 08:00:00,382_forget_remember_memory_forgotten
383,"ballot, roll, motion, simultaneous, refer",7,2022-06-25 08:00:00,383_roll_ballot_simultaneous_tabled
384,"roll, ballot, simultaneous, rule, refer",5,2022-06-25 08:00:00,384_roll_ballot_simultaneous_rule
385,"premier, salvini, lega, azione, sardo",6,2022-06-25 08:00:00,385_premier_salvini_sardo_azione
386,"roll, ballot, simultaneous, rule, refer",6,2022-06-25 08:00:00,386_roll_ballot_simultaneous_rule
388,"bertoldi, please, gallicchio, enlisted, de",4,2022-06-25 08:00:00,388_bertoldi_de_enlisted_speak
389,"powers, demands, full, power, no",1,2022-06-25 08:00:00,389_power_rulers_corrupts_torn
390,"majority, eighteen, forces, insuffering, pervictly",17,2022-06-25 08:00:00,390_majority_eighteen_born_hemicycle
392,"disregarded, repeating, systematically, basically, motions",2,2022-06-25 08:00:00,392_suggestions_suggestion_proposal_öse
393,"approve, annex, doesn, followed, senate",2,2022-06-25 08:00:00,393_approve_annex_doesn_followed
394,"opened, 16, sitting, 33, 38",3,2022-06-25 08:00:00,394_opened_sitting_16_35
395,"open, sitting, 32, 31, 34",7,2022-06-25 08:00:00,395_sitting_open_31_32
397,"fracture, altercation, futile, prognosis, beating",1,2022-06-25 08:00:00,397_fracture_fractures_suspected_severit...
398,"pathologies, signal, patients, listen, careful",1,2022-06-25 08:00:00,398_doctor_doctors_patient_patients
399,"expenditure, savings, resulting, allocated, concept",1,2022-06-25 08:00:00,399_expenditure_savings_budget_million
403,"liked, crisp, lampedusa, uncontrolled, shores",4,2022-06-25 08:00:00,403_liked_would_crisp_improvement
404,"quickly, data, latest, light, read",2,2022-06-25 08:00:00,404_quickly_speed_fast_faster
405,"citizenship, income, poverty, istat, improved",21,2022-06-25 08:00:00,405_citizenship_income_demagogy_poverty
408,"upc, ai, alt, pr, pc",9,2022-06-25 08:00:00,408_pc_upc_ai_idv
411,"tabling, amendments, deadline, relation, sixty",6,2022-06-25 08:00:00,411_tabling_amendments_deadline_relation
412,"bonapartism, indulged, back, malfunctioning, retiring",2,2022-06-25 08:00:00,412_back_house_am_mr
414,"registered, she, speak, testor, cantù",6,2022-06-25 08:00:00,414_registered_she_speak_cantù
416,"ecological, transition, embark, differential, raise",7,2022-06-25 08:00:00,416_ecological_transition_climate_sustai...
419,"approve, annex, doesn, followed, senate",1,2022-06-25 08:00:00,419_approve_annex_doesn_followed
420,"approve, annex, doesn, followed, senate",1,2022-06-25 08:00:00,420_approve_annex_doesn_followed
421,"treaty, ratified, signing, transparent, comprising",16,2022-06-25 08:00:00,421_treaty_treaties_puts_signing
422,"intend, speak, representative, members, general",5,2022-06-25 08:00:00,422_intend_speak_representative_members
423,"item, deputies, draft, approved, debate",5,2022-06-25 08:00:00,423_item_deputies_draft_approved
431,"apology, referendums, promoted, politicians, liked",1,2022-06-25 08:00:00,431_wood_apology_highest_apologized
433,"charter, central, environment, including, issue",1,2022-06-25 08:00:00,433_environment_charter_cared_environmen...
434,"resilience, recovery, plan, stagnation, national",5,2022-06-25 08:00:00,434_resilience_recovery_plan_national
435,"enlisted, speak, de, pietra, carlo",8,2022-06-25 08:00:00,435_enlisted_carlo_speak_pesco
436,"approve, annex, doesn, followed, senate",2,2022-06-25 08:00:00,436_approve_annex_doesn_followed
437,"nominal, ballot, simultaneous, refer, whole",5,2022-06-25 08:00:00,437_nominal_ballot_simultaneous_refer
440,"cap, enhanced, mutual, ordinary, tools",1,2022-06-25 08:00:00,440_funds_regulation_operators_investmen...
444,"draghi, italy, president, multinationals, regret",17,2022-06-25 08:00:00,444_draghi_italy_president_voice
445,"misto, ndc, nc, iac, prc",6,2022-06-25 08:00:00,445_misto_nc_ndc_iac
447,"roll, ballot, simultaneous, rule, refer",6,2022-06-25 08:00:00,447_roll_ballot_simultaneous_rule
449,"floor, minutes, respond, two, give",7,2022-06-25 08:00:00,449_floor_minutes_respond_two
456,"roll, ballot, simultaneous, rule, refer",5,2022-06-25 08:00:00,456_roll_ballot_simultaneous_rule
457,"comments, minutes, approved, were, since",3,2022-06-25 08:00:00,457_comments_minutes_approved_were
458,"day, confrontation, impulse, finds, politics",5,2022-06-25 08:00:00,458_day_stress_homophobia_celebrated
461,"litre, petrol, per, diesel, euros",5,2022-06-25 08:00:00,461_litre_petrol_diesel_per
462,"755, bankitalia, 307, per, 603",1,2022-06-25 08:00:00,462_debt_gdp_2026_net
469,"interventions, fragmented, episodic, consolidate, rationalise",3,2022-06-25 08:00:00,469_interventions_intervention_tension_m...
470,"5th, 81, malan, contrary, constitution",3,2022-06-25 08:00:00,470_5th_81_contrary_expressed
474,"constitution, touching, update, meaning, provides",4,2022-06-25 08:00:00,474_constitution_touching_charter_adapta...
478,"disruptors, endocrine, antibiotics, microplastics, wetlands",1,2022-06-25 08:00:00,478_wetlands_recovery_carbon_emissions
480,"profiles, incompatibility, obligations, entered, present",7,2022-06-25 08:00:00,480_profiles_incompatibility_obligations...
481,"against, am, mr, president, this",1,2022-06-25 08:00:00,481_against_am_mr_president
483,"explanation, speak, ask, vote, you",4,2022-06-25 08:00:00,483_explanation_speak_ask_vote
484,"enlisted, speak, iannone, lannotti, mas",4,2022-06-25 08:00:00,484_enlisted_speak_iannone_he
485,"unacceptable, absolutely, acceptable, situation, okay",1,2022-06-25 08:00:00,485_unacceptable_acceptable_situation_ok...
486,"conclude, shall, mildly, mr, president",6,2022-06-25 08:00:00,486_conclude_shall_mr_president
487,"5th, opinions, inform, standing, 1st",1,2022-06-25 08:00:00,487_5th_opinions_standing_1st
490,"style, party, speak, don, matter",1,2022-06-25 08:00:00,490_party_parties_soliciting_dinner
491,"feelings, guided, choices, decisions, basis",1,2022-06-25 08:00:00,491_choice_choices_decision_sealy
494,"charter, abject, disinformed, experimental, undergo",2,2022-06-25 08:00:00,494_virus_italy_pandemic_charter
498,"text, tabled, simultaneous, refer, 200",1,2022-06-25 08:00:00,498_tabled_commissions_simultaneous_text
500,"dragons, dragon, centrists, gel, endorsement",15,2022-06-25 08:00:00,500_dragons_dragon_disease_centrists
501,"hub, expanding, gravity, mediterranean, propose",1,2022-06-25 08:00:00,501_recovery_energy_fund_autonomy
504,"download, cd, concert, difference, watching",1,2022-06-25 08:00:00,504_difference_indistinguishable_content...
508,"cinema, italian, cinemas, films, audiovisual",26,2022-06-25 08:00:00,508_cinema_italian_cinemas_films
512,"issue, security, about, what, national",1,2022-06-25 08:00:00,512_security_national_abused_unchangeabl...
515,"illustrations, minutes, five, explanations, motions",5,2022-06-25 08:00:00,515_minutes_explanations_five_allocated
517,"loneliness, intervenes, politics, policy, does",1,2022-06-25 08:00:00,517_loneliness_isolation_lonely_cute
518,"response, minutes, cucca, corrado, speak",6,2022-06-25 08:00:00,518_response_minutes_cucca_speak
525,"approve, annex, doesn, followed, senate",1,2022-06-25 08:00:00,525_approve_annex_doesn_followed
528,"terrain, emigration, contained, integration, choices",1,2022-06-25 08:00:00,528_live_abroad_coercive_settle
530,"68, applicability, incontrovertibility, inindacability, inviolability",2,2022-06-25 08:00:00,530_68_constitution_article_applicabilit...
534,"thursday, pm, question, july, place",4,2022-06-25 08:00:00,534_thursday_question_place_presence
536,"joke, irony, depopulated, funny, bankers",3,2022-06-25 08:00:00,536_joke_jokes_humor_laugh
537,"placenta, microplastics, plastic, formation, disruptors",2,2022-06-25 08:00:00,537_plastic_microplastics_placenta_ocean...
538,"mutual, respect, heart, debate, call",1,2022-06-25 08:00:00,538_respect_honor_responds_disguised
539,"comments, minutes, approved, were, since",6,2022-06-25 08:00:00,539_comments_minutes_approved_were
541,"additional, 20, amendment, remaining, article",1,2022-06-25 08:00:00,541_remaining_amendments_foreclosed_set
543,"argued, sufficient, meet, certainly, needs",1,2022-06-25 08:00:00,543_resources_enough_infinite_resource
550,"052, technician, competition, humiliating, organize",2,2022-06-25 08:00:00,550_competitions_rankings_competition_in...
552,"representative, motions, him, call, opinion",5,2022-06-25 08:00:00,552_representative_motions_resolutions_o...
559,"accepts, agendas, reformulation, candiani, compatible",2,2022-06-25 08:00:00,559_agendas_agenda_accepted_accepts
560,"cultural, heritage, valorisation, intangible, entity",1,2022-06-25 08:00:00,560_monument_declaration_monuments_cultu...
563,"attribution, violated, legality, comprehensive, restoration",1,2022-06-25 08:00:00,563_clear_avest_qa_really
564,"comment, representative, rapporteur, 200, call",1,2022-06-25 08:00:00,564_comment_representative_rapporteur_am...
568,"league, loyalty, loyal, romeo, dragons",4,2022-06-25 08:00:00,568_league_impediment_concessionaire_pro...
569,"indignant, distance, merit, rather, between",1,2022-06-25 08:00:00,569_caution_careful_slippage_cautionary
573,"declare, open, general, discussion, special",1,2022-06-25 08:00:00,573_declare_open_discussion_general
574,"sorry, imposing, resolution, motion, adding",2,2022-06-25 08:00:00,574_voted_favour_mistake_vote
576,"agroecology, caligiuri, vallardi, indicating, respectful",1,2022-06-25 08:00:00,576_agriculture_vallardi_colleagues_unan...
577,"engaged, grabbing, blocs, doorstep, famine",1,2022-06-25 08:00:00,577_china_chinese_aggressive_covid
581,"registered, abbate, she, petris, russo",3,2022-06-25 08:00:00,581_registered_she_faggi_speak
583,"crazy, normal, unnatural, think, re",1,2022-06-25 08:00:00,583_normal_unnatural_crazy_weird
584,"approach, think, need, idea, good",1,2022-06-25 08:00:00,584_idea_good_approach_think
588,"nationalized, alitalia, ita, topic, selling",1,2022-06-25 08:00:00,588_ita_alitalia_airways_company
589,"reconstructing, relationships, forerunner, policemen, coordinating",3,2022-06-25 08:00:00,589_parliament_european_he_his
597,"laundering, cryptocurrencies, terrorist, money, terrorism",18,2022-06-25 08:00:00,597_laundering_terrorism_cryptocurrencie...
599,"screening, pdtas, screenings, nodal, uneven",2,2022-06-25 08:00:00,599_screening_stress_screenings_ease
601,"binetti, registered, biti, iori, speak",4,2022-06-25 08:00:00,601_binetti_registered_speak_biti
602,"declare, closed, debate, willingness, communications",5,2022-06-25 08:00:00,602_declare_closed_debate_willingness
604,"enlisted, leo, she, speak, stable",2,2022-06-25 08:00:00,604_enlisted_she_speak_pirro
606,"confident, urgency, listen, trust, continue",2,2022-06-25 08:00:00,606_commitment_stress_uniquely_clear
611,"text, additions, enriched, undergone, numerous",2,2022-06-25 08:00:00,611_text_modified_amending_amendments
612,"legalize, security, increase, more, them",1,2022-06-25 08:00:00,612_legalization_legalize_legalized_bioa...
620,"fulfils, roll, tabled, simultaneous, rapporteurs",1,2022-06-25 08:00:00,620_rapporteurs_tabled_roll_simultaneous
622,"naiveties, emerged, management, call, let",1,2022-06-25 08:00:00,622_executives_managers_agents_managemen...
625,"representative, call, government, stewards, texts",2,2022-06-25 08:00:00,625_representative_call_government_stewa...
626,"mandatory, inclusion, useful, chamber, introduced",1,2022-06-25 08:00:00,626_1st_2nd_suggest_pointed
632,"amendments, against, am, mr, president",2,2022-06-25 08:00:00,632_amendments_against_am_mr
633,"senators, abstain, opposing, accordingly, intend",6,2022-06-25 08:00:00,633_senators_opposing_abstain_accordingl...
636,"appeal, invite, secretary, proceed, starting",5,2022-06-25 08:00:00,636_appeal_invite_secretary_proceed
637,"france, french, italy, neologism, germany",17,2022-06-25 08:00:00,637_france_french_italy_germany
641,"rosignano, marcos, orellana, sites, solvay",1,2022-06-25 08:00:00,641_orphan_sites_reclamation_identified
642,"evangelista, follow, 10, buccarella, 11",1,2022-06-25 08:00:00,642_10_buccarella_follow_11
643,"ecosolidal, announce, favorable, ecosolidali, component",3,2022-06-25 08:00:00,643_ecosolidal_announce_mixed_component
645,"fooled, can, one, lying, no",1,2022-06-25 08:00:00,645_lying_lies_fooled_deceive
647,"september, practice, open, hospital, akureyri",1,2022-06-25 08:00:00,647_hospital_akureyri_backup_cornerstone
648,"sp, emanuele, pellegrini, az, psd",2,2022-06-25 08:00:00,648_pellegrini_emanuele_sp_az
649,"volunteers, volunteer, volunteering, generosity, secondly",2,2022-06-25 08:00:00,649_volunteers_volunteer_volunteering_ch...
651,"comments, minutes, approved, were, since",1,2022-06-25 08:00:00,651_comments_minutes_approved_were
660,"uv, patt, aut, svp, unterberger",2,2022-06-25 08:00:00,660_patt_uv_aut_svp
663,"roll, ballot, simultaneous, rule, refer",2,2022-06-25 08:00:00,663_roll_ballot_simultaneous_rule
665,"underneath, sometimes, really, re, scratch",1,2022-06-25 08:00:00,665_scratch_underneath_ramburd_crevice
667,"victims, embrace, closeness, relatives, owe",2,2022-06-25 08:00:00,667_victims_mourning_closeness_pain
671,"fees, set, state, them, pay",1,2022-06-25 08:00:00,671_pay_preconceiving_pays_pledge
672,"legislates, insincability, interpretative, recourse, vulnus",1,2022-06-25 08:00:00,672_delegation_white_exercised_delegates
675,"journalism, protagonist, absolute, standing, extraordinary",1,2022-06-25 08:00:00,675_disappearance_rognoni_loved_his
676,"tailored, measures, needs, right, part",1,2022-06-25 08:00:00,676_measures_tailored_toolboxes_justifia...
678,"durnwalder, reading, gave, secretary, minutes",4,2022-06-25 08:00:00,678_durnwalder_reading_gave_minutes
679,"homogenization, therapeutic, diagnostic, rehabilitation, screening",1,2022-06-25 08:00:00,679_remote_care_distant_health
683,"rai, spa, television, broadcasting, participation",11,2022-06-25 08:00:00,683_rai_television_spa_broadcasting
684,"gaps, fear, democratic, power, system",1,2022-06-25 08:00:00,684_improvisation_never_argues_hostiliti...
685,"enlisted, garnet, rauti, she, speak",3,2022-06-25 08:00:00,685_garnet_enlisted_rauti_she
693,"stubbornness, decounting, shock, cumbersome, suffering",5,2022-06-25 08:00:00,693_trident_stubbornness_covid_decountin...
696,"evident, eyes, everything, facts, said",1,2022-06-25 08:00:00,696_facts_dejected_eyes_chronicle
698,"81, 5th, expressed, contrary, move",1,2022-06-25 08:00:00,698_81_5th_expressed_contrary
699,"enhanced, cooperation, talking, here, about",1,2022-06-25 08:00:00,699_cooperation_flows_exorcisms_prosperi...
-1,"covid, stress, which, hospital, of",2458,2022-07-24 05:20:00,-1_hospital_covid_stress_disease
0,"europe, european, nato, atlantic, union",48,2022-07-24 05:20:00,0_european_europe_union_nato
2,"ukraine, putin, russian, russia, aggression",38,2022-07-24 05:20:00,2_ukraine_russia_russian_putin
3,"italy, italian, italians, brothers, viva",122,2022-07-24 05:20:00,3_italy_italians_italian_brothers
5,"covid, epidemic, virus, pandemic, pandemics",15,2022-07-24 05:20:00,5_epidemic_covid_virus_pandemic
6,"heterogeneity, halls, worrying, describes, auction",3,2022-07-24 05:20:00,6_housing_rent_apartments_apartment
7,"energy, a2a, sensors, turbines, permitting",7,2022-07-24 05:20:00,7_energy_electricity_exchange_renewable
10,"ministries, executives, sorry, attack, obviously",1,2022-07-24 05:20:00,10_minister_ministers_ministry_highest
11,"teacher, school, touched, mobility, education",5,2022-07-24 05:20:00,11_school_education_students_teachers
12,"hyperliberalism, detached, bill, juvenile, filed",4,2022-07-24 05:20:00,12_bill_bills_articles_think
13,"budget, financial, rigorous, budgetary, expenditure",17,2022-07-24 05:20:00,13_financial_budget_program_policy
14,"government, centralization, infallible, screwing, whose",10,2022-07-24 05:20:00,14_government_governments_trust_does
15,"magistrates, judiciary, judge, monocratic, judicial",23,2022-07-24 05:20:00,15_judiciary_magistrates_justice_judicia...
16,"extraterritorial, hi, submarine, network, becoming",3,2022-07-24 05:20:00,16_telecommunications_internet_communica...
17,"serie, male, belong, define, themselves",1,2022-07-24 05:20:00,17_sport_sports_activity_psychophysical
18,"casellati, flights, hands, full, costs",1,2022-07-24 05:20:00,18_senator_why_ask_question
19,"approves, annex, followed, senate, see",145,2022-07-24 05:20:00,19_approves_annex_followed_senate
20,"water, drought, dams, groundwater, irrigation",31,2022-07-24 05:20:00,20_water_drought_irrigation_outflow
21,"tax, taxes, reform, taxation, income",137,2022-07-24 05:20:00,21_tax_taxes_income_taxation
23,"nineveh, christians, kurdish, iraq, plain",1,2022-07-24 05:20:00,23_refugees_refugee_welcome_fleeing
24,"retrace, assumptions, simplicity, shorten, briefly",10,2022-07-24 05:20:00,24_discussion_discuss_conversation_inter...
25,"mental, burdened, relational, sergio, pathologies",3,2022-07-24 05:20:00,25_mental_health_hospital_services
26,"brokers, clarifies, compete, agents, estate",1,2022-07-24 05:20:00,26_investors_sale_qualified_sold
29,"elderly, covid, chronicity, perceives, elder",4,2022-07-24 05:20:00,29_nursing_older_elderly_home
30,"thank, rapporteurs, mr, commission, dr",85,2022-07-24 05:20:00,30_thank_rapporteurs_commission_mr
31,"mr, president, madam, speech, brief",36,2022-07-24 05:20:00,31_mr_madam_president_speech
32,"pension, 261, 265, fund, supplementary",3,2022-07-24 05:20:00,32_pension_fund_pensions_funds
34,"women, male, language, feminine, female",20,2022-07-24 05:20:00,34_women_violence_men_perpetrators
35,"elections, election, screwing, september, represented",7,2022-07-24 05:20:00,35_election_elections_electoral_votes
36,"inflation, virus, covid, salaries, upwards",7,2022-07-24 05:20:00,36_inflation_rising_growth_prices
37,"vaccine, covid, vaccination, asp6, vaccines",9,2022-07-24 05:20:00,37_vaccine_vaccination_covid_vaccines
38,"procurement, implementing, decrees, maximum, code",1,2022-07-24 05:20:00,38_highest_minister_secretary_finance
39,"explanation, speak, ask, vote, you",55,2022-07-24 05:20:00,39_explanation_speak_ask_vote
40,"disabilities, disabled, 14a, hitherto, licences",4,2022-07-24 05:20:00,40_disabled_disability_persons_impairmen...
41,"formations, signatures, collected, august, her",1,2022-07-24 05:20:00,41_she_her_herself_ll
43,"opportunisms, laws, bore, download, paola",6,2022-07-24 05:20:00,43_laws_law_these_breaking
44,"hoverboard, annotation, segway, propulsion, scooters",1,2022-07-24 05:20:00,44_cars_electric_vehicles_car
45,"referendum, brings, 2016, story, address",1,2022-07-24 05:20:00,45_thank_senator_you_want
46,"draghi, president, allergy, unity, wedge",25,2022-07-24 05:20:00,46_draghi_president_your_mario
47,"hospital, jesus, raffaele, euphemism, hospitalization",1,2022-07-24 05:20:00,47_hospital_land_hospitals_management
48,"parliament, parliamentary, transformism, representativeness, parliamentarians",48,2022-07-24 05:20:00,48_parliament_parliamentary_parliamentar...
49,"climate, tirelessly, irresponsibility, compatible, producing",3,2022-07-24 05:20:00,49_climate_change_goals_climates
50,"constitutions, defeat, fascism, wing, socialist",2,2022-07-24 05:20:00,50_independence_party_left_green
51,"movimento, stars, star, movement, favour",47,2022-07-24 05:20:00,51_movimento_stars_star_movement
52,"municipalities, mayors, local, municipality, public",14,2022-07-24 05:20:00,52_municipalities_mayors_mayor_local
53,"captive, health, standard, cognitive, quotas",3,2022-07-24 05:20:00,53_health_disease_minister_highest
54,"transport, mobility, local, road, roads",17,2022-07-24 05:20:00,54_transport_road_transportation_roads
55,"labour, delocalizes, employment, dismissals, cocer",8,2022-07-24 05:20:00,55_labour_unions_labor_workers
57,"decree, law, conversion, aid, decrees",28,2022-07-24 05:20:00,57_decree_law_conversion_aid
59,"finland, sweden, nato, atlantic, accession",34,2022-07-24 05:20:00,59_sweden_finland_nato_atlantic
60,"accountant, regularity, accounting, checks, posts",5,2022-07-24 05:20:00,60_accountant_accounting_state_research
61,"tourism, chilean, tourist, tourists, beauties",5,2022-07-24 05:20:00,61_tourism_tourists_tourist_travel
62,"pnrr, reform, cassation, objectives, reforms",47,2022-07-24 05:20:00,62_pnrr_reform_reforms_objectives
66,"portman, dysphoria, keira, tavistock, youngsters",2,2022-07-24 05:20:00,66_queer_gay_people_rights
67,"multidisciplinary, oncology, motions, ten, approach",1,2022-07-24 05:20:00,67_cancer_oncology_disease_screening
68,"media, newspapers, wikileaks, ovalmedia, press",6,2022-07-24 05:20:00,68_media_radio_journalists_press
69,"rc, loudly, fair, car, calls",1,2022-07-24 05:20:00,69_transport_environment_committee_envir...
71,"wage, cone, typing, chatters, smokyness",3,2022-07-24 05:20:00,71_wage_salary_pay_remuneration
73,"withdrawn, amendment, amendments, been, 17",22,2022-07-24 05:20:00,73_withdrawn_amendments_amendment_17
74,"discrimination, polis, prohibits, cancellation, valente",3,2022-07-24 05:20:00,74_discrimination_race_ethnic_equal
75,"understood, residue, maturation, his, he",5,2022-07-24 05:20:00,75_his_he_him_man
76,"defer, omission, invoices, transactions, transmission",1,2022-07-24 05:20:00,76_contracts_172_contract_pay
77,"closed, debate, president, presidency, m5s",15,2022-07-24 05:20:00,77_closed_debate_fdi_president
79,"bini, patience, appreciation, malan, listening",2,2022-07-24 05:20:00,79_thank_thanking_minister_prime
80,"peace, diplomatic, peacemakers, pacifism, diplomacy",4,2022-07-24 05:20:00,80_peace_diplomacy_diplomatic_war
81,"receptivity, cruise, ships, season, starting",1,2022-07-24 05:20:00,81_ships_ship_boat_sailors
82,"ballot, tabled, simultaneous, refer, amendment",24,2022-07-24 05:20:00,82_ballot_tabled_simultaneous_refer
86,"gas, russian, russia, dependent, jured",4,2022-07-24 05:20:00,86_gas_russia_russian_dependence
87,"extends, 2022, ope, concessions, purposes",4,2022-07-24 05:20:00,87_deadline_extended_extension_2022
88,"knees, accused, hasn, respectable, brought",1,2022-07-24 05:20:00,88_respectable_president_dignified_yes
90,"suspend, resume, sitting, suspended, 30",19,2022-07-24 05:20:00,90_suspend_sitting_resume_suspended
91,"autonomy, values, appropriate, presidency, independence",1,2022-07-24 05:20:00,91_directors_director_board_management
95,"environmental, works, assessment, implied, equivalents",2,2022-07-24 05:20:00,95_environmental_assessment_assessments_...
96,"forza, italia, udc, berlusconi, favour",23,2022-07-24 05:20:00,96_forza_italia_berlusconi_udc
98,"democracy, torpedoed, autarchies, illiberal, democracies",8,2022-07-24 05:20:00,98_democracy_democracies_dictatorships_d...
100,"fiat, asset, saffron, ruggeri, custodians",5,2022-07-24 05:20:00,100_italy_energy_italian_gas
102,"measure, posed, motivating, modernising, umbrella",11,2022-07-24 05:20:00,102_measure_measures_measuring_stress
104,"alpine, alps, favorable, rimini, partisans",5,2022-07-24 05:20:00,104_alpine_alps_alpines_corps
106,"negotiating, table, security, social, need",1,2022-07-24 05:20:00,106_security_social_system_review
107,"thank, friends, gave, your, attention",2,2022-07-24 05:20:00,107_thank_discussion_want_you
108,"numbers, fat, band, forgive, questionable",5,2022-07-24 05:20:00,108_numbers_statistics_average_number
109,"optimise, care, health, treated, element",2,2022-07-24 05:20:00,109_care_health_professionals_doctors
110,"airport, air, airports, flight, flights",6,2022-07-24 05:20:00,110_airport_flight_air_airports
112,"basket, struggles, four, thrown, changed",4,2022-07-24 05:20:00,112_changed_gonna_turned_change
113,"draft, 2682, faggi, law, 2683",18,2022-07-24 05:20:00,113_draft_law_deputies_consideration
114,"sloppiness, infrastructure, carelessness, parade, modernization",2,2022-07-24 05:20:00,114_infrastructure_building_area_capital
115,"unanswered, questions, left, still, question",1,2022-07-24 05:20:00,115_question_answers_answer_questions
118,"competition, peer, market, errani, imperfections",9,2022-07-24 05:20:00,118_competition_consumers_market_interes...
119,"43, extinguished, offence, illegality, paragraph",1,2022-07-24 05:20:00,119_protection_international_candidates_...
122,"longer, possible, today, no, this",1,2022-07-24 05:20:00,122_possible_done_easy_impossible
124,"detailed, rather, report, long, ask",1,2022-07-24 05:20:00,124_report_reviews_reports_review
127,"favour, vote, measure, resolution, announcing",20,2022-07-24 05:20:00,127_favour_vote_measure_resolution
128,"politics, fidelity, sounders, contextualization, moralist",5,2022-07-24 05:20:00,128_politics_political_stress_blackmail
131,"invite, proceed, examination, views, representative",19,2022-07-24 05:20:00,131_examination_proceed_invite_represent...
132,"superbonus, 110, mechanism, bonuses, bonus",4,2022-07-24 05:20:00,132_superbonus_110_bonuses_bonus
135,"masks, ffp2, respiratory, 11, 52",2,2022-07-24 05:20:00,135_masks_mask_ffp2_obligation
137,"withdrawal, amendment, amendments, withdraw, nos",22,2022-07-24 05:20:00,137_withdraw_amendment_amendments_withdr...
138,"partly, rebound, gdp, excellent, extraordinarily",3,2022-07-24 05:20:00,138_growth_unemployment_economic_rebound
139,"animals, ennobled, faithfulness, abandonment, combating",3,2022-07-24 05:20:00,139_animals_animal_veterinary_medicinal
142,"irresponsibility, responsibility, recriminations, contradicts, prevails",3,2022-07-24 05:20:00,142_responsibility_responsible_responsib...
143,"protesters, a32, bardonecchia, alta, avigliana",2,2022-07-24 05:20:00,143_protesters_demonstrations_police_pro...
147,"eur, virus, euros, billion, covid",6,2022-07-24 05:20:00,147_eur_euros_allocated_billion
148,"concept, centre, emergency, express, back",1,2022-07-24 05:20:00,148_emergency_emergencies_exceptional_91...
149,"ukraine, missions, italy, italian, borders",6,2022-07-24 05:20:00,149_italy_ukrainian_ukraine_italian
150,"meeting, associations, partners, morning, social",1,2022-07-24 05:20:00,150_visitors_guests_discussed_received
153,"resumed, suspended, sitting, 12, 01",12,2022-07-24 05:20:00,153_resumed_suspended_sitting_12
155,"bar, gained, renewed, goals, straight",2,2022-07-24 05:20:00,155_goals_ambitious_reach_goal
156,"reform, reforms, occasions, auspicious, prospects",9,2022-07-24 05:20:00,156_reform_reforms_stress_majority
157,"agenda, g10, recommendation, g7, favour",20,2022-07-24 05:20:00,157_agenda_g1_favour_mr
161,"enlisted, coltorti, perosino, speak, he",2,2022-07-24 05:20:00,161_enlisted_speak_he_senator
163,"colleagues, merchant, voice, loud, please",7,2022-07-24 05:20:00,163_colleagues_silence_voice_volume
164,"challenges, waterfall, challenge, incalculable, awaits",4,2022-07-24 05:20:00,164_challenges_challenge_challenging_fac...
165,"enlisted, mallegni, berardi, speak, ripamonti",4,2022-07-24 05:20:00,165_enlisted_speak_senator_arrigoni
166,"deliver, unity, rule, regions, requested",2,2022-07-24 05:20:00,166_rules_rule_regulations_purpose
167,"unbelief, bride, nigerian, torment, anger",1,2022-07-24 05:20:00,167_nigeria_africa_niger_city
168,"session, agenda, tomorrow, meet, following",9,2022-07-24 05:20:00,168_session_agenda_meet_following
169,"difficulty, mean, meeting, most, people",1,2022-07-24 05:20:00,169_help_spoon_knife_compassion
171,"81, 5th, contrary, roll, requested",9,2022-07-24 05:20:00,171_81_5th_contrary_roll
175,"roll, simultaneous, tabled, granato, refer",14,2022-07-24 05:20:00,175_roll_tabled_simultaneous_call
178,"arithmetic, mediation, demolish, unrepeatable, mediations",7,2022-07-24 05:20:00,178_solidarity_mediation_cohesion_togeth...
179,"advisers, retort, subsecretaries, allergy, surname",2,2022-07-24 05:20:00,179_council_office_president_adjective
180,"stress, plenary, enabled, constructive, unanimous",3,2022-07-24 05:20:00,180_commission_stress_constructive_agree...
183,"closed, sitting, agenda, 48, 16",4,2022-07-24 05:20:00,183_closed_sitting_agenda_see
185,"mafia, foggia, anti, foiled, den",5,2022-07-24 05:20:00,185_mafia_foggia_anti_mafias
186,"rapporteur, call, santillo, alfonso, ripamonti",9,2022-07-24 05:20:00,186_rapporteur_call_senator_alfonso
187,"documents, forwarded, questions, 34, motions",7,2022-07-24 05:20:00,187_documents_forwarded_questions_34
188,"presidency, authorizes, note, takes, authorise",12,2022-07-24 05:20:00,188_presidency_authorizes_authorise_note
190,"absent, assignment, communications, leave, published",7,2022-07-24 05:20:00,190_absent_assignment_communications_lea...
192,"billion, 400, 14, numbers, understand",2,2022-07-24 05:20:00,192_billion_millions_100_hundreds
193,"abstaining, abstention, abstain, measure, favour",7,2022-07-24 05:20:00,193_abstain_against_abstention_vote
195,"approve, annex, doesn, followed, senate",10,2022-07-24 05:20:00,195_approve_annex_doesn_followed
196,"emmanuel, wife, studies, born, son",1,2022-07-24 05:20:00,196_matteotti_giacomo_socialist_1924
197,"corruption, backward, dominated, framework, found",1,2022-07-24 05:20:00,197_corruption_bribes_bribe_bribery
198,"argue, way, don, good, know",1,2022-07-24 05:20:00,198_way_supposed_happens_happening
200,"accepted, g8, g9, agenda, having",12,2022-07-24 05:20:00,200_accepted_agenda_g9_having
201,"spent, money, demanded, examining, spirit",3,2022-07-24 05:20:00,201_money_funds_spent_guns
206,"quarter, giants, correcting, charges, profits",3,2022-07-24 05:20:00,206_quarter_credit_gas_incurred
207,"roll, simultaneous, tabled, refer, call",28,2022-07-24 05:20:00,207_roll_simultaneous_tabled_refer
209,"best, policies, these, policy, are",1,2022-07-24 05:20:00,209_policy_policies_plan_miss
212,"dwell, briefly, 14, billion, used",1,2022-07-24 05:20:00,212_billion_estimated_million_cost
214,"oral, carry, requested, authorisation, rapporteur",11,2022-07-24 05:20:00,214_oral_carry_authorisation_requested
215,"language, linguists, philosophers, languages, expresses",7,2022-07-24 05:20:00,215_language_languages_english_linguists
216,"accepted, comments, request, made, were",11,2022-07-24 05:20:00,216_accepted_comments_request_made
217,"proceed, shall, amendment, secret, vote",20,2022-07-24 05:20:00,217_proceed_shall_amendment_vote
218,"crisis, restriction, illustrated, monetary, insight",6,2022-07-24 05:20:00,218_crisis_economic_crises_economy
220,"amendments, amendment, clientele, diligence, disparities",6,2022-07-24 05:20:00,220_amendment_amendments_rejected_tabled
221,"representative, comment, rapporteur, agenda, rewording",3,2022-07-24 05:20:00,221_rapporteur_representative_comment_ag...
223,"approve, annex, doesn, followed, senate",5,2022-07-24 05:20:00,223_approve_annex_doesn_followed
225,"unfortunately, situation, are, reality, we",1,2022-07-24 05:20:00,225_reality_fantasy_situation_face
228,"rule, simultaneous, roll, refer, vote",13,2022-07-24 05:20:00,228_rule_roll_simultaneous_refer
229,"81, 5th, contrary, calandrini, bertoldi",19,2022-07-24 05:20:00,229_81_5th_contrary_requested
231,"straightforward, temporal, casini, easy, rightly",2,2022-07-24 05:20:00,231_easy_simple_stress_reconstruction
235,"presidents, schedule, proceedings, conference, 55",3,2022-07-24 05:20:00,235_presidents_proceedings_55_vice
237,"destined, 400, original, grow, reached",1,2022-07-24 05:20:00,237_000_no_2018_number
241,"113, pursuant, accepted, procedure, request",5,2022-07-24 05:20:00,241_pursuant_113_accepted_procedure
242,"competition, draft, pnrr, law, taxis",21,2022-07-24 05:20:00,242_competition_draft_law_pnrr
243,"craftsman, studio, simplifications, entrepreneur, flat",4,2022-07-24 05:20:00,243_changes_change_simplification_order
244,"freedom, interest, doesn, without, being",1,2022-07-24 05:20:00,244_freedom_free_freedoms_obstacle
245,"priorities, quote, seem, fundamental, me",1,2022-07-24 05:20:00,245_priorities_priority_stress_setting
249,"armed, forces, military, tasks, personnel",43,2022-07-24 05:20:00,249_armed_forces_military_tasks
251,"concentrate, speech, bathing, my, session",2,2022-07-24 05:20:00,251_speech_my_second_talk
253,"dissent, explanation, speak, group, ask",3,2022-07-24 05:20:00,253_dissent_explanation_group_speak
254,"floor, note, give, take, you",6,2022-07-24 05:20:00,254_floor_note_give_take
259,"virtuosos, inventions, innovative, favourable, recognition",3,2022-07-24 05:20:00,259_innovation_technology_solutions_rese...
262,"anthem, austria, corrected, song, mellow",1,2022-07-24 05:20:00,262_song_mellow_songs_lyrics
265,"text, favour, rewording, amendment, amendments",18,2022-07-24 05:20:00,265_text_favour_amendment_am
266,"debt, compatible, misspent, progressivity, diminishes",6,2022-07-24 05:20:00,266_debt_2026_collection_stop
267,"minutes, sitting, binetti, secretary, read",6,2022-07-24 05:20:00,267_minutes_sitting_secretary_giro
275,"rapporteur, call, therefore, rojc, fenu",7,2022-07-24 05:20:00,275_rapporteur_call_therefore_rojc
277,"won, name, anyone, wants, them",1,2022-07-24 05:20:00,277_list_lists_he_information
278,"rapporteur, agree, mr, president, with",10,2022-07-24 05:20:00,278_rapporteur_agree_mr_president
279,"succumb, installment, immediate, plans, action",1,2022-07-24 05:20:00,279_immediately_action_immediate_quickly
281,"irccs, research, clinical, translational, hospitalization",49,2022-07-24 05:20:00,281_irccs_research_clinical_translationa...
282,"procedure, rules, quorums, reform, senate",22,2022-07-24 05:20:00,282_procedure_rules_reform_constitutiona...
288,"expelled, join, group, granted, existing",1,2022-07-24 05:20:00,288_group_groups_stress_root
290,"explanation, speak, ask, vote, you",9,2022-07-24 05:20:00,290_explanation_speak_ask_vote
291,"umpteenth, disposal, currently, consideration, attention",1,2022-07-24 05:20:00,291_waste_disposal_recycling_garbage
293,"sitting, 113, star, electronic, inform",5,2022-07-24 05:20:00,293_sitting_113_star_electronic
295,"foundry, fiat, pollica, vassallo, administrator",2,2022-07-24 05:20:00,295_basilicata_coviello_romualdo_carrara
296,"beaches, small, entrepreneurs, cabins, scalp",7,2022-07-24 05:20:00,296_beaches_beach_bathing_concessions
299,"tomorrow, lvii, document, suspending, item",4,2022-07-24 05:20:00,299_item_tomorrow_document_decree
303,"welfare, champions, bad, force, did",2,2022-07-24 05:20:00,303_welfare_jobseekers_systems_system
304,"explanation, speak, ask, vote, you",4,2022-07-24 05:20:00,304_explanation_speak_ask_vote
305,"proudly, belong, west, future, side",1,2022-07-24 05:20:00,305_policy_defence_foreign_common
306,"gdp, davos, drag, istat, franco",4,2022-07-24 05:20:00,306_gdp_growth_percent_nadef
307,"excluded, remaining, amendment, amendments, therefore",8,2022-07-24 05:20:00,307_excluded_remaining_amendment_amendme...
308,"sacrifice, remember, reception, series, extraordinary",2,2022-07-24 05:20:00,308_nations_international_reactor_nation
310,"junta, juntas, expelled, immunity, configuration",16,2022-07-24 05:20:00,310_junta_juntas_configuration_parajuris...
313,"approve, annex, doesn, followed, senate",7,2022-07-24 05:20:00,313_approve_annex_doesn_followed
314,"serious, weren, problem, even, more",2,2022-07-24 05:20:00,314_serious_disinformers_seriousness_ser...
315,"democratic, favour, centre, announce, party",10,2022-07-24 05:20:00,315_democratic_favour_party_announce
318,"vaccination, uniformity, denouncing, campaign, salvation",2,2022-07-24 05:20:00,318_covid_vaccination_vaccinated_vaccine...
320,"denial, reformulate, sorry, effort, try",2,2022-07-24 05:20:00,320_weren_names_name_chats
322,"evaluated, services, terms, talk, same",1,2022-07-24 05:20:00,322_service_services_basic_user
323,"exceed, oecd, indirect, statistics, gross",1,2022-07-24 05:20:00,323_expenses_increase_increased_turnover
326,"transparency, transparent, reasoning, manner, respect",2,2022-07-24 05:20:00,326_transparency_transparent_155_epidemi...
327,"approve, doesn, annex, followed, senate",2,2022-07-24 05:20:00,327_approve_doesn_annex_followed
329,"am, against, 301, amendment, mr",3,2022-07-24 05:20:00,329_am_against_amendments_mr
330,"explanation, speak, ask, vote, you",5,2022-07-24 05:20:00,330_explanation_speak_ask_vote
333,"happy, operation, carried, being, out",1,2022-07-24 05:20:00,333_happy_joy_celebrate_celebrating
334,"amended, simultaneous, 120, refer, roll",10,2022-07-24 05:20:00,334_amended_simultaneous_120_refer
335,"improvement, balances, net, billion, forecasts",36,2022-07-24 05:20:00,335_balances_improvement_net_billion
338,"handed, requests, brief, documents, comment",1,2022-07-24 05:20:00,338_report_permission_written_text
339,"rapporteur, assent, opinion, gives, welcome",3,2022-07-24 05:20:00,339_rapporteur_opinion_assent_rapporteur...
340,"roll, ballot, simultaneous, refer, call",6,2022-07-24 05:20:00,340_roll_ballot_simultaneous_refer
341,"covid, expendable, outdated, sophisticated, convert",2,2022-07-24 05:20:00,341_covid_epidemic_19_decree
342,"proceed, shall, outcome, malfunction, alerted",5,2022-07-24 05:20:00,342_proceed_shall_split_vote
343,"colleagues, wish, thank, sincere, wholeheartedly",6,2022-07-24 05:20:00,343_thank_colleagues_thanks_sincere
345,"safeguard, elements, estate, social, country",1,2022-07-24 05:20:00,345_protection_surveillance_personal_pro...
346,"vat, necessities, purchasing, basic, letta",14,2022-07-24 05:20:00,346_vat_necessities_invoice_matches
347,"approve, annex, doesn, followed, senate",7,2022-07-24 05:20:00,347_approve_annex_doesn_followed
349,"item, draft, debate, 2682, next",5,2022-07-24 05:20:00,349_item_draft_debate_next
351,"runaways, zaffini, pulling, floor, zanda",1,2022-07-24 05:20:00,351_floor_zanda_zaffini_nugnes
354,"excise, charges, obtain, duties, cancelled",2,2022-07-24 05:20:00,354_excise_duties_fuels_vat
355,"explanations, hours, distribution, excluding, 2646",2,2022-07-24 05:20:00,355_excluding_explanations_distribution_...
357,"crushed, sized, medium, enterprises, credit",1,2022-07-24 05:20:00,357_sized_enterprises_medium_small
358,"explanation, speak, ask, vote, you",9,2022-07-24 05:20:00,358_explanation_speak_ask_vote
361,"liked, precious, losing, months, later",3,2022-07-24 05:20:00,361_liked_would_gotten_postamism
364,"approve, annex, doesn, followed, senate",7,2022-07-24 05:20:00,364_approve_annex_doesn_followed
366,"jubilee, salerno, railway, rome, realization",10,2022-07-24 05:20:00,366_mezzogiorno_railway_jubilee_rome
370,"credit, refunds, liquidity, resort, leads",1,2022-07-24 05:20:00,370_credit_loans_agent_creditors
372,"leaders, conference, timetable, proceedings, communicated",5,2022-07-24 05:20:00,372_leaders_conference_timetable_convene...
374,"bathing, concessions, maritime, stressing, property",2,2022-07-24 05:20:00,374_bathing_concessions_bolkestein_direc...
375,"staff, ageing, gradual, cassation, shortage",3,2022-07-24 05:20:00,375_staff_lack_shortage_specialized
377,"converting, approving, succeed, trust, decree",1,2022-07-24 05:20:00,377_conversion_posed_approval_trust
382,"almost, remember, something, forget, memory",1,2022-07-24 05:20:00,382_forget_remember_memory_forgotten
383,"g9, roll, ballot, senators, simultaneous",2,2022-07-24 05:20:00,383_roll_ballot_simultaneous_tabled
384,"roll, ballot, simultaneous, rule, refer",6,2022-07-24 05:20:00,384_roll_ballot_simultaneous_rule
385,"sardo, azione, partito, salvini, premier",5,2022-07-24 05:20:00,385_premier_salvini_sardo_azione
386,"roll, ballot, simultaneous, rule, refer",8,2022-07-24 05:20:00,386_roll_ballot_simultaneous_rule
387,"happiness, ban, festival, expect, high",1,2022-07-24 05:20:00,387_ban_bans_banned_restricted
388,"montevecchi, maiorino, courtesy, pillon, answering",3,2022-07-24 05:20:00,388_bertoldi_de_enlisted_speak
390,"hemicycle, govern, excuse, eighteen, part",1,2022-07-24 05:20:00,390_majority_eighteen_born_hemicycle
392,"commend, proposal, agree, course, only",1,2022-07-24 05:20:00,392_suggestions_suggestion_proposal_öse
393,"approve, annex, doesn, followed, senate",4,2022-07-24 05:20:00,393_approve_annex_doesn_followed
394,"opened, sitting, 16, 02, 33",4,2022-07-24 05:20:00,394_opened_sitting_16_35
395,"open, sitting, 05, 42, 33",3,2022-07-24 05:20:00,395_sitting_open_31_32
399,"expenditure, budget, savings, million, allowances",34,2022-07-24 05:20:00,399_expenditure_savings_budget_million
400,"approve, annex, doesn, followed, senate",6,2022-07-24 05:20:00,400_approve_annex_doesn_followed
403,"liked, simplifying, sudden, precious, surely",3,2022-07-24 05:20:00,403_liked_would_crisp_improvement
405,"citizenship, income, consignments, damaged, vat",2,2022-07-24 05:20:00,405_citizenship_income_demagogy_poverty
408,"upc, ai, alt, pr, pc",9,2022-07-24 05:20:00,408_pc_upc_ai_idv
409,"thirteen, consists, articles, article, chapters",1,2022-07-24 05:20:00,409_articles_consists_article_chapters
411,"tabling, deadline, timetable, relation, amendments",1,2022-07-24 05:20:00,411_tabling_amendments_deadline_relation
412,"back, house, mr, contribution, chamber",2,2022-07-24 05:20:00,412_back_house_am_mr
414,"registered, cantù, mantovani, she, speak",2,2022-07-24 05:20:00,414_registered_she_speak_cantù
415,"fibre, fiber, optics, optic, submarine",6,2022-07-24 05:20:00,415_fiber_optics_optic_opticization
416,"ecological, transition, pursuing, objectively, played",2,2022-07-24 05:20:00,416_ecological_transition_climate_sustai...
417,"step, starting, forward, point, clear",2,2022-07-24 05:20:00,417_step_bit_epochs_forward
418,"antagonists, susa, festival, procession, val",1,2022-07-24 05:20:00,418_festival_blues_pistoia_music
419,"approve, annex, doesn, followed, senate",5,2022-07-24 05:20:00,419_approve_annex_doesn_followed
420,"approve, annex, doesn, followed, senate",4,2022-07-24 05:20:00,420_approve_annex_doesn_followed
422,"intend, speak, representative, unavailable, openness",3,2022-07-24 05:20:00,422_intend_speak_representative_members
423,"item, deputies, draft, approved, debate",6,2022-07-24 05:20:00,423_item_deputies_draft_approved
428,"424, 236, repayment, loans, raise",1,2022-07-24 05:20:00,428_loan_million_loans_payments
434,"resilience, recovery, depends, goods, plan",2,2022-07-24 05:20:00,434_resilience_recovery_plan_national
436,"approve, annex, doesn, followed, senate",2,2022-07-24 05:20:00,436_approve_annex_doesn_followed
437,"nominal, ballot, simultaneous, refer, whole",6,2022-07-24 05:20:00,437_nominal_ballot_simultaneous_refer
443,"monitored, standards, quality, must, taken",1,2022-07-24 05:20:00,443_quality_monitoring_flexibility_contr...
444,"draghi, owls, hide, hid, behind",1,2022-07-24 05:20:00,444_draghi_italy_president_voice
445,"misto, ndc, nc, iac, quegliariello",5,2022-07-24 05:20:00,445_misto_nc_ndc_iac
447,"roll, ballot, simultaneous, rule, refer",6,2022-07-24 05:20:00,447_roll_ballot_simultaneous_rule
453,"approve, annex, doesn, followed, senate",7,2022-07-24 05:20:00,453_approve_annex_doesn_followed
456,"roll, ballot, simultaneous, rule, refer",5,2022-07-24 05:20:00,456_roll_ballot_simultaneous_rule
457,"comments, minutes, approved, were, since",4,2022-07-24 05:20:00,457_comments_minutes_approved_were
462,"expenditure, debt, def, gdp, reduction",4,2022-07-24 05:20:00,462_debt_gdp_2026_net
469,"interventions, number, therefore, there, intervention",1,2022-07-24 05:20:00,469_interventions_intervention_tension_m...
470,"81, 5th, calandrini, bertoldi, contrary",5,2022-07-24 05:20:00,470_5th_81_contrary_expressed
472,"decisions, nature, political, highest, part",1,2022-07-24 05:20:00,472_political_decision_politics_militari...
480,"incompatibility, profiles, obligations, entered, agreement",1,2022-07-24 05:20:00,480_profiles_incompatibility_obligations...
483,"explanation, speak, ask, vote, you",5,2022-07-24 05:20:00,483_explanation_speak_ask_vote
484,"lorefice, enlisted, speak, he, senator",1,2022-07-24 05:20:00,484_enlisted_speak_iannone_he
485,"unacceptable, pretend, remove, happened, nothing",1,2022-07-24 05:20:00,485_unacceptable_acceptable_situation_ok...
486,"conclude, shall, mr, president, should",2,2022-07-24 05:20:00,486_conclude_shall_mr_president
487,"5th, opinions, inform, standing, 1st",5,2022-07-24 05:20:00,487_5th_opinions_standing_1st
491,"god, situations, gonna, decision, fundamental",2,2022-07-24 05:20:00,491_choice_choices_decision_sealy
492,"soil, consumption, metastases, nutrients, fibers",7,2022-07-24 05:20:00,492_soil_soils_nutrients_consumption
494,"fatigued, mentality, legacy, reckless, experiments",3,2022-07-24 05:20:00,494_virus_italy_pandemic_charter
496,"simultaneous, tabled, text, refer, vote",6,2022-07-24 05:20:00,496_simultaneous_text_tabled_commissions
498,"text, tabled, simultaneous, refer, amendment",5,2022-07-24 05:20:00,498_tabled_commissions_simultaneous_text
499,"hydroelectric, derivations, redeployments, concessions, mountainous",2,2022-07-24 05:20:00,499_hydroelectric_concessions_renewal_de...
500,"dragons, dragon, toasted, frictions, accentuated",3,2022-07-24 05:20:00,500_dragons_dragon_disease_centrists
502,"golden, extended, power, cioffi, derivations",3,2022-07-24 05:20:00,502_golden_power_discipline_extended
503,"definitely, positive, balance, so, salami",1,2022-07-24 05:20:00,503_positive_salami_diminish_wrongdoing
504,"declined, difference, content, recognized, unless",2,2022-07-24 05:20:00,504_difference_indistinguishable_content...
508,"televisions, shoot, night, morning, movimento",1,2022-07-24 05:20:00,508_cinema_italian_cinemas_films
513,"witnessed, attack, many, casualties, civilian",1,2022-07-24 05:20:00,513_casualties_civilian_victims_deaths
515,"reinstated, dissension, minutes, deadline, declare",1,2022-07-24 05:20:00,515_minutes_explanations_five_allocated
522,"cables, excavation, tubes, infrastructure, techniques",1,2022-07-24 05:20:00,522_cables_cord_electrical_ground
525,"approve, annex, doesn, followed, senate",3,2022-07-24 05:20:00,525_approve_annex_doesn_followed
527,"nominal, simultaneous, tabled, text, refer",20,2022-07-24 05:20:00,527_nominal_simultaneous_tabled_text
530,"removing, 68, 67, piece, november",1,2022-07-24 05:20:00,530_68_constitution_article_applicabilit...
533,"covid, emergency, relatives, 31, march",3,2022-07-24 05:20:00,533_emergency_covid_31_march
539,"comments, minutes, approved, were, since",3,2022-07-24 05:20:00,539_comments_minutes_approved_were
541,"remaining, amendments, skip, set, additional",4,2022-07-24 05:20:00,541_remaining_amendments_foreclosed_set
543,"resources, disposal, enough, cover, problems",2,2022-07-24 05:20:00,543_resources_enough_infinite_resource
546,"alika, killed, died, camps, crutch",9,2022-07-24 05:20:00,546_camps_alika_died_concentration
550,"coadjutors, competitions, assistants, chapter, figures",1,2022-07-24 05:20:00,550_competitions_rankings_competition_in...
552,"representative, motion, resolution, tabled, opinion",1,2022-07-24 05:20:00,552_representative_motions_resolutions_o...
559,"accepts, agendas, recommendation, widely, accepting",2,2022-07-24 05:20:00,559_agendas_agenda_accepted_accepts
562,"approve, annex, doesn, followed, senate",4,2022-07-24 05:20:00,562_approve_annex_doesn_followed
564,"comment, amendments, representative, rapporteurs, rapporteur",2,2022-07-24 05:20:00,564_comment_representative_rapporteur_am...
569,"situations, expect, prevent, certain, do",1,2022-07-24 05:20:00,569_caution_careful_slippage_cautionary
570,"intense, hearing, allows, levels, six",1,2022-07-24 05:20:00,570_pathologists_speech_roma_asl
573,"declare, open, general, discussion, special",1,2022-07-24 05:20:00,573_declare_open_discussion_general
574,"voted, mistake, favour, vote, 2302",9,2022-07-24 05:20:00,574_voted_favour_mistake_vote
577,"china, challenger, quadrant, concentrate, asia",3,2022-07-24 05:20:00,577_china_chinese_aggressive_covid
578,"nominal, tabled, identical, granato, amendment",3,2022-07-24 05:20:00,578_nominal_tabled_identical_granato
588,"alitalia, ita, airways, company, managed",7,2022-07-24 05:20:00,588_ita_alitalia_airways_company
602,"ended, july, debate, 12, sitting",1,2022-07-24 05:20:00,602_declare_closed_debate_willingness
604,"pergreffi, enlisted, she, speak, senator",1,2022-07-24 05:20:00,604_enlisted_she_speak_pirro
611,"commissions, amendments, amended, text, voted",5,2022-07-24 05:20:00,611_text_modified_amending_amendments
613,"calandrini, deviation, corrected, real, said",1,2022-07-24 05:20:00,613_corrected_correct_correction_grammat...
620,"rapporteurs, roll, tabled, simultaneous, refer",11,2022-07-24 05:20:00,620_rapporteurs_tabled_roll_simultaneous
622,"administrator, finger, pointing, your, stand",1,2022-07-24 05:20:00,622_executives_managers_agents_managemen...
623,"examination, proceed, authors, shall, amendments",1,2022-07-24 05:20:00,623_examination_described_proceed_shall
625,"representative, call, government, stewards, texts",2,2022-07-24 05:20:00,625_representative_call_government_stewa...
629,"anymore, lose, won, otherwise, state",1,2022-07-24 05:20:00,629_state_cartelisation_demonize_anymore
630,"proposal, say, what, all, engagement",1,2022-07-24 05:20:00,630_proposal_engagement_submitted_forthi...
632,"amendments, against, am, mr, president",1,2022-07-24 05:20:00,632_amendments_against_am_mr
635,"falco, roll, ballot, russa, simultaneous",1,2022-07-24 05:20:00,635_russa_la_malan_roll
642,"02, mallegni, 15, following, 10",1,2022-07-24 05:20:00,642_10_buccarella_follow_11
643,"announce, rotolo, buccarella, undersigned, laforgia",1,2022-07-24 05:20:00,643_ecosolidal_announce_mixed_component
645,"lying, knowing, opposite, obviously, told",1,2022-07-24 05:20:00,645_lying_lies_fooled_deceive
648,"pellegrini, marco, pesco, 17, 28",2,2022-07-24 05:20:00,648_pellegrini_emanuele_sp_az
650,"materials, raw, dramatically, costs, iron",2,2022-07-24 05:20:00,650_materials_raw_difficulty_inevitably
652,"globalisation, globalization, regulated, chinese, phenomenon",5,2022-07-24 05:20:00,652_globalisation_globalization_phenomen...
653,"changed, 2012, safety, unfortunately, view",1,2022-07-24 05:20:00,653_safety_safe_safer_prevalent
656,"distributed, 5th, standing, presidency, published",2,2022-07-24 05:20:00,656_distributed_5th_standing_presidency
660,"uv, patt, aut, svp, unterberger",1,2022-07-24 05:20:00,660_patt_uv_aut_svp
663,"roll, ballot, simultaneous, rule, refer",2,2022-07-24 05:20:00,663_roll_ballot_simultaneous_rule
664,"eternity, smells, left, smell, your",1,2022-07-24 05:20:00,664_smell_urine_insecticides_preschooler...
667,"victims, derailments, connivances, complicity, closeness",2,2022-07-24 05:20:00,667_victims_mourning_closeness_pain
672,"white, delegate, employ, delegation, essentially",1,2022-07-24 05:20:00,672_delegation_white_exercised_delegates
675,"trani, mourns, andria, dambra, barletta",1,2022-07-24 05:20:00,675_disappearance_rognoni_loved_his
676,"corrective, achieved, balance, measures, positive",1,2022-07-24 05:20:00,676_measures_tailored_toolboxes_justifia...
678,"durnwalder, reading, gave, minutes, sitting",1,2022-07-24 05:20:00,678_durnwalder_reading_gave_minutes
679,"positioning, rational, homogeneous, networks, structures",1,2022-07-24 05:20:00,679_remote_care_distant_health
682,"armed, 244, precariousness, forces, paola",14,2022-07-24 05:20:00,682_armed_244_precariousness_forces
685,"garnet, enlisted, she, speak, rauti",1,2022-07-24 05:20:00,685_garnet_enlisted_rauti_she
693,"emerging, immediate, solutions, politics, stop",1,2022-07-24 05:20:00,693_trident_stubbornness_covid_decountin...
696,"facts, chronicle, minded, kinds, historical",2,2022-07-24 05:20:00,696_facts_dejected_eyes_chronicle
698,"81, 5th, x1, expressed, contrary",1,2022-07-24 05:20:00,698_81_5th_expressed_contrary
703,"allowance, single, universal, adult, underage",4,2022-07-24 05:20:00,703_allowance_universal_single_parent
-1,"disease, decree, aid, parliament, which",823,2022-08-22 02:40:00,-1_hospital_covid_stress_disease
0,"harshly, oceans, tackle, immense, america",3,2022-08-22 02:40:00,0_european_europe_union_nato
2,"gorbachev, russia, mikhail, disinvestment, ukraine",8,2022-08-22 02:40:00,2_ukraine_russia_russian_putin
3,"italy, italians, italian, brothers, overturned",33,2022-08-22 02:40:00,3_italy_italians_italian_brothers
5,"covid, forgot, looks, emergency, epidemic",1,2022-08-22 02:40:00,5_epidemic_covid_virus_pandemic
7,"energy, temperature, degrees, houses, painting",7,2022-08-22 02:40:00,7_energy_electricity_exchange_renewable
8,"liquidate, negligence, banks, vexatory, malice",2,2022-08-22 02:40:00,8_bank_banks_banking_office
9,"fishing, standstill, skip, resumption, resume",2,2022-08-22 02:40:00,9_fishing_fish_coastal_marine
10,"homework, polite, knot, tie, parameters",2,2022-08-22 02:40:00,10_minister_ministers_ministry_highest
11,"school, convince, teachers, teacher, 850",11,2022-08-22 02:40:00,11_school_education_students_teachers
12,"silly, utopia, prudent, conscientious, inspired",2,2022-08-22 02:40:00,12_bill_bills_articles_think
13,"deviation, budgetary, ambitious, spend, intend",3,2022-08-22 02:40:00,13_financial_budget_program_policy
14,"maid, mars, prudent, shopping, someone",2,2022-08-22 02:40:00,14_government_governments_trust_does
19,"approves, annex, followed, senate, see",50,2022-08-22 02:40:00,19_approves_annex_followed_senate
20,"water, drought, hydrogeological, theme, stromboli",10,2022-08-22 02:40:00,20_water_drought_irrigation_outflow
21,"tax, credits, repentance, brink, unlock",4,2022-08-22 02:40:00,21_tax_taxes_income_taxation
24,"points, two, want, make, just",1,2022-08-22 02:40:00,24_discussion_discuss_conversation_inter...
30,"thank, rapporteurs, commission, gratitude, colleagues",26,2022-08-22 02:40:00,30_thank_rapporteurs_commission_mr
31,"mr, president, offices, madam, speech",19,2022-08-22 02:40:00,31_mr_madam_president_speech
32,"impregnability, pensions, eur, pension, 750",3,2022-08-22 02:40:00,32_pension_fund_pensions_funds
34,"women, masculine, waged, protagonism, assert",3,2022-08-22 02:40:00,34_women_violence_men_perpetrators
35,"slanderous, enchantment, miracles, taps, threw",4,2022-08-22 02:40:00,35_election_elections_electoral_votes
36,"inflation, frosty, rationing, tranche, fearful",5,2022-08-22 02:40:00,36_inflation_rising_growth_prices
39,"explanation, speak, ask, vote, you",20,2022-08-22 02:40:00,39_explanation_speak_ask_vote
41,"her, she, woman, councillor, determination",14,2022-08-22 02:40:00,41_she_her_herself_ll
42,"grapes, sowing, harvest, farmers, fisheries",3,2022-08-22 02:40:00,42_farmers_agriculture_agricultural_prod...
46,"draghi, president, prerogatives, liquidated, tat",10,2022-08-22 02:40:00,46_draghi_president_your_mario
48,"parliament, parliamentary, interrupt, parliamentarians, scheming",15,2022-08-22 02:40:00,48_parliament_parliamentary_parliamentar...
49,"153, unequivocally, climate, scientists, planet",1,2022-08-22 02:40:00,49_climate_change_goals_climates
50,"belonged, opponents, passionate, loyal, style",1,2022-08-22 02:40:00,50_independence_party_left_green
51,"movimento, stars, star, movement, operated",19,2022-08-22 02:40:00,51_movimento_stars_star_movement
52,"masterplan, regenerating, develops, commissioner, urban",1,2022-08-22 02:40:00,52_municipalities_mayors_mayor_local
55,"yourselves, bargaining, workers, shame, voices",2,2022-08-22 02:40:00,55_labour_unions_labor_workers
57,"decree, aid, law, convert, conversion",18,2022-08-22 02:40:00,57_decree_law_conversion_aid
61,"retroports, flagship, deprived, tourism, prospects",2,2022-08-22 02:40:00,61_tourism_tourists_tourist_travel
62,"pnrr, ballast, 31, expires, commits",4,2022-08-22 02:40:00,62_pnrr_reform_reforms_objectives
68,"media, press, useful, solutions, thus",2,2022-08-22 02:40:00,68_media_radio_journalists_press
71,"wage, earn, olivetti, adriano, hourly",2,2022-08-22 02:40:00,71_wage_salary_pay_remuneration
73,"withdrawn, amendment, forwarded, amendments, file",3,2022-08-22 02:40:00,73_withdrawn_amendments_amendment_17
75,"his, he, him, passion, authentic",30,2022-08-22 02:40:00,75_his_he_him_man
77,"closed, debate, fdi, drago, president",11,2022-08-22 02:40:00,77_closed_debate_fdi_president
80,"diplomacy, peace, pope, root, resort",1,2022-08-22 02:40:00,80_peace_diplomacy_diplomatic_war
82,"ballot, tabled, simultaneous, refer, amendment",16,2022-08-22 02:40:00,82_ballot_tabled_simultaneous_refer
83,"testimony, 45, false, prison, evidence",1,2022-08-22 02:40:00,83_police_officers_enforcement_officer
86,"bloomberg, gas, tap, russia, russian",3,2022-08-22 02:40:00,86_gas_russia_russian_dependence
87,"30, extensions, 39, achievement, extension",3,2022-08-22 02:40:00,87_deadline_extended_extension_2022
89,"unjustly, prison, 45, feels, spending",1,2022-08-22 02:40:00,89_prison_prisons_prisoners_prisoner
90,"suspend, sitting, leaders, convene, resume",12,2022-08-22 02:40:00,90_suspend_sitting_resume_suspended
91,"undisciplined, standing, board, anyone, behind",1,2022-08-22 02:40:00,91_directors_director_board_management
93,"94, yeah, percent, almost, all",1,2022-08-22 02:40:00,93_percent_increase_ratio_60
96,"forza, italia, exaltation, credits, favour",10,2022-08-22 02:40:00,96_forza_italia_berlusconi_udc
98,"democracies, sees, spheres, democratic, democracy",2,2022-08-22 02:40:00,98_democracy_democracies_dictatorships_d...
100,"pirinoli, energy, plunge, dullness, launches",5,2022-08-22 02:40:00,100_italy_energy_italian_gas
112,"spring, complex, remember, months, last",1,2022-08-22 02:40:00,112_changed_gonna_turned_change
115,"unanswered, question, answers, remained, questions",3,2022-08-22 02:40:00,115_question_answers_answer_questions
126,"pagan, farsightedness, shortcuts, lessons, repeats",3,2022-08-22 02:40:00,126_history_learn_lesson_lessons
127,"favour, measure, greeting, renew, favorable",5,2022-08-22 02:40:00,127_favour_vote_measure_resolution
128,"politics, hearted, leitmotiv, noblest, dirty",8,2022-08-22 02:40:00,128_politics_political_stress_blackmail
131,"examination, proceed, shall, intended, described",13,2022-08-22 02:40:00,131_examination_proceed_invite_represent...
132,"superbonus, 110, bonuses, credits, bonus",25,2022-08-22 02:40:00,132_superbonus_110_bonuses_bonus
136,"dico, owe, unions, born, civil",1,2022-08-22 02:40:00,136_marriage_divorce_married_wedding
137,"amendment, withdraw, rewording, confirms, qualification",4,2022-08-22 02:40:00,137_withdraw_amendment_amendments_withdr...
141,"recognitions, appropriations, neighborhood, expired, carabinieri",1,2022-08-22 02:40:00,141_contracting_procurement_stations_con...
142,"responsibility, recur, deceived, distorting, dynamic",2,2022-08-22 02:40:00,142_responsibility_responsible_responsib...
146,"registered, speak, ferrero, mura, cattaneo",3,2022-08-22 02:40:00,146_registered_speak_senator_modena
147,"eur, billion, allocated, euros, extend",8,2022-08-22 02:40:00,147_eur_euros_allocated_billion
148,"slap, interpreted, shelter, experiencing, immediately",1,2022-08-22 02:40:00,148_emergency_emergencies_exceptional_91...
152,"trust, away, deal, let, go",1,2022-08-22 02:40:00,152_trust_broken_rebuild_glue
153,"resumed, suspended, sitting, 14, 12",7,2022-08-22 02:40:00,153_resumed_suspended_sitting_12
156,"reforms, adventurist, mirage, reform, complains",2,2022-08-22 02:40:00,156_reform_reforms_stress_majority
157,"agenda, mr, g11000, ciampollo, g34",8,2022-08-22 02:40:00,157_agenda_g1_favour_mr
158,"neatly, consequent, insist, speeches, dignity",1,2022-08-22 02:40:00,158_reminds_minute_speakers_speech
161,"enlisted, romani, perosino, speak, he",2,2022-08-22 02:40:00,161_enlisted_speak_he_senator
163,"colleagues, microphone, silence, volume, voice",7,2022-08-22 02:40:00,163_colleagues_silence_voice_volume
165,"castaldi, enlisted, heard, ve, seen",1,2022-08-22 02:40:00,165_enlisted_speak_senator_arrigoni
168,"session, agenda, meet, following, wednesday",2,2022-08-22 02:40:00,168_session_agenda_meet_following
171,"81, 5th, contrary, roll, requested",17,2022-08-22 02:40:00,171_81_5th_contrary_roll
172,"javazzi, masterpiece, palace, usual, professor",1,2022-08-22 02:40:00,172_parma_regio_teatro_verdi
175,"roll, causin, simultaneous, tabled, ballot",3,2022-08-22 02:40:00,175_roll_tabled_simultaneous_call
178,"mediation, projecting, distinguishing, mistrust, divisive",4,2022-08-22 02:40:00,178_solidarity_mediation_cohesion_togeth...
179,"constituent, pig, meat, values, seen",1,2022-08-22 02:40:00,179_council_office_president_adjective
183,"closed, sitting, 06, agenda, 09",4,2022-08-22 02:40:00,183_closed_sitting_agenda_see
186,"rapporteur, alfonso, call, pesco, chairing",7,2022-08-22 02:40:00,186_rapporteur_call_senator_alfonso
187,"documents, forwarded, questions, 34, motions",4,2022-08-22 02:40:00,187_documents_forwarded_questions_34
188,"presidency, authorise, accordingly, note, takes",2,2022-08-22 02:40:00,188_presidency_authorizes_authorise_note
189,"solves, solution, everything, uncertainty, solutions",1,2022-08-22 02:40:00,189_uncertainty_solutions_solved_solutio...
190,"absent, assignment, communications, leave, published",4,2022-08-22 02:40:00,190_absent_assignment_communications_lea...
193,"firmly, fishermen, opposed, farmers, against",2,2022-08-22 02:40:00,193_abstain_against_abstention_vote
195,"approve, annex, doesn, followed, senate",9,2022-08-22 02:40:00,195_approve_annex_doesn_followed
196,"biamonte, matteotti, viva, salvatore, buvette",4,2022-08-22 02:40:00,196_matteotti_giacomo_socialist_1924
197,"frauds, distortions, alarm, cent, exceed",1,2022-08-22 02:40:00,197_corruption_bribes_bribe_bribery
200,"accepted, agenda, having, put, g9",10,2022-08-22 02:40:00,200_accepted_agenda_g9_having
202,"graziella, maria, romana, gasperi, she",17,2022-08-22 02:40:00,202_romana_maria_gasperi_de
203,"graziella, pagano, sentences, belong, son",1,2022-08-22 02:40:00,203_giovanardi_renzi_68_giarrusso
206,"quarter, credit, incurred, charges, electricity",7,2022-08-22 02:40:00,206_quarter_credit_gas_incurred
207,"roll, simultaneous, tabled, refer, commissions",19,2022-08-22 02:40:00,207_roll_simultaneous_tabled_refer
209,"shared, effective, policy, an, which",1,2022-08-22 02:40:00,209_policy_policies_plan_miss
213,"catastrophic, scientists, warn, moral, humanity",1,2022-08-22 02:40:00,213_science_scientists_scientific_expert...
214,"oral, pesco, carry, requested, alfonso",3,2022-08-22 02:40:00,214_oral_carry_authorisation_requested
216,"accepted, comments, request, received, were",3,2022-08-22 02:40:00,216_accepted_comments_request_made
217,"proceed, shall, amendment, text, vote",9,2022-08-22 02:40:00,217_proceed_shall_amendment_vote
218,"terrible, crisis, light, taking, economic",1,2022-08-22 02:40:00,218_crisis_economic_crises_economy
220,"amendment, sal, amendments, rejected, ascertain",4,2022-08-22 02:40:00,220_amendment_amendments_rejected_tabled
221,"representative, rapporteurs, agenda, invite, rapporteur",9,2022-08-22 02:40:00,221_rapporteur_representative_comment_ag...
222,"summon, telling, rosary, me, you",1,2022-08-22 02:40:00,222_rosary_back_me_put
223,"approve, annex, doesn, followed, senate",10,2022-08-22 02:40:00,223_approve_annex_doesn_followed
228,"stabilization, insecure, rule, inps, call",1,2022-08-22 02:40:00,228_rule_roll_simultaneous_refer
229,"81, 5th, contrary, requested, gave",13,2022-08-22 02:40:00,229_81_5th_contrary_requested
233,"sanctions, agi, blatantly, denies, bloomberg",3,2022-08-22 02:40:00,233_sanctions_russia_oligarchs_against
234,"flood, generation, reopens, crafts, affections",4,2022-08-22 02:40:00,234_disasters_natural_disaster_earthquak...
235,"presidents, proceedings, 55, schedule, vice",3,2022-08-22 02:40:00,235_presidents_proceedings_55_vice
236,"ttf, gas, amsterdam, futures, price",6,2022-08-22 02:40:00,236_gas_ttf_price_dutch
241,"113, pursuant, accepted, procedure, request",2,2022-08-22 02:40:00,241_pursuant_113_accepted_procedure
247,"piero, angela, fascinating, explain, taught",1,2022-08-22 02:40:00,247_berlinguer_enrico_communist_sardinia...
253,"dissent, explanation, speak, group, ask",1,2022-08-22 02:40:00,253_dissent_explanation_group_speak
254,"floor, note, give, giving, take",2,2022-08-22 02:40:00,254_floor_note_give_take
265,"amendment, interoperable, internalise, multichannel, tridico",5,2022-08-22 02:40:00,265_text_favour_amendment_am
266,"stress, debt, finances, created, improvement",2,2022-08-22 02:40:00,266_debt_2026_collection_stop
267,"giro, minutes, sitting, montevecchi, september",2,2022-08-22 02:40:00,267_minutes_sitting_secretary_giro
269,"confections, pace, real, flavors, need",1,2022-08-22 02:40:00,269_flavors_flavor_taste_fruit
275,"rapporteur, call, therefore, rojc, fenu",1,2022-08-22 02:40:00,275_rapporteur_call_therefore_rojc
276,"chiesa, dalla, alberto, goldman, cossiga",2,2022-08-22 02:40:00,276_prosecutor_magistrates_court_rome
277,"list, regrets, diligent, occupied, shopping",1,2022-08-22 02:40:00,277_list_lists_he_information
278,"rapporteur, agree, mr, president, with",4,2022-08-22 02:40:00,278_rapporteur_agree_mr_president
279,"continuing, chapter, causes, disaster, removed",1,2022-08-22 02:40:00,279_immediately_action_immediate_quickly
282,"macro, reworded, mature, ceiling, 240",2,2022-08-22 02:40:00,282_procedure_rules_reform_constitutiona...
286,"prevention, prevent, happen, understand, disease",1,2022-08-22 02:40:00,286_disease_prevention_focusing_prevent
290,"explanation, speak, ask, vote, you",2,2022-08-22 02:40:00,290_explanation_speak_ask_vote
293,"sitting, 113, star, electronic, inform",2,2022-08-22 02:40:00,293_sitting_113_star_electronic
295,"niccolò, passion, alan, rognoni, extinguished",3,2022-08-22 02:40:00,295_basilicata_coviello_romualdo_carrara
299,"bis, reunited, lvii, referent, item",3,2022-08-22 02:40:00,299_item_tomorrow_document_decree
304,"explanation, speak, ask, vote, you",4,2022-08-22 02:40:00,304_explanation_speak_ask_vote
306,"forecasts, figures, compared, talking, know",1,2022-08-22 02:40:00,306_gdp_growth_percent_nadef
307,"excluded, remaining, amendment, conned, 38",5,2022-08-22 02:40:00,307_excluded_remaining_amendment_amendme...
309,"spending, robust, military, palliatives, sending",3,2022-08-22 02:40:00,309_spending_military_defence_billion
313,"approve, annex, doesn, followed, senate",2,2022-08-22 02:40:00,313_approve_annex_doesn_followed
315,"democratic, strive, favour, pd, supports",2,2022-08-22 02:40:00,315_democratic_favour_party_announce
316,"islands, smaller, example, think, island",1,2022-08-22 02:40:00,316_islands_island_western_beer
325,"price, gas, energy, reflected, closing",3,2022-08-22 02:40:00,325_energy_prices_price_gas
327,"approve, doesn, annex, followed, senate",4,2022-08-22 02:40:00,327_approve_doesn_annex_followed
329,"reject, amendments, am, against, amendment",2,2022-08-22 02:40:00,329_am_against_amendments_mr
330,"explanation, speak, ask, vote, you",2,2022-08-22 02:40:00,330_explanation_speak_ask_vote
333,"pleased, four, common, home, together",1,2022-08-22 02:40:00,333_happy_joy_celebrate_celebrating
334,"composed, nominal, amended, simultaneous, ballot",2,2022-08-22 02:40:00,334_amended_simultaneous_120_refer
338,"bore, report, favour, am, fellow",3,2022-08-22 02:40:00,338_report_permission_written_text
339,"assent, rapporteur, opinion, gives, accordance",2,2022-08-22 02:40:00,339_rapporteur_opinion_assent_rapporteur...
342,"proceed, shall, vote, now, split",1,2022-08-22 02:40:00,342_proceed_shall_split_vote
343,"colleagues, thank, congratulating, 5a, triple",7,2022-08-22 02:40:00,343_thank_colleagues_thanks_sincere
347,"approve, annex, doesn, followed, senate",1,2022-08-22 02:40:00,347_approve_annex_doesn_followed
349,"2685, item, draft, debate, next",3,2022-08-22 02:40:00,349_item_draft_debate_next
354,"u35, ismea, alleviate, excise, moratorium",1,2022-08-22 02:40:00,354_excise_duties_fuels_vat
355,"excluding, 2685, explanations, 115, distribution",2,2022-08-22 02:40:00,355_excluding_explanations_distribution_...
357,"sized, enterprises, medium, dragged, small",2,2022-08-22 02:40:00,357_sized_enterprises_medium_small
364,"approve, annex, doesn, followed, senate",5,2022-08-22 02:40:00,364_approve_annex_doesn_followed
365,"sustenance, 140, mainly, single, remain",1,2022-08-22 02:40:00,365_poverty_poor_poorer_refusing
366,"superstructures, connoisseur, fibers, landowner, subsoil",1,2022-08-22 02:40:00,366_mezzogiorno_railway_jubilee_rome
367,"citizenship, daily, income, know, much",1,2022-08-22 02:40:00,367_000_bucks_month_pay
371,"warrant, hands, putting, back, my",1,2022-08-22 02:40:00,371_warrant_frequency_permit_canceled
372,"convene, leaders, conference, 40, appropriate",2,2022-08-22 02:40:00,372_leaders_conference_timetable_convene...
376,"geological, mapping, hydrogeological, ending, alert",2,2022-08-22 02:40:00,376_geological_fire_sheets_mapping
378,"telling, talking, different, re, something",1,2022-08-22 02:40:00,378_talking_re_what_about
383,"roll, ballot, simultaneous, refer, g44",5,2022-08-22 02:40:00,383_roll_ballot_simultaneous_tabled
385,"premier, salvini, lega, autonomies, favour",3,2022-08-22 02:40:00,385_premier_salvini_sardo_azione
388,"bertoldi, gallone, de, invite, finish",2,2022-08-22 02:40:00,388_bertoldi_de_enlisted_speak
390,"propagandistic, disintegrating, turmoil, adventure, resolving",2,2022-08-22 02:40:00,390_majority_eighteen_born_hemicycle
391,"21st, shouldn, wrote, september, post",2,2022-08-22 02:40:00,391_march_dates_date_etrs
393,"approve, annex, doesn, followed, senate",3,2022-08-22 02:40:00,393_approve_annex_doesn_followed
394,"opened, sitting, 16, 09, 14",4,2022-08-22 02:40:00,394_opened_sitting_16_35
400,"approve, annex, doesn, followed, senate",5,2022-08-22 02:40:00,400_approve_annex_doesn_followed
403,"multiplier, proposing, bureaucracy, doors, ministries",2,2022-08-22 02:40:00,403_liked_would_crisp_improvement
405,"citizenship, mandatory, income, use, demagogy",1,2022-08-22 02:40:00,405_citizenship_income_demagogy_poverty
408,"upc, ai, alt, pc, pr",9,2022-08-22 02:40:00,408_pc_upc_ai_idv
409,"headlined, truth, article, articles, consists",1,2022-08-22 02:40:00,409_articles_consists_article_chapters
411,"panoramic, patent, windows, generate, amendments",1,2022-08-22 02:40:00,411_tabling_amendments_deadline_relation
414,"naturale, registered, she, speak, senator",1,2022-08-22 02:40:00,414_registered_she_speak_cantù
417,"tried, done, step, could, fact",1,2022-08-22 02:40:00,417_step_bit_epochs_forward
419,"approve, annex, doesn, followed, senate",2,2022-08-22 02:40:00,419_approve_annex_doesn_followed
420,"approve, annex, doesn, followed, senate",3,2022-08-22 02:40:00,420_approve_annex_doesn_followed
436,"approve, annex, doesn, followed, senate",3,2022-08-22 02:40:00,436_approve_annex_doesn_followed
445,"misto, prc, pap, se, nugnes",2,2022-08-22 02:40:00,445_misto_nc_ndc_iac
453,"approve, annex, doesn, followed, senate",2,2022-08-22 02:40:00,453_approve_annex_doesn_followed
457,"comments, minutes, approved, were, since",3,2022-08-22 02:40:00,457_comments_minutes_approved_were
458,"brink, saving, failure, thousands, day",1,2022-08-22 02:40:00,458_day_stress_homophobia_celebrated
461,"cents, positively, spain, fuels, surprised",1,2022-08-22 02:40:00,461_litre_petrol_diesel_per
463,"intend, reply, intervene, representative, speakers",2,2022-08-22 02:40:00,463_intend_representative_intervene_repl...
466,"euphemism, stimulate, please, comments, use",1,2022-08-22 02:40:00,466_word_acronym_words_used
470,"81, 5th, expressed, contrary, constitution",7,2022-08-22 02:40:00,470_5th_81_contrary_expressed
483,"explanation, speak, ask, vote, you",1,2022-08-22 02:40:00,483_explanation_speak_ask_vote
484,"lanzi, enlisted, speak, he, senator",1,2022-08-22 02:40:00,484_enlisted_speak_iannone_he
486,"conclude, shall, mr, president, mildly",2,2022-08-22 02:40:00,486_conclude_shall_mr_president
487,"distributing, 5th, opinions, inform, standing",2,2022-08-22 02:40:00,487_5th_opinions_standing_1st
491,"guys, mess, easily, around, keep",1,2022-08-22 02:40:00,491_choice_choices_decision_sealy
496,"commissions, text, simultaneous, tabled, refer",13,2022-08-22 02:40:00,496_simultaneous_text_tabled_commissions
498,"commissions, tabled, simultaneous, text, refer",12,2022-08-22 02:40:00,498_tabled_commissions_simultaneous_text
500,"disease, dragons, executioners, afflicted, lovers",1,2022-08-22 02:40:00,500_dragons_dragon_disease_centrists
515,"minutes, explanations, five, allocated, ten",10,2022-08-22 02:40:00,515_minutes_explanations_five_allocated
525,"approve, annex, doesn, followed, senate",5,2022-08-22 02:40:00,525_approve_annex_doesn_followed
530,"thanks, amendment, its, 68, our",1,2022-08-22 02:40:00,530_68_constitution_article_applicabilit...
538,"honored, respect, own, could, honor",1,2022-08-22 02:40:00,538_respect_honor_responds_disguised
539,"comments, minutes, approved, were, since",1,2022-08-22 02:40:00,539_comments_minutes_approved_were
541,"file, included, numbers, amendment, understand",1,2022-08-22 02:40:00,541_remaining_amendments_foreclosed_set
552,"representative, motion, resolution, tabled, opinion",1,2022-08-22 02:40:00,552_representative_motions_resolutions_o...
562,"approve, annex, doesn, followed, senate",3,2022-08-22 02:40:00,562_approve_annex_doesn_followed
564,"nullaosta, comment, rapporteurs, representative, curious",1,2022-08-22 02:40:00,564_comment_representative_rapporteur_am...
573,"declare, open, general, discussion, special",2,2022-08-22 02:40:00,573_declare_open_discussion_general
574,"abstained, mistake, 42, absolute, favour",2,2022-08-22 02:40:00,574_voted_favour_mistake_vote
576,"drought, particular, categories, speaking, farmers",1,2022-08-22 02:40:00,576_agriculture_vallardi_colleagues_unan...
588,"ita, alitalia, airways, certares, iri",3,2022-08-22 02:40:00,588_ita_alitalia_airways_company
589,"changed, thousands, lives, history, union",1,2022-08-22 02:40:00,589_parliament_european_he_his
623,"examination, described, proceed, shall, amendments",17,2022-08-22 02:40:00,623_examination_described_proceed_shall
660,"uv, patt, aut, svp, cattaneo",1,2022-08-22 02:40:00,660_patt_uv_aut_svp
667,"pain, names, mud, condolences, families",3,2022-08-22 02:40:00,667_victims_mourning_closeness_pain
675,"rognoni, disappearance, virginio, dispense, niccolò",3,2022-08-22 02:40:00,675_disappearance_rognoni_loved_his
676,"negative, measures, ourselves, enough, answer",1,2022-08-22 02:40:00,676_measures_tailored_toolboxes_justifia...
678,"durnwalder, reading, gave, minutes, sitting",2,2022-08-22 02:40:00,678_durnwalder_reading_gave_minutes
698,"81, expressed, 5th, constitution, contrary",3,2022-08-22 02:40:00,698_81_5th_expressed_contrary
